2024-07-03 07:30:50 - INFO [main] c.e.market.MarketApplicationTests - Starting MarketApplicationTests using Java 17.0.11 with PID 963 (started by israeldaviddomingueztovar in /Users/israeldaviddomingueztovar/Documents/workspace-spring-tool-suite-4-4.22.0.RELEASE/market)
2024-07-03 07:30:50 - INFO [main] c.e.market.MarketApplicationTests - No active profile set, falling back to 1 default profile: "default"
2024-07-03 07:30:53 - INFO [main] o.s.d.r.c.RepositoryConfigurationDelegate - Multiple Spring Data modules found, entering strict repository configuration mode
2024-07-03 07:30:53 - INFO [main] o.s.d.r.c.RepositoryConfigurationDelegate - Bootstrapping Spring Data JDBC repositories in DEFAULT mode.
2024-07-03 07:30:53 - INFO [main] o.s.d.r.c.RepositoryConfigurationExtensionSupport - Spring Data JDBC - Could not safely identify store assignment for repository candidate interface com.emprendetech.market.repositorys.CajaRepository; If you want this repository to be a JDBC repository, consider annotating your entities with one of these annotations: org.springframework.data.relational.core.mapping.Table.
2024-07-03 07:30:53 - INFO [main] o.s.d.r.c.RepositoryConfigurationExtensionSupport - Spring Data JDBC - Could not safely identify store assignment for repository candidate interface com.emprendetech.market.repositorys.CategoriasRepository; If you want this repository to be a JDBC repository, consider annotating your entities with one of these annotations: org.springframework.data.relational.core.mapping.Table.
2024-07-03 07:30:53 - INFO [main] o.s.d.r.c.RepositoryConfigurationExtensionSupport - Spring Data JDBC - Could not safely identify store assignment for repository candidate interface com.emprendetech.market.repositorys.ClientesRepository; If you want this repository to be a JDBC repository, consider annotating your entities with one of these annotations: org.springframework.data.relational.core.mapping.Table.
2024-07-03 07:30:53 - INFO [main] o.s.d.r.c.RepositoryConfigurationExtensionSupport - Spring Data JDBC - Could not safely identify store assignment for repository candidate interface com.emprendetech.market.repositorys.DetallespedidoRepository; If you want this repository to be a JDBC repository, consider annotating your entities with one of these annotations: org.springframework.data.relational.core.mapping.Table.
2024-07-03 07:30:53 - INFO [main] o.s.d.r.c.RepositoryConfigurationExtensionSupport - Spring Data JDBC - Could not safely identify store assignment for repository candidate interface com.emprendetech.market.repositorys.EmprendimientosRepository; If you want this repository to be a JDBC repository, consider annotating your entities with one of these annotations: org.springframework.data.relational.core.mapping.Table.
2024-07-03 07:30:53 - INFO [main] o.s.d.r.c.RepositoryConfigurationExtensionSupport - Spring Data JDBC - Could not safely identify store assignment for repository candidate interface com.emprendetech.market.repositorys.IngresosRepository; If you want this repository to be a JDBC repository, consider annotating your entities with one of these annotations: org.springframework.data.relational.core.mapping.Table.
2024-07-03 07:30:53 - INFO [main] o.s.d.r.c.RepositoryConfigurationExtensionSupport - Spring Data JDBC - Could not safely identify store assignment for repository candidate interface com.emprendetech.market.repositorys.MedidasRepository; If you want this repository to be a JDBC repository, consider annotating your entities with one of these annotations: org.springframework.data.relational.core.mapping.Table.
2024-07-03 07:30:53 - INFO [main] o.s.d.r.c.RepositoryConfigurationExtensionSupport - Spring Data JDBC - Could not safely identify store assignment for repository candidate interface com.emprendetech.market.repositorys.MetodospagoRepository; If you want this repository to be a JDBC repository, consider annotating your entities with one of these annotations: org.springframework.data.relational.core.mapping.Table.
2024-07-03 07:30:53 - INFO [main] o.s.d.r.c.RepositoryConfigurationExtensionSupport - Spring Data JDBC - Could not safely identify store assignment for repository candidate interface com.emprendetech.market.repositorys.PedidosRepository; If you want this repository to be a JDBC repository, consider annotating your entities with one of these annotations: org.springframework.data.relational.core.mapping.Table.
2024-07-03 07:30:53 - INFO [main] o.s.d.r.c.RepositoryConfigurationExtensionSupport - Spring Data JDBC - Could not safely identify store assignment for repository candidate interface com.emprendetech.market.repositorys.PerfilesRepository; If you want this repository to be a JDBC repository, consider annotating your entities with one of these annotations: org.springframework.data.relational.core.mapping.Table.
2024-07-03 07:30:53 - INFO [main] o.s.d.r.c.RepositoryConfigurationExtensionSupport - Spring Data JDBC - Could not safely identify store assignment for repository candidate interface com.emprendetech.market.repositorys.PermisosRepository; If you want this repository to be a JDBC repository, consider annotating your entities with one of these annotations: org.springframework.data.relational.core.mapping.Table.
2024-07-03 07:30:53 - INFO [main] o.s.d.r.c.RepositoryConfigurationExtensionSupport - Spring Data JDBC - Could not safely identify store assignment for repository candidate interface com.emprendetech.market.repositorys.PersonasRepository; If you want this repository to be a JDBC repository, consider annotating your entities with one of these annotations: org.springframework.data.relational.core.mapping.Table.
2024-07-03 07:30:53 - INFO [main] o.s.d.r.c.RepositoryConfigurationExtensionSupport - Spring Data JDBC - Could not safely identify store assignment for repository candidate interface com.emprendetech.market.repositorys.ProductosRepository; If you want this repository to be a JDBC repository, consider annotating your entities with one of these annotations: org.springframework.data.relational.core.mapping.Table.
2024-07-03 07:30:53 - INFO [main] o.s.d.r.c.RepositoryConfigurationExtensionSupport - Spring Data JDBC - Could not safely identify store assignment for repository candidate interface com.emprendetech.market.repositorys.ProductosunidadRepository; If you want this repository to be a JDBC repository, consider annotating your entities with one of these annotations: org.springframework.data.relational.core.mapping.Table.
2024-07-03 07:30:53 - INFO [main] o.s.d.r.c.RepositoryConfigurationExtensionSupport - Spring Data JDBC - Could not safely identify store assignment for repository candidate interface com.emprendetech.market.repositorys.RolesRepository; If you want this repository to be a JDBC repository, consider annotating your entities with one of these annotations: org.springframework.data.relational.core.mapping.Table.
2024-07-03 07:30:53 - INFO [main] o.s.d.r.c.RepositoryConfigurationExtensionSupport - Spring Data JDBC - Could not safely identify store assignment for repository candidate interface com.emprendetech.market.repositorys.RolpermisosRepository; If you want this repository to be a JDBC repository, consider annotating your entities with one of these annotations: org.springframework.data.relational.core.mapping.Table.
2024-07-03 07:30:53 - INFO [main] o.s.d.r.c.RepositoryConfigurationExtensionSupport - Spring Data JDBC - Could not safely identify store assignment for repository candidate interface com.emprendetech.market.repositorys.UsuarioRepository; If you want this repository to be a JDBC repository, consider annotating your entities with one of these annotations: org.springframework.data.relational.core.mapping.Table.
2024-07-03 07:30:53 - INFO [main] o.s.d.r.c.RepositoryConfigurationExtensionSupport - Spring Data JDBC - Could not safely identify store assignment for repository candidate interface com.emprendetech.market.repositorys.VentasRepository; If you want this repository to be a JDBC repository, consider annotating your entities with one of these annotations: org.springframework.data.relational.core.mapping.Table.
2024-07-03 07:30:53 - INFO [main] o.s.d.r.c.RepositoryConfigurationDelegate - Finished Spring Data repository scanning in 116 ms. Found 0 JDBC repository interfaces.
2024-07-03 07:30:53 - INFO [main] o.s.d.r.c.RepositoryConfigurationDelegate - Multiple Spring Data modules found, entering strict repository configuration mode
2024-07-03 07:30:53 - INFO [main] o.s.d.r.c.RepositoryConfigurationDelegate - Bootstrapping Spring Data JPA repositories in DEFAULT mode.
2024-07-03 07:30:53 - INFO [main] o.s.d.r.c.RepositoryConfigurationDelegate - Finished Spring Data repository scanning in 131 ms. Found 18 JPA repository interfaces.
2024-07-03 07:30:54 - INFO [main] o.h.jpa.internal.util.LogHelper - HHH000204: Processing PersistenceUnitInfo [name: default]
2024-07-03 07:30:54 - INFO [main] org.hibernate.Version - HHH000412: Hibernate ORM core version 6.4.4.Final
2024-07-03 07:30:54 - INFO [main] o.h.c.i.RegionFactoryInitiator - HHH000026: Second-level cache disabled
2024-07-03 07:30:55 - INFO [main] o.s.o.j.p.SpringPersistenceUnitInfo - No LoadTimeWeaver setup: ignoring JPA class transformer
2024-07-03 07:30:55 - INFO [main] com.zaxxer.hikari.HikariDataSource - HikariPool-1 - Starting...
2024-07-03 07:30:56 - INFO [main] com.zaxxer.hikari.pool.HikariPool - HikariPool-1 - Added connection com.mysql.cj.jdbc.ConnectionImpl@7b1c501d
2024-07-03 07:30:56 - INFO [main] com.zaxxer.hikari.HikariDataSource - HikariPool-1 - Start completed.
2024-07-03 07:30:56 - WARN [main] org.hibernate.orm.deprecation - HHH90000025: MySQLDialect does not need to be specified explicitly using 'hibernate.dialect' (remove the property setting and it will be selected by default)
2024-07-03 07:30:58 - INFO [main] o.h.e.t.j.p.i.JtaPlatformInitiator - HHH000489: No JTA platform available (set 'hibernate.transaction.jta.platform' to enable JTA platform integration)
2024-07-03 07:30:58 - INFO [main] o.s.o.j.LocalContainerEntityManagerFactoryBean - Initialized JPA EntityManagerFactory for persistence unit 'default'
2024-07-03 07:30:59 - WARN [main] o.s.b.a.o.j.JpaBaseConfiguration$JpaWebConfiguration - spring.jpa.open-in-view is enabled by default. Therefore, database queries may be performed during view rendering. Explicitly configure spring.jpa.open-in-view to disable this warning
2024-07-03 07:31:00 - INFO [main] o.s.s.web.DefaultSecurityFilterChain - Will secure any request with [org.springframework.security.web.session.DisableEncodeUrlFilter@33c5e52f, org.springframework.security.web.context.request.async.WebAsyncManagerIntegrationFilter@74474fc0, org.springframework.security.web.context.SecurityContextHolderFilter@154fcedd, org.springframework.security.web.header.HeaderWriterFilter@85eabca, org.springframework.web.filter.CorsFilter@7cd239f6, org.springframework.security.web.authentication.logout.LogoutFilter@1d642682, com.emprendetech.market.security.jwtToken.service.JwtAuthFilter@4a15d5f5, org.springframework.security.web.savedrequest.RequestCacheAwareFilter@458500d1, org.springframework.security.web.servletapi.SecurityContextHolderAwareRequestFilter@59cbeaee, org.springframework.security.web.authentication.AnonymousAuthenticationFilter@5ba7391b, org.springframework.security.web.session.SessionManagementFilter@35129b9e, org.springframework.security.web.access.ExceptionTranslationFilter@3a5244a1, org.springframework.security.web.access.intercept.AuthorizationFilter@130a99fe]
2024-07-03 07:31:00 - INFO [main] o.s.s.web.DefaultSecurityFilterChain - Will secure any request with [org.springframework.security.web.session.DisableEncodeUrlFilter@21bf1b1f, org.springframework.security.web.context.request.async.WebAsyncManagerIntegrationFilter@2b33e616, org.springframework.security.web.context.SecurityContextHolderFilter@6f915016, org.springframework.security.web.header.HeaderWriterFilter@690113f0, org.springframework.web.filter.CorsFilter@c1d9c40, org.springframework.security.web.authentication.logout.LogoutFilter@3ed1446c, com.emprendetech.market.security.AuthenticationFilter@79e3f444, org.springframework.security.web.authentication.www.BasicAuthenticationFilter@175c4ae5, org.springframework.security.web.savedrequest.RequestCacheAwareFilter@533165e7, org.springframework.security.web.servletapi.SecurityContextHolderAwareRequestFilter@324e62e2, org.springframework.security.web.authentication.AnonymousAuthenticationFilter@205d6f84, org.springframework.security.web.session.SessionManagementFilter@509e4d53, org.springframework.security.web.access.ExceptionTranslationFilter@70799ca7, org.springframework.security.web.access.intercept.AuthorizationFilter@54151d07]
2024-07-03 07:31:01 - INFO [main] c.e.market.MarketApplicationTests - Started MarketApplicationTests in 11.628 seconds (process running for 14.096)
2024-07-03 07:31:02 - INFO [SpringApplicationShutdownHook] o.s.o.j.LocalContainerEntityManagerFactoryBean - Closing JPA EntityManagerFactory for persistence unit 'default'
2024-07-03 07:31:02 - INFO [SpringApplicationShutdownHook] com.zaxxer.hikari.HikariDataSource - HikariPool-1 - Shutdown initiated...
2024-07-03 07:31:02 - INFO [SpringApplicationShutdownHook] com.zaxxer.hikari.HikariDataSource - HikariPool-1 - Shutdown completed.
2024-07-03 07:31:20 - INFO [main] c.e.market.MarketApplication - Starting MarketApplication using Java 17.0.11 with PID 983 (/Users/israeldaviddomingueztovar/Documents/workspace-spring-tool-suite-4-4.22.0.RELEASE/market/target/classes started by israeldaviddomingueztovar in /Users/israeldaviddomingueztovar/Documents/workspace-spring-tool-suite-4-4.22.0.RELEASE/market)
2024-07-03 07:31:20 - INFO [main] c.e.market.MarketApplication - No active profile set, falling back to 1 default profile: "default"
2024-07-03 07:31:22 - INFO [main] o.s.d.r.c.RepositoryConfigurationDelegate - Multiple Spring Data modules found, entering strict repository configuration mode
2024-07-03 07:31:22 - INFO [main] o.s.d.r.c.RepositoryConfigurationDelegate - Bootstrapping Spring Data JDBC repositories in DEFAULT mode.
2024-07-03 07:31:22 - INFO [main] o.s.d.r.c.RepositoryConfigurationExtensionSupport - Spring Data JDBC - Could not safely identify store assignment for repository candidate interface com.emprendetech.market.repositorys.CajaRepository; If you want this repository to be a JDBC repository, consider annotating your entities with one of these annotations: org.springframework.data.relational.core.mapping.Table.
2024-07-03 07:31:22 - INFO [main] o.s.d.r.c.RepositoryConfigurationExtensionSupport - Spring Data JDBC - Could not safely identify store assignment for repository candidate interface com.emprendetech.market.repositorys.CategoriasRepository; If you want this repository to be a JDBC repository, consider annotating your entities with one of these annotations: org.springframework.data.relational.core.mapping.Table.
2024-07-03 07:31:22 - INFO [main] o.s.d.r.c.RepositoryConfigurationExtensionSupport - Spring Data JDBC - Could not safely identify store assignment for repository candidate interface com.emprendetech.market.repositorys.ClientesRepository; If you want this repository to be a JDBC repository, consider annotating your entities with one of these annotations: org.springframework.data.relational.core.mapping.Table.
2024-07-03 07:31:22 - INFO [main] o.s.d.r.c.RepositoryConfigurationExtensionSupport - Spring Data JDBC - Could not safely identify store assignment for repository candidate interface com.emprendetech.market.repositorys.DetallespedidoRepository; If you want this repository to be a JDBC repository, consider annotating your entities with one of these annotations: org.springframework.data.relational.core.mapping.Table.
2024-07-03 07:31:22 - INFO [main] o.s.d.r.c.RepositoryConfigurationExtensionSupport - Spring Data JDBC - Could not safely identify store assignment for repository candidate interface com.emprendetech.market.repositorys.EmprendimientosRepository; If you want this repository to be a JDBC repository, consider annotating your entities with one of these annotations: org.springframework.data.relational.core.mapping.Table.
2024-07-03 07:31:22 - INFO [main] o.s.d.r.c.RepositoryConfigurationExtensionSupport - Spring Data JDBC - Could not safely identify store assignment for repository candidate interface com.emprendetech.market.repositorys.IngresosRepository; If you want this repository to be a JDBC repository, consider annotating your entities with one of these annotations: org.springframework.data.relational.core.mapping.Table.
2024-07-03 07:31:22 - INFO [main] o.s.d.r.c.RepositoryConfigurationExtensionSupport - Spring Data JDBC - Could not safely identify store assignment for repository candidate interface com.emprendetech.market.repositorys.MedidasRepository; If you want this repository to be a JDBC repository, consider annotating your entities with one of these annotations: org.springframework.data.relational.core.mapping.Table.
2024-07-03 07:31:22 - INFO [main] o.s.d.r.c.RepositoryConfigurationExtensionSupport - Spring Data JDBC - Could not safely identify store assignment for repository candidate interface com.emprendetech.market.repositorys.MetodospagoRepository; If you want this repository to be a JDBC repository, consider annotating your entities with one of these annotations: org.springframework.data.relational.core.mapping.Table.
2024-07-03 07:31:22 - INFO [main] o.s.d.r.c.RepositoryConfigurationExtensionSupport - Spring Data JDBC - Could not safely identify store assignment for repository candidate interface com.emprendetech.market.repositorys.PedidosRepository; If you want this repository to be a JDBC repository, consider annotating your entities with one of these annotations: org.springframework.data.relational.core.mapping.Table.
2024-07-03 07:31:22 - INFO [main] o.s.d.r.c.RepositoryConfigurationExtensionSupport - Spring Data JDBC - Could not safely identify store assignment for repository candidate interface com.emprendetech.market.repositorys.PerfilesRepository; If you want this repository to be a JDBC repository, consider annotating your entities with one of these annotations: org.springframework.data.relational.core.mapping.Table.
2024-07-03 07:31:22 - INFO [main] o.s.d.r.c.RepositoryConfigurationExtensionSupport - Spring Data JDBC - Could not safely identify store assignment for repository candidate interface com.emprendetech.market.repositorys.PermisosRepository; If you want this repository to be a JDBC repository, consider annotating your entities with one of these annotations: org.springframework.data.relational.core.mapping.Table.
2024-07-03 07:31:22 - INFO [main] o.s.d.r.c.RepositoryConfigurationExtensionSupport - Spring Data JDBC - Could not safely identify store assignment for repository candidate interface com.emprendetech.market.repositorys.PersonasRepository; If you want this repository to be a JDBC repository, consider annotating your entities with one of these annotations: org.springframework.data.relational.core.mapping.Table.
2024-07-03 07:31:22 - INFO [main] o.s.d.r.c.RepositoryConfigurationExtensionSupport - Spring Data JDBC - Could not safely identify store assignment for repository candidate interface com.emprendetech.market.repositorys.ProductosRepository; If you want this repository to be a JDBC repository, consider annotating your entities with one of these annotations: org.springframework.data.relational.core.mapping.Table.
2024-07-03 07:31:22 - INFO [main] o.s.d.r.c.RepositoryConfigurationExtensionSupport - Spring Data JDBC - Could not safely identify store assignment for repository candidate interface com.emprendetech.market.repositorys.ProductosunidadRepository; If you want this repository to be a JDBC repository, consider annotating your entities with one of these annotations: org.springframework.data.relational.core.mapping.Table.
2024-07-03 07:31:22 - INFO [main] o.s.d.r.c.RepositoryConfigurationExtensionSupport - Spring Data JDBC - Could not safely identify store assignment for repository candidate interface com.emprendetech.market.repositorys.RolesRepository; If you want this repository to be a JDBC repository, consider annotating your entities with one of these annotations: org.springframework.data.relational.core.mapping.Table.
2024-07-03 07:31:22 - INFO [main] o.s.d.r.c.RepositoryConfigurationExtensionSupport - Spring Data JDBC - Could not safely identify store assignment for repository candidate interface com.emprendetech.market.repositorys.RolpermisosRepository; If you want this repository to be a JDBC repository, consider annotating your entities with one of these annotations: org.springframework.data.relational.core.mapping.Table.
2024-07-03 07:31:22 - INFO [main] o.s.d.r.c.RepositoryConfigurationExtensionSupport - Spring Data JDBC - Could not safely identify store assignment for repository candidate interface com.emprendetech.market.repositorys.UsuarioRepository; If you want this repository to be a JDBC repository, consider annotating your entities with one of these annotations: org.springframework.data.relational.core.mapping.Table.
2024-07-03 07:31:22 - INFO [main] o.s.d.r.c.RepositoryConfigurationExtensionSupport - Spring Data JDBC - Could not safely identify store assignment for repository candidate interface com.emprendetech.market.repositorys.VentasRepository; If you want this repository to be a JDBC repository, consider annotating your entities with one of these annotations: org.springframework.data.relational.core.mapping.Table.
2024-07-03 07:31:22 - INFO [main] o.s.d.r.c.RepositoryConfigurationDelegate - Finished Spring Data repository scanning in 239 ms. Found 0 JDBC repository interfaces.
2024-07-03 07:31:22 - INFO [main] o.s.d.r.c.RepositoryConfigurationDelegate - Multiple Spring Data modules found, entering strict repository configuration mode
2024-07-03 07:31:22 - INFO [main] o.s.d.r.c.RepositoryConfigurationDelegate - Bootstrapping Spring Data JPA repositories in DEFAULT mode.
2024-07-03 07:31:23 - INFO [main] o.s.d.r.c.RepositoryConfigurationDelegate - Finished Spring Data repository scanning in 283 ms. Found 18 JPA repository interfaces.
2024-07-03 07:31:24 - INFO [main] o.s.b.w.e.tomcat.TomcatWebServer - Tomcat initialized with port 8080 (http)
2024-07-03 07:31:24 - INFO [main] o.a.catalina.core.StandardService - Starting service [Tomcat]
2024-07-03 07:31:24 - INFO [main] o.a.catalina.core.StandardEngine - Starting Servlet engine: [Apache Tomcat/10.1.20]
2024-07-03 07:31:24 - INFO [main] o.a.c.c.C.[Tomcat].[localhost].[/] - Initializing Spring embedded WebApplicationContext
2024-07-03 07:31:24 - INFO [main] o.s.b.w.s.c.ServletWebServerApplicationContext - Root WebApplicationContext: initialization completed in 3349 ms
2024-07-03 07:31:24 - INFO [main] o.h.jpa.internal.util.LogHelper - HHH000204: Processing PersistenceUnitInfo [name: default]
2024-07-03 07:31:24 - INFO [main] org.hibernate.Version - HHH000412: Hibernate ORM core version 6.4.4.Final
2024-07-03 07:31:24 - INFO [main] o.h.c.i.RegionFactoryInitiator - HHH000026: Second-level cache disabled
2024-07-03 07:31:25 - INFO [main] o.s.o.j.p.SpringPersistenceUnitInfo - No LoadTimeWeaver setup: ignoring JPA class transformer
2024-07-03 07:31:25 - INFO [main] com.zaxxer.hikari.HikariDataSource - HikariPool-1 - Starting...
2024-07-03 07:31:25 - INFO [main] com.zaxxer.hikari.pool.HikariPool - HikariPool-1 - Added connection com.mysql.cj.jdbc.ConnectionImpl@2abedbbd
2024-07-03 07:31:25 - INFO [main] com.zaxxer.hikari.HikariDataSource - HikariPool-1 - Start completed.
2024-07-03 07:31:25 - WARN [main] org.hibernate.orm.deprecation - HHH90000025: MySQLDialect does not need to be specified explicitly using 'hibernate.dialect' (remove the property setting and it will be selected by default)
2024-07-03 07:31:28 - INFO [main] o.h.e.t.j.p.i.JtaPlatformInitiator - HHH000489: No JTA platform available (set 'hibernate.transaction.jta.platform' to enable JTA platform integration)
2024-07-03 07:31:28 - INFO [main] o.s.o.j.LocalContainerEntityManagerFactoryBean - Initialized JPA EntityManagerFactory for persistence unit 'default'
2024-07-03 07:31:29 - WARN [main] o.s.b.a.o.j.JpaBaseConfiguration$JpaWebConfiguration - spring.jpa.open-in-view is enabled by default. Therefore, database queries may be performed during view rendering. Explicitly configure spring.jpa.open-in-view to disable this warning
2024-07-03 07:31:29 - INFO [main] o.s.s.web.DefaultSecurityFilterChain - Will secure any request with [org.springframework.security.web.session.DisableEncodeUrlFilter@322c70bc, org.springframework.security.web.context.request.async.WebAsyncManagerIntegrationFilter@3b24fb6f, org.springframework.security.web.context.SecurityContextHolderFilter@12e3cf1c, org.springframework.security.web.header.HeaderWriterFilter@39bd07fe, org.springframework.web.filter.CorsFilter@6ec9f664, org.springframework.security.web.authentication.logout.LogoutFilter@32dc895e, com.emprendetech.market.security.jwtToken.service.JwtAuthFilter@1e205025, org.springframework.security.web.savedrequest.RequestCacheAwareFilter@533a8540, org.springframework.security.web.servletapi.SecurityContextHolderAwareRequestFilter@24489d12, org.springframework.security.web.authentication.AnonymousAuthenticationFilter@4a304820, org.springframework.security.web.session.SessionManagementFilter@22781286, org.springframework.security.web.access.ExceptionTranslationFilter@5aa026e9, org.springframework.security.web.access.intercept.AuthorizationFilter@23e54c8a]
2024-07-03 07:31:29 - INFO [main] o.s.s.web.DefaultSecurityFilterChain - Will secure any request with [org.springframework.security.web.session.DisableEncodeUrlFilter@5379488c, org.springframework.security.web.context.request.async.WebAsyncManagerIntegrationFilter@744c16fb, org.springframework.security.web.context.SecurityContextHolderFilter@5481001f, org.springframework.security.web.header.HeaderWriterFilter@6d0fe80c, org.springframework.web.filter.CorsFilter@31e5d408, org.springframework.security.web.authentication.logout.LogoutFilter@236bb278, com.emprendetech.market.security.AuthenticationFilter@7aaf0f0a, org.springframework.security.web.authentication.www.BasicAuthenticationFilter@59e24c62, org.springframework.security.web.savedrequest.RequestCacheAwareFilter@5581e273, org.springframework.security.web.servletapi.SecurityContextHolderAwareRequestFilter@475c2f47, org.springframework.security.web.authentication.AnonymousAuthenticationFilter@638b05fb, org.springframework.security.web.session.SessionManagementFilter@5d414943, org.springframework.security.web.access.ExceptionTranslationFilter@4b094115, org.springframework.security.web.access.intercept.AuthorizationFilter@3eb29382]
2024-07-03 07:31:30 - INFO [main] o.s.b.w.e.tomcat.TomcatWebServer - Tomcat started on port 8080 (http) with context path ''
2024-07-03 07:31:30 - INFO [main] c.e.market.MarketApplication - Started MarketApplication in 10.686 seconds (process running for 17.367)
2024-07-03 07:31:55 - INFO [http-nio-8080-exec-1] o.a.c.c.C.[Tomcat].[localhost].[/] - Initializing Spring DispatcherServlet 'dispatcherServlet'
2024-07-03 07:31:55 - INFO [http-nio-8080-exec-1] o.s.web.servlet.DispatcherServlet - Initializing Servlet 'dispatcherServlet'
2024-07-03 07:31:55 - INFO [http-nio-8080-exec-1] o.s.web.servlet.DispatcherServlet - Completed initialization in 2 ms
2024-07-03 07:39:24 - INFO [main] c.e.market.MarketApplication - Starting MarketApplication using Java 17.0.11 with PID 1074 (/Users/israeldaviddomingueztovar/Documents/workspace-spring-tool-suite-4-4.22.0.RELEASE/market/target/classes started by israeldaviddomingueztovar in /Users/israeldaviddomingueztovar/Documents/workspace-spring-tool-suite-4-4.22.0.RELEASE/market)
2024-07-03 07:39:24 - INFO [main] c.e.market.MarketApplication - No active profile set, falling back to 1 default profile: "default"
2024-07-03 07:39:25 - INFO [main] o.s.d.r.c.RepositoryConfigurationDelegate - Multiple Spring Data modules found, entering strict repository configuration mode
2024-07-03 07:39:25 - INFO [main] o.s.d.r.c.RepositoryConfigurationDelegate - Bootstrapping Spring Data JDBC repositories in DEFAULT mode.
2024-07-03 07:39:25 - INFO [main] o.s.d.r.c.RepositoryConfigurationExtensionSupport - Spring Data JDBC - Could not safely identify store assignment for repository candidate interface com.emprendetech.market.repositorys.CajaRepository; If you want this repository to be a JDBC repository, consider annotating your entities with one of these annotations: org.springframework.data.relational.core.mapping.Table.
2024-07-03 07:39:25 - INFO [main] o.s.d.r.c.RepositoryConfigurationExtensionSupport - Spring Data JDBC - Could not safely identify store assignment for repository candidate interface com.emprendetech.market.repositorys.CategoriasRepository; If you want this repository to be a JDBC repository, consider annotating your entities with one of these annotations: org.springframework.data.relational.core.mapping.Table.
2024-07-03 07:39:25 - INFO [main] o.s.d.r.c.RepositoryConfigurationExtensionSupport - Spring Data JDBC - Could not safely identify store assignment for repository candidate interface com.emprendetech.market.repositorys.ClientesRepository; If you want this repository to be a JDBC repository, consider annotating your entities with one of these annotations: org.springframework.data.relational.core.mapping.Table.
2024-07-03 07:39:25 - INFO [main] o.s.d.r.c.RepositoryConfigurationExtensionSupport - Spring Data JDBC - Could not safely identify store assignment for repository candidate interface com.emprendetech.market.repositorys.DetallespedidoRepository; If you want this repository to be a JDBC repository, consider annotating your entities with one of these annotations: org.springframework.data.relational.core.mapping.Table.
2024-07-03 07:39:25 - INFO [main] o.s.d.r.c.RepositoryConfigurationExtensionSupport - Spring Data JDBC - Could not safely identify store assignment for repository candidate interface com.emprendetech.market.repositorys.EmprendimientosRepository; If you want this repository to be a JDBC repository, consider annotating your entities with one of these annotations: org.springframework.data.relational.core.mapping.Table.
2024-07-03 07:39:25 - INFO [main] o.s.d.r.c.RepositoryConfigurationExtensionSupport - Spring Data JDBC - Could not safely identify store assignment for repository candidate interface com.emprendetech.market.repositorys.IngresosRepository; If you want this repository to be a JDBC repository, consider annotating your entities with one of these annotations: org.springframework.data.relational.core.mapping.Table.
2024-07-03 07:39:25 - INFO [main] o.s.d.r.c.RepositoryConfigurationExtensionSupport - Spring Data JDBC - Could not safely identify store assignment for repository candidate interface com.emprendetech.market.repositorys.MedidasRepository; If you want this repository to be a JDBC repository, consider annotating your entities with one of these annotations: org.springframework.data.relational.core.mapping.Table.
2024-07-03 07:39:25 - INFO [main] o.s.d.r.c.RepositoryConfigurationExtensionSupport - Spring Data JDBC - Could not safely identify store assignment for repository candidate interface com.emprendetech.market.repositorys.MetodospagoRepository; If you want this repository to be a JDBC repository, consider annotating your entities with one of these annotations: org.springframework.data.relational.core.mapping.Table.
2024-07-03 07:39:25 - INFO [main] o.s.d.r.c.RepositoryConfigurationExtensionSupport - Spring Data JDBC - Could not safely identify store assignment for repository candidate interface com.emprendetech.market.repositorys.PedidosRepository; If you want this repository to be a JDBC repository, consider annotating your entities with one of these annotations: org.springframework.data.relational.core.mapping.Table.
2024-07-03 07:39:25 - INFO [main] o.s.d.r.c.RepositoryConfigurationExtensionSupport - Spring Data JDBC - Could not safely identify store assignment for repository candidate interface com.emprendetech.market.repositorys.PerfilesRepository; If you want this repository to be a JDBC repository, consider annotating your entities with one of these annotations: org.springframework.data.relational.core.mapping.Table.
2024-07-03 07:39:25 - INFO [main] o.s.d.r.c.RepositoryConfigurationExtensionSupport - Spring Data JDBC - Could not safely identify store assignment for repository candidate interface com.emprendetech.market.repositorys.PermisosRepository; If you want this repository to be a JDBC repository, consider annotating your entities with one of these annotations: org.springframework.data.relational.core.mapping.Table.
2024-07-03 07:39:25 - INFO [main] o.s.d.r.c.RepositoryConfigurationExtensionSupport - Spring Data JDBC - Could not safely identify store assignment for repository candidate interface com.emprendetech.market.repositorys.PersonasRepository; If you want this repository to be a JDBC repository, consider annotating your entities with one of these annotations: org.springframework.data.relational.core.mapping.Table.
2024-07-03 07:39:25 - INFO [main] o.s.d.r.c.RepositoryConfigurationExtensionSupport - Spring Data JDBC - Could not safely identify store assignment for repository candidate interface com.emprendetech.market.repositorys.ProductosRepository; If you want this repository to be a JDBC repository, consider annotating your entities with one of these annotations: org.springframework.data.relational.core.mapping.Table.
2024-07-03 07:39:25 - INFO [main] o.s.d.r.c.RepositoryConfigurationExtensionSupport - Spring Data JDBC - Could not safely identify store assignment for repository candidate interface com.emprendetech.market.repositorys.ProductosunidadRepository; If you want this repository to be a JDBC repository, consider annotating your entities with one of these annotations: org.springframework.data.relational.core.mapping.Table.
2024-07-03 07:39:25 - INFO [main] o.s.d.r.c.RepositoryConfigurationExtensionSupport - Spring Data JDBC - Could not safely identify store assignment for repository candidate interface com.emprendetech.market.repositorys.RolesRepository; If you want this repository to be a JDBC repository, consider annotating your entities with one of these annotations: org.springframework.data.relational.core.mapping.Table.
2024-07-03 07:39:25 - INFO [main] o.s.d.r.c.RepositoryConfigurationExtensionSupport - Spring Data JDBC - Could not safely identify store assignment for repository candidate interface com.emprendetech.market.repositorys.RolpermisosRepository; If you want this repository to be a JDBC repository, consider annotating your entities with one of these annotations: org.springframework.data.relational.core.mapping.Table.
2024-07-03 07:39:25 - INFO [main] o.s.d.r.c.RepositoryConfigurationExtensionSupport - Spring Data JDBC - Could not safely identify store assignment for repository candidate interface com.emprendetech.market.repositorys.UsuarioRepository; If you want this repository to be a JDBC repository, consider annotating your entities with one of these annotations: org.springframework.data.relational.core.mapping.Table.
2024-07-03 07:39:25 - INFO [main] o.s.d.r.c.RepositoryConfigurationExtensionSupport - Spring Data JDBC - Could not safely identify store assignment for repository candidate interface com.emprendetech.market.repositorys.VentasRepository; If you want this repository to be a JDBC repository, consider annotating your entities with one of these annotations: org.springframework.data.relational.core.mapping.Table.
2024-07-03 07:39:25 - INFO [main] o.s.d.r.c.RepositoryConfigurationDelegate - Finished Spring Data repository scanning in 86 ms. Found 0 JDBC repository interfaces.
2024-07-03 07:39:25 - INFO [main] o.s.d.r.c.RepositoryConfigurationDelegate - Multiple Spring Data modules found, entering strict repository configuration mode
2024-07-03 07:39:25 - INFO [main] o.s.d.r.c.RepositoryConfigurationDelegate - Bootstrapping Spring Data JPA repositories in DEFAULT mode.
2024-07-03 07:39:25 - INFO [main] o.s.d.r.c.RepositoryConfigurationDelegate - Finished Spring Data repository scanning in 86 ms. Found 18 JPA repository interfaces.
2024-07-03 07:39:26 - INFO [main] o.s.b.w.e.tomcat.TomcatWebServer - Tomcat initialized with port 8080 (http)
2024-07-03 07:39:26 - INFO [main] o.a.catalina.core.StandardService - Starting service [Tomcat]
2024-07-03 07:39:26 - INFO [main] o.a.catalina.core.StandardEngine - Starting Servlet engine: [Apache Tomcat/10.1.20]
2024-07-03 07:39:26 - INFO [main] o.a.c.c.C.[Tomcat].[localhost].[/] - Initializing Spring embedded WebApplicationContext
2024-07-03 07:39:26 - INFO [main] o.s.b.w.s.c.ServletWebServerApplicationContext - Root WebApplicationContext: initialization completed in 2109 ms
2024-07-03 07:39:26 - INFO [main] o.h.jpa.internal.util.LogHelper - HHH000204: Processing PersistenceUnitInfo [name: default]
2024-07-03 07:39:26 - INFO [main] org.hibernate.Version - HHH000412: Hibernate ORM core version 6.4.4.Final
2024-07-03 07:39:26 - INFO [main] o.h.c.i.RegionFactoryInitiator - HHH000026: Second-level cache disabled
2024-07-03 07:39:26 - INFO [main] o.s.o.j.p.SpringPersistenceUnitInfo - No LoadTimeWeaver setup: ignoring JPA class transformer
2024-07-03 07:39:26 - INFO [main] com.zaxxer.hikari.HikariDataSource - HikariPool-1 - Starting...
2024-07-03 07:39:27 - INFO [main] com.zaxxer.hikari.pool.HikariPool - HikariPool-1 - Added connection com.mysql.cj.jdbc.ConnectionImpl@7b332b23
2024-07-03 07:39:27 - INFO [main] com.zaxxer.hikari.HikariDataSource - HikariPool-1 - Start completed.
2024-07-03 07:39:27 - WARN [main] org.hibernate.orm.deprecation - HHH90000025: MySQLDialect does not need to be specified explicitly using 'hibernate.dialect' (remove the property setting and it will be selected by default)
2024-07-03 07:39:28 - INFO [main] o.h.e.t.j.p.i.JtaPlatformInitiator - HHH000489: No JTA platform available (set 'hibernate.transaction.jta.platform' to enable JTA platform integration)
2024-07-03 07:39:28 - INFO [main] o.s.o.j.LocalContainerEntityManagerFactoryBean - Initialized JPA EntityManagerFactory for persistence unit 'default'
2024-07-03 07:39:29 - WARN [main] o.s.b.a.o.j.JpaBaseConfiguration$JpaWebConfiguration - spring.jpa.open-in-view is enabled by default. Therefore, database queries may be performed during view rendering. Explicitly configure spring.jpa.open-in-view to disable this warning
2024-07-03 07:39:29 - INFO [main] o.s.s.web.DefaultSecurityFilterChain - Will secure any request with [org.springframework.security.web.session.DisableEncodeUrlFilter@42365c82, org.springframework.security.web.context.request.async.WebAsyncManagerIntegrationFilter@46c47690, org.springframework.security.web.context.SecurityContextHolderFilter@4e6c703a, org.springframework.security.web.header.HeaderWriterFilter@5a740449, org.springframework.web.filter.CorsFilter@5aa026e9, org.springframework.security.web.authentication.logout.LogoutFilter@67263db7, com.emprendetech.market.security.jwtToken.service.JwtAuthFilter@12bb8943, org.springframework.security.web.savedrequest.RequestCacheAwareFilter@282d1023, org.springframework.security.web.servletapi.SecurityContextHolderAwareRequestFilter@7d1b96b9, org.springframework.security.web.authentication.AnonymousAuthenticationFilter@499f9003, org.springframework.security.web.session.SessionManagementFilter@476a38d9, org.springframework.security.web.access.ExceptionTranslationFilter@6153aca1, org.springframework.security.web.access.intercept.AuthorizationFilter@1252d480]
2024-07-03 07:39:29 - INFO [main] o.s.s.web.DefaultSecurityFilterChain - Will secure any request with [org.springframework.security.web.session.DisableEncodeUrlFilter@7ab17cf, org.springframework.security.web.context.request.async.WebAsyncManagerIntegrationFilter@26f0ab88, org.springframework.security.web.context.SecurityContextHolderFilter@7bc46dde, org.springframework.security.web.header.HeaderWriterFilter@14acc33e, org.springframework.web.filter.CorsFilter@6e49863e, org.springframework.security.web.authentication.logout.LogoutFilter@62a78446, com.emprendetech.market.security.AuthenticationFilter@361b2995, org.springframework.security.web.authentication.www.BasicAuthenticationFilter@1b48784a, org.springframework.security.web.savedrequest.RequestCacheAwareFilter@409b1740, org.springframework.security.web.servletapi.SecurityContextHolderAwareRequestFilter@32dc895e, org.springframework.security.web.authentication.AnonymousAuthenticationFilter@69d145f6, org.springframework.security.web.session.SessionManagementFilter@6cbb79c3, org.springframework.security.web.access.ExceptionTranslationFilter@42af2977, org.springframework.security.web.access.intercept.AuthorizationFilter@33a0b857]
2024-07-03 07:39:30 - WARN [main] o.s.b.w.s.c.AnnotationConfigServletWebServerApplicationContext - Exception encountered during context initialization - cancelling refresh attempt: org.springframework.context.ApplicationContextException: Failed to start bean 'webServerStartStop'
2024-07-03 07:39:30 - INFO [main] o.s.o.j.LocalContainerEntityManagerFactoryBean - Closing JPA EntityManagerFactory for persistence unit 'default'
2024-07-03 07:39:30 - INFO [main] com.zaxxer.hikari.HikariDataSource - HikariPool-1 - Shutdown initiated...
2024-07-03 07:39:30 - INFO [main] com.zaxxer.hikari.HikariDataSource - HikariPool-1 - Shutdown completed.
2024-07-03 07:39:30 - INFO [main] o.s.b.a.l.ConditionEvaluationReportLogger - 

Error starting ApplicationContext. To display the condition evaluation report re-run your application with 'debug' enabled.
2024-07-03 07:39:30 - ERROR [main] o.s.b.d.LoggingFailureAnalysisReporter - 

***************************
APPLICATION FAILED TO START
***************************

Description:

Web server failed to start. Port 8080 was already in use.

Action:

Identify and stop the process that's listening on port 8080 or configure this application to listen on another port.

2024-07-03 07:39:36 - INFO [RMI TCP Connection(13)-127.0.0.1] o.s.b.a.SpringApplicationAdminMXBeanRegistrar$SpringApplicationAdmin - Application shutdown requested.
2024-07-03 07:39:36 - INFO [RMI TCP Connection(13)-127.0.0.1] o.s.o.j.LocalContainerEntityManagerFactoryBean - Closing JPA EntityManagerFactory for persistence unit 'default'
2024-07-03 07:39:36 - INFO [RMI TCP Connection(13)-127.0.0.1] com.zaxxer.hikari.HikariDataSource - HikariPool-1 - Shutdown initiated...
2024-07-03 07:39:36 - INFO [RMI TCP Connection(13)-127.0.0.1] com.zaxxer.hikari.HikariDataSource - HikariPool-1 - Shutdown completed.
2024-07-03 07:39:48 - INFO [main] c.e.market.MarketApplication - Starting MarketApplication using Java 17.0.11 with PID 1077 (/Users/israeldaviddomingueztovar/Documents/workspace-spring-tool-suite-4-4.22.0.RELEASE/market/target/classes started by israeldaviddomingueztovar in /Users/israeldaviddomingueztovar/Documents/workspace-spring-tool-suite-4-4.22.0.RELEASE/market)
2024-07-03 07:39:48 - INFO [main] c.e.market.MarketApplication - No active profile set, falling back to 1 default profile: "default"
2024-07-03 07:39:49 - INFO [main] o.s.d.r.c.RepositoryConfigurationDelegate - Multiple Spring Data modules found, entering strict repository configuration mode
2024-07-03 07:39:49 - INFO [main] o.s.d.r.c.RepositoryConfigurationDelegate - Bootstrapping Spring Data JDBC repositories in DEFAULT mode.
2024-07-03 07:39:49 - INFO [main] o.s.d.r.c.RepositoryConfigurationExtensionSupport - Spring Data JDBC - Could not safely identify store assignment for repository candidate interface com.emprendetech.market.repositorys.CajaRepository; If you want this repository to be a JDBC repository, consider annotating your entities with one of these annotations: org.springframework.data.relational.core.mapping.Table.
2024-07-03 07:39:49 - INFO [main] o.s.d.r.c.RepositoryConfigurationExtensionSupport - Spring Data JDBC - Could not safely identify store assignment for repository candidate interface com.emprendetech.market.repositorys.CategoriasRepository; If you want this repository to be a JDBC repository, consider annotating your entities with one of these annotations: org.springframework.data.relational.core.mapping.Table.
2024-07-03 07:39:49 - INFO [main] o.s.d.r.c.RepositoryConfigurationExtensionSupport - Spring Data JDBC - Could not safely identify store assignment for repository candidate interface com.emprendetech.market.repositorys.ClientesRepository; If you want this repository to be a JDBC repository, consider annotating your entities with one of these annotations: org.springframework.data.relational.core.mapping.Table.
2024-07-03 07:39:49 - INFO [main] o.s.d.r.c.RepositoryConfigurationExtensionSupport - Spring Data JDBC - Could not safely identify store assignment for repository candidate interface com.emprendetech.market.repositorys.DetallespedidoRepository; If you want this repository to be a JDBC repository, consider annotating your entities with one of these annotations: org.springframework.data.relational.core.mapping.Table.
2024-07-03 07:39:49 - INFO [main] o.s.d.r.c.RepositoryConfigurationExtensionSupport - Spring Data JDBC - Could not safely identify store assignment for repository candidate interface com.emprendetech.market.repositorys.EmprendimientosRepository; If you want this repository to be a JDBC repository, consider annotating your entities with one of these annotations: org.springframework.data.relational.core.mapping.Table.
2024-07-03 07:39:49 - INFO [main] o.s.d.r.c.RepositoryConfigurationExtensionSupport - Spring Data JDBC - Could not safely identify store assignment for repository candidate interface com.emprendetech.market.repositorys.IngresosRepository; If you want this repository to be a JDBC repository, consider annotating your entities with one of these annotations: org.springframework.data.relational.core.mapping.Table.
2024-07-03 07:39:49 - INFO [main] o.s.d.r.c.RepositoryConfigurationExtensionSupport - Spring Data JDBC - Could not safely identify store assignment for repository candidate interface com.emprendetech.market.repositorys.MedidasRepository; If you want this repository to be a JDBC repository, consider annotating your entities with one of these annotations: org.springframework.data.relational.core.mapping.Table.
2024-07-03 07:39:49 - INFO [main] o.s.d.r.c.RepositoryConfigurationExtensionSupport - Spring Data JDBC - Could not safely identify store assignment for repository candidate interface com.emprendetech.market.repositorys.MetodospagoRepository; If you want this repository to be a JDBC repository, consider annotating your entities with one of these annotations: org.springframework.data.relational.core.mapping.Table.
2024-07-03 07:39:49 - INFO [main] o.s.d.r.c.RepositoryConfigurationExtensionSupport - Spring Data JDBC - Could not safely identify store assignment for repository candidate interface com.emprendetech.market.repositorys.PedidosRepository; If you want this repository to be a JDBC repository, consider annotating your entities with one of these annotations: org.springframework.data.relational.core.mapping.Table.
2024-07-03 07:39:49 - INFO [main] o.s.d.r.c.RepositoryConfigurationExtensionSupport - Spring Data JDBC - Could not safely identify store assignment for repository candidate interface com.emprendetech.market.repositorys.PerfilesRepository; If you want this repository to be a JDBC repository, consider annotating your entities with one of these annotations: org.springframework.data.relational.core.mapping.Table.
2024-07-03 07:39:49 - INFO [main] o.s.d.r.c.RepositoryConfigurationExtensionSupport - Spring Data JDBC - Could not safely identify store assignment for repository candidate interface com.emprendetech.market.repositorys.PermisosRepository; If you want this repository to be a JDBC repository, consider annotating your entities with one of these annotations: org.springframework.data.relational.core.mapping.Table.
2024-07-03 07:39:49 - INFO [main] o.s.d.r.c.RepositoryConfigurationExtensionSupport - Spring Data JDBC - Could not safely identify store assignment for repository candidate interface com.emprendetech.market.repositorys.PersonasRepository; If you want this repository to be a JDBC repository, consider annotating your entities with one of these annotations: org.springframework.data.relational.core.mapping.Table.
2024-07-03 07:39:49 - INFO [main] o.s.d.r.c.RepositoryConfigurationExtensionSupport - Spring Data JDBC - Could not safely identify store assignment for repository candidate interface com.emprendetech.market.repositorys.ProductosRepository; If you want this repository to be a JDBC repository, consider annotating your entities with one of these annotations: org.springframework.data.relational.core.mapping.Table.
2024-07-03 07:39:49 - INFO [main] o.s.d.r.c.RepositoryConfigurationExtensionSupport - Spring Data JDBC - Could not safely identify store assignment for repository candidate interface com.emprendetech.market.repositorys.ProductosunidadRepository; If you want this repository to be a JDBC repository, consider annotating your entities with one of these annotations: org.springframework.data.relational.core.mapping.Table.
2024-07-03 07:39:49 - INFO [main] o.s.d.r.c.RepositoryConfigurationExtensionSupport - Spring Data JDBC - Could not safely identify store assignment for repository candidate interface com.emprendetech.market.repositorys.RolesRepository; If you want this repository to be a JDBC repository, consider annotating your entities with one of these annotations: org.springframework.data.relational.core.mapping.Table.
2024-07-03 07:39:49 - INFO [main] o.s.d.r.c.RepositoryConfigurationExtensionSupport - Spring Data JDBC - Could not safely identify store assignment for repository candidate interface com.emprendetech.market.repositorys.RolpermisosRepository; If you want this repository to be a JDBC repository, consider annotating your entities with one of these annotations: org.springframework.data.relational.core.mapping.Table.
2024-07-03 07:39:49 - INFO [main] o.s.d.r.c.RepositoryConfigurationExtensionSupport - Spring Data JDBC - Could not safely identify store assignment for repository candidate interface com.emprendetech.market.repositorys.UsuarioRepository; If you want this repository to be a JDBC repository, consider annotating your entities with one of these annotations: org.springframework.data.relational.core.mapping.Table.
2024-07-03 07:39:49 - INFO [main] o.s.d.r.c.RepositoryConfigurationExtensionSupport - Spring Data JDBC - Could not safely identify store assignment for repository candidate interface com.emprendetech.market.repositorys.VentasRepository; If you want this repository to be a JDBC repository, consider annotating your entities with one of these annotations: org.springframework.data.relational.core.mapping.Table.
2024-07-03 07:39:49 - INFO [main] o.s.d.r.c.RepositoryConfigurationDelegate - Finished Spring Data repository scanning in 85 ms. Found 0 JDBC repository interfaces.
2024-07-03 07:39:49 - INFO [main] o.s.d.r.c.RepositoryConfigurationDelegate - Multiple Spring Data modules found, entering strict repository configuration mode
2024-07-03 07:39:49 - INFO [main] o.s.d.r.c.RepositoryConfigurationDelegate - Bootstrapping Spring Data JPA repositories in DEFAULT mode.
2024-07-03 07:39:49 - INFO [main] o.s.d.r.c.RepositoryConfigurationDelegate - Finished Spring Data repository scanning in 118 ms. Found 18 JPA repository interfaces.
2024-07-03 07:39:50 - INFO [main] o.s.b.w.e.tomcat.TomcatWebServer - Tomcat initialized with port 8080 (http)
2024-07-03 07:39:50 - INFO [main] o.a.catalina.core.StandardService - Starting service [Tomcat]
2024-07-03 07:39:50 - INFO [main] o.a.catalina.core.StandardEngine - Starting Servlet engine: [Apache Tomcat/10.1.20]
2024-07-03 07:39:50 - INFO [main] o.a.c.c.C.[Tomcat].[localhost].[/] - Initializing Spring embedded WebApplicationContext
2024-07-03 07:39:50 - INFO [main] o.s.b.w.s.c.ServletWebServerApplicationContext - Root WebApplicationContext: initialization completed in 2024 ms
2024-07-03 07:39:50 - INFO [main] o.h.jpa.internal.util.LogHelper - HHH000204: Processing PersistenceUnitInfo [name: default]
2024-07-03 07:39:50 - INFO [main] org.hibernate.Version - HHH000412: Hibernate ORM core version 6.4.4.Final
2024-07-03 07:39:50 - INFO [main] o.h.c.i.RegionFactoryInitiator - HHH000026: Second-level cache disabled
2024-07-03 07:39:50 - INFO [main] o.s.o.j.p.SpringPersistenceUnitInfo - No LoadTimeWeaver setup: ignoring JPA class transformer
2024-07-03 07:39:50 - INFO [main] com.zaxxer.hikari.HikariDataSource - HikariPool-1 - Starting...
2024-07-03 07:39:51 - INFO [main] com.zaxxer.hikari.pool.HikariPool - HikariPool-1 - Added connection com.mysql.cj.jdbc.ConnectionImpl@2bb3f39e
2024-07-03 07:39:51 - INFO [main] com.zaxxer.hikari.HikariDataSource - HikariPool-1 - Start completed.
2024-07-03 07:39:51 - WARN [main] org.hibernate.orm.deprecation - HHH90000025: MySQLDialect does not need to be specified explicitly using 'hibernate.dialect' (remove the property setting and it will be selected by default)
2024-07-03 07:39:52 - INFO [main] o.h.e.t.j.p.i.JtaPlatformInitiator - HHH000489: No JTA platform available (set 'hibernate.transaction.jta.platform' to enable JTA platform integration)
2024-07-03 07:39:52 - INFO [main] o.s.o.j.LocalContainerEntityManagerFactoryBean - Initialized JPA EntityManagerFactory for persistence unit 'default'
2024-07-03 07:39:53 - WARN [main] o.s.b.a.o.j.JpaBaseConfiguration$JpaWebConfiguration - spring.jpa.open-in-view is enabled by default. Therefore, database queries may be performed during view rendering. Explicitly configure spring.jpa.open-in-view to disable this warning
2024-07-03 07:39:53 - INFO [main] o.s.s.web.DefaultSecurityFilterChain - Will secure any request with [org.springframework.security.web.session.DisableEncodeUrlFilter@693c7741, org.springframework.security.web.context.request.async.WebAsyncManagerIntegrationFilter@7d3b4646, org.springframework.security.web.context.SecurityContextHolderFilter@33ac7934, org.springframework.security.web.header.HeaderWriterFilter@9203db8, org.springframework.web.filter.CorsFilter@175c4ae5, org.springframework.security.web.authentication.logout.LogoutFilter@75eca6d8, com.emprendetech.market.security.jwtToken.service.JwtAuthFilter@4f0f56f5, org.springframework.security.web.savedrequest.RequestCacheAwareFilter@6f87bc6c, org.springframework.security.web.servletapi.SecurityContextHolderAwareRequestFilter@178f5b5b, org.springframework.security.web.authentication.AnonymousAuthenticationFilter@21bf1b1f, org.springframework.security.web.session.SessionManagementFilter@30b2d267, org.springframework.security.web.access.ExceptionTranslationFilter@5ba7391b, org.springframework.security.web.access.intercept.AuthorizationFilter@4a2bc71f]
2024-07-03 07:39:54 - INFO [main] o.s.s.web.DefaultSecurityFilterChain - Will secure any request with [org.springframework.security.web.session.DisableEncodeUrlFilter@55e75ce0, org.springframework.security.web.context.request.async.WebAsyncManagerIntegrationFilter@3325f17, org.springframework.security.web.context.SecurityContextHolderFilter@5dd79a57, org.springframework.security.web.header.HeaderWriterFilter@61868687, org.springframework.web.filter.CorsFilter@35e63d26, org.springframework.security.web.authentication.logout.LogoutFilter@15a87fbb, com.emprendetech.market.security.AuthenticationFilter@5d51203b, org.springframework.security.web.authentication.www.BasicAuthenticationFilter@b3c7c75, org.springframework.security.web.savedrequest.RequestCacheAwareFilter@40b7e68c, org.springframework.security.web.servletapi.SecurityContextHolderAwareRequestFilter@15d0f2a3, org.springframework.security.web.authentication.AnonymousAuthenticationFilter@32be672d, org.springframework.security.web.session.SessionManagementFilter@2122b4bd, org.springframework.security.web.access.ExceptionTranslationFilter@4b6ad2eb, org.springframework.security.web.access.intercept.AuthorizationFilter@a23b96b]
2024-07-03 07:39:54 - INFO [main] o.s.b.w.e.tomcat.TomcatWebServer - Tomcat started on port 8080 (http) with context path ''
2024-07-03 07:39:54 - INFO [main] c.e.market.MarketApplication - Started MarketApplication in 6.614 seconds (process running for 12.44)
2024-07-03 07:40:16 - INFO [http-nio-8080-exec-1] o.a.c.c.C.[Tomcat].[localhost].[/] - Initializing Spring DispatcherServlet 'dispatcherServlet'
2024-07-03 07:40:16 - INFO [http-nio-8080-exec-1] o.s.web.servlet.DispatcherServlet - Initializing Servlet 'dispatcherServlet'
2024-07-03 07:40:16 - INFO [http-nio-8080-exec-1] o.s.web.servlet.DispatcherServlet - Completed initialization in 2 ms
2024-07-03 07:48:25 - INFO [RMI TCP Connection(12)-127.0.0.1] o.s.b.a.SpringApplicationAdminMXBeanRegistrar$SpringApplicationAdmin - Application shutdown requested.
2024-07-03 07:48:25 - INFO [RMI TCP Connection(12)-127.0.0.1] o.s.o.j.LocalContainerEntityManagerFactoryBean - Closing JPA EntityManagerFactory for persistence unit 'default'
2024-07-03 07:48:25 - INFO [RMI TCP Connection(12)-127.0.0.1] com.zaxxer.hikari.HikariDataSource - HikariPool-1 - Shutdown initiated...
2024-07-03 07:48:25 - INFO [RMI TCP Connection(12)-127.0.0.1] com.zaxxer.hikari.HikariDataSource - HikariPool-1 - Shutdown completed.
2024-07-03 07:48:38 - INFO [main] c.e.market.MarketApplication - Starting MarketApplication using Java 17.0.11 with PID 1309 (/Users/israeldaviddomingueztovar/Documents/workspace-spring-tool-suite-4-4.22.0.RELEASE/market/target/classes started by israeldaviddomingueztovar in /Users/israeldaviddomingueztovar/Documents/workspace-spring-tool-suite-4-4.22.0.RELEASE/market)
2024-07-03 07:48:38 - INFO [main] c.e.market.MarketApplication - No active profile set, falling back to 1 default profile: "default"
2024-07-03 07:48:39 - INFO [main] o.s.d.r.c.RepositoryConfigurationDelegate - Multiple Spring Data modules found, entering strict repository configuration mode
2024-07-03 07:48:39 - INFO [main] o.s.d.r.c.RepositoryConfigurationDelegate - Bootstrapping Spring Data JDBC repositories in DEFAULT mode.
2024-07-03 07:48:39 - INFO [main] o.s.d.r.c.RepositoryConfigurationExtensionSupport - Spring Data JDBC - Could not safely identify store assignment for repository candidate interface com.emprendetech.market.repositorys.CajaRepository; If you want this repository to be a JDBC repository, consider annotating your entities with one of these annotations: org.springframework.data.relational.core.mapping.Table.
2024-07-03 07:48:39 - INFO [main] o.s.d.r.c.RepositoryConfigurationExtensionSupport - Spring Data JDBC - Could not safely identify store assignment for repository candidate interface com.emprendetech.market.repositorys.CategoriasRepository; If you want this repository to be a JDBC repository, consider annotating your entities with one of these annotations: org.springframework.data.relational.core.mapping.Table.
2024-07-03 07:48:39 - INFO [main] o.s.d.r.c.RepositoryConfigurationExtensionSupport - Spring Data JDBC - Could not safely identify store assignment for repository candidate interface com.emprendetech.market.repositorys.ClientesRepository; If you want this repository to be a JDBC repository, consider annotating your entities with one of these annotations: org.springframework.data.relational.core.mapping.Table.
2024-07-03 07:48:39 - INFO [main] o.s.d.r.c.RepositoryConfigurationExtensionSupport - Spring Data JDBC - Could not safely identify store assignment for repository candidate interface com.emprendetech.market.repositorys.DetallespedidoRepository; If you want this repository to be a JDBC repository, consider annotating your entities with one of these annotations: org.springframework.data.relational.core.mapping.Table.
2024-07-03 07:48:39 - INFO [main] o.s.d.r.c.RepositoryConfigurationExtensionSupport - Spring Data JDBC - Could not safely identify store assignment for repository candidate interface com.emprendetech.market.repositorys.EmprendimientosRepository; If you want this repository to be a JDBC repository, consider annotating your entities with one of these annotations: org.springframework.data.relational.core.mapping.Table.
2024-07-03 07:48:39 - INFO [main] o.s.d.r.c.RepositoryConfigurationExtensionSupport - Spring Data JDBC - Could not safely identify store assignment for repository candidate interface com.emprendetech.market.repositorys.IngresosRepository; If you want this repository to be a JDBC repository, consider annotating your entities with one of these annotations: org.springframework.data.relational.core.mapping.Table.
2024-07-03 07:48:39 - INFO [main] o.s.d.r.c.RepositoryConfigurationExtensionSupport - Spring Data JDBC - Could not safely identify store assignment for repository candidate interface com.emprendetech.market.repositorys.MedidasRepository; If you want this repository to be a JDBC repository, consider annotating your entities with one of these annotations: org.springframework.data.relational.core.mapping.Table.
2024-07-03 07:48:39 - INFO [main] o.s.d.r.c.RepositoryConfigurationExtensionSupport - Spring Data JDBC - Could not safely identify store assignment for repository candidate interface com.emprendetech.market.repositorys.MetodospagoRepository; If you want this repository to be a JDBC repository, consider annotating your entities with one of these annotations: org.springframework.data.relational.core.mapping.Table.
2024-07-03 07:48:39 - INFO [main] o.s.d.r.c.RepositoryConfigurationExtensionSupport - Spring Data JDBC - Could not safely identify store assignment for repository candidate interface com.emprendetech.market.repositorys.PedidosRepository; If you want this repository to be a JDBC repository, consider annotating your entities with one of these annotations: org.springframework.data.relational.core.mapping.Table.
2024-07-03 07:48:39 - INFO [main] o.s.d.r.c.RepositoryConfigurationExtensionSupport - Spring Data JDBC - Could not safely identify store assignment for repository candidate interface com.emprendetech.market.repositorys.PerfilesRepository; If you want this repository to be a JDBC repository, consider annotating your entities with one of these annotations: org.springframework.data.relational.core.mapping.Table.
2024-07-03 07:48:39 - INFO [main] o.s.d.r.c.RepositoryConfigurationExtensionSupport - Spring Data JDBC - Could not safely identify store assignment for repository candidate interface com.emprendetech.market.repositorys.PermisosRepository; If you want this repository to be a JDBC repository, consider annotating your entities with one of these annotations: org.springframework.data.relational.core.mapping.Table.
2024-07-03 07:48:39 - INFO [main] o.s.d.r.c.RepositoryConfigurationExtensionSupport - Spring Data JDBC - Could not safely identify store assignment for repository candidate interface com.emprendetech.market.repositorys.PersonasRepository; If you want this repository to be a JDBC repository, consider annotating your entities with one of these annotations: org.springframework.data.relational.core.mapping.Table.
2024-07-03 07:48:39 - INFO [main] o.s.d.r.c.RepositoryConfigurationExtensionSupport - Spring Data JDBC - Could not safely identify store assignment for repository candidate interface com.emprendetech.market.repositorys.ProductosRepository; If you want this repository to be a JDBC repository, consider annotating your entities with one of these annotations: org.springframework.data.relational.core.mapping.Table.
2024-07-03 07:48:39 - INFO [main] o.s.d.r.c.RepositoryConfigurationExtensionSupport - Spring Data JDBC - Could not safely identify store assignment for repository candidate interface com.emprendetech.market.repositorys.ProductosunidadRepository; If you want this repository to be a JDBC repository, consider annotating your entities with one of these annotations: org.springframework.data.relational.core.mapping.Table.
2024-07-03 07:48:39 - INFO [main] o.s.d.r.c.RepositoryConfigurationExtensionSupport - Spring Data JDBC - Could not safely identify store assignment for repository candidate interface com.emprendetech.market.repositorys.RolesRepository; If you want this repository to be a JDBC repository, consider annotating your entities with one of these annotations: org.springframework.data.relational.core.mapping.Table.
2024-07-03 07:48:39 - INFO [main] o.s.d.r.c.RepositoryConfigurationExtensionSupport - Spring Data JDBC - Could not safely identify store assignment for repository candidate interface com.emprendetech.market.repositorys.RolpermisosRepository; If you want this repository to be a JDBC repository, consider annotating your entities with one of these annotations: org.springframework.data.relational.core.mapping.Table.
2024-07-03 07:48:39 - INFO [main] o.s.d.r.c.RepositoryConfigurationExtensionSupport - Spring Data JDBC - Could not safely identify store assignment for repository candidate interface com.emprendetech.market.repositorys.UsuarioRepository; If you want this repository to be a JDBC repository, consider annotating your entities with one of these annotations: org.springframework.data.relational.core.mapping.Table.
2024-07-03 07:48:39 - INFO [main] o.s.d.r.c.RepositoryConfigurationExtensionSupport - Spring Data JDBC - Could not safely identify store assignment for repository candidate interface com.emprendetech.market.repositorys.VentasRepository; If you want this repository to be a JDBC repository, consider annotating your entities with one of these annotations: org.springframework.data.relational.core.mapping.Table.
2024-07-03 07:48:39 - INFO [main] o.s.d.r.c.RepositoryConfigurationDelegate - Finished Spring Data repository scanning in 82 ms. Found 0 JDBC repository interfaces.
2024-07-03 07:48:39 - INFO [main] o.s.d.r.c.RepositoryConfigurationDelegate - Multiple Spring Data modules found, entering strict repository configuration mode
2024-07-03 07:48:39 - INFO [main] o.s.d.r.c.RepositoryConfigurationDelegate - Bootstrapping Spring Data JPA repositories in DEFAULT mode.
2024-07-03 07:48:39 - INFO [main] o.s.d.r.c.RepositoryConfigurationDelegate - Finished Spring Data repository scanning in 86 ms. Found 18 JPA repository interfaces.
2024-07-03 07:48:40 - INFO [main] o.s.b.w.e.tomcat.TomcatWebServer - Tomcat initialized with port 8080 (http)
2024-07-03 07:48:40 - INFO [main] o.a.catalina.core.StandardService - Starting service [Tomcat]
2024-07-03 07:48:40 - INFO [main] o.a.catalina.core.StandardEngine - Starting Servlet engine: [Apache Tomcat/10.1.20]
2024-07-03 07:48:40 - INFO [main] o.a.c.c.C.[Tomcat].[localhost].[/] - Initializing Spring embedded WebApplicationContext
2024-07-03 07:48:40 - INFO [main] o.s.b.w.s.c.ServletWebServerApplicationContext - Root WebApplicationContext: initialization completed in 2084 ms
2024-07-03 07:48:40 - INFO [main] o.h.jpa.internal.util.LogHelper - HHH000204: Processing PersistenceUnitInfo [name: default]
2024-07-03 07:48:40 - INFO [main] org.hibernate.Version - HHH000412: Hibernate ORM core version 6.4.4.Final
2024-07-03 07:48:40 - INFO [main] o.h.c.i.RegionFactoryInitiator - HHH000026: Second-level cache disabled
2024-07-03 07:48:40 - INFO [main] o.s.o.j.p.SpringPersistenceUnitInfo - No LoadTimeWeaver setup: ignoring JPA class transformer
2024-07-03 07:48:40 - INFO [main] com.zaxxer.hikari.HikariDataSource - HikariPool-1 - Starting...
2024-07-03 07:48:41 - INFO [main] com.zaxxer.hikari.pool.HikariPool - HikariPool-1 - Added connection com.mysql.cj.jdbc.ConnectionImpl@11f3400c
2024-07-03 07:48:41 - INFO [main] com.zaxxer.hikari.HikariDataSource - HikariPool-1 - Start completed.
2024-07-03 07:48:41 - WARN [main] org.hibernate.orm.deprecation - HHH90000025: MySQLDialect does not need to be specified explicitly using 'hibernate.dialect' (remove the property setting and it will be selected by default)
2024-07-03 07:48:42 - INFO [main] o.h.e.t.j.p.i.JtaPlatformInitiator - HHH000489: No JTA platform available (set 'hibernate.transaction.jta.platform' to enable JTA platform integration)
2024-07-03 07:48:42 - INFO [main] o.s.o.j.LocalContainerEntityManagerFactoryBean - Initialized JPA EntityManagerFactory for persistence unit 'default'
2024-07-03 07:48:43 - WARN [main] o.s.b.a.o.j.JpaBaseConfiguration$JpaWebConfiguration - spring.jpa.open-in-view is enabled by default. Therefore, database queries may be performed during view rendering. Explicitly configure spring.jpa.open-in-view to disable this warning
2024-07-03 07:48:43 - INFO [main] o.s.s.web.DefaultSecurityFilterChain - Will secure any request with [org.springframework.security.web.session.DisableEncodeUrlFilter@4b6ad2eb, org.springframework.security.web.context.request.async.WebAsyncManagerIntegrationFilter@61868687, org.springframework.security.web.context.SecurityContextHolderFilter@2d2afbdf, org.springframework.security.web.header.HeaderWriterFilter@394a7390, org.springframework.web.filter.CorsFilter@2122b4bd, org.springframework.security.web.authentication.logout.LogoutFilter@5aa026e9, com.emprendetech.market.security.jwtToken.service.JwtAuthFilter@6edb093f, org.springframework.security.web.authentication.www.BasicAuthenticationFilter@7c1adb8a, org.springframework.security.web.savedrequest.RequestCacheAwareFilter@3ed1446c, org.springframework.security.web.servletapi.SecurityContextHolderAwareRequestFilter@2e9bff08, org.springframework.security.web.authentication.AnonymousAuthenticationFilter@5dd79a57, org.springframework.security.web.session.SessionManagementFilter@324e62e2, org.springframework.security.web.access.ExceptionTranslationFilter@7d1b96b9, org.springframework.security.web.access.intercept.AuthorizationFilter@22781286]
2024-07-03 07:48:44 - INFO [main] o.s.b.w.e.tomcat.TomcatWebServer - Tomcat started on port 8080 (http) with context path ''
2024-07-03 07:48:44 - INFO [main] c.e.market.MarketApplication - Started MarketApplication in 6.409 seconds (process running for 12.228)
2024-07-03 07:49:19 - INFO [http-nio-8080-exec-2] o.a.c.c.C.[Tomcat].[localhost].[/] - Initializing Spring DispatcherServlet 'dispatcherServlet'
2024-07-03 07:49:19 - INFO [http-nio-8080-exec-2] o.s.web.servlet.DispatcherServlet - Initializing Servlet 'dispatcherServlet'
2024-07-03 07:49:19 - INFO [http-nio-8080-exec-2] o.s.web.servlet.DispatcherServlet - Completed initialization in 4 ms
2024-07-03 07:49:19 - INFO [http-nio-8080-exec-2] c.e.m.s.j.service.JwtAuthFilter - llegue a JwtAuthFilter 
2024-07-03 07:49:19 - INFO [http-nio-8080-exec-2] c.e.m.s.j.service.JwtAuthFilter - llegue a JwtAuthFilter responde esto org.springframework.security.web.FilterChainProxy$VirtualFilterChain@762299b2
2024-07-03 07:50:21 - INFO [http-nio-8080-exec-4] c.e.m.s.j.service.JwtAuthFilter - llegue a JwtAuthFilter 
2024-07-03 07:50:21 - INFO [http-nio-8080-exec-4] c.e.m.s.j.service.JwtAuthFilter - llegue a JwtAuthFilter responde esto org.springframework.security.web.FilterChainProxy$VirtualFilterChain@64ae78cb
2024-07-03 07:50:24 - INFO [http-nio-8080-exec-6] c.e.m.s.j.service.JwtAuthFilter - llegue a JwtAuthFilter 
2024-07-03 07:50:24 - INFO [http-nio-8080-exec-6] c.e.m.s.j.service.JwtAuthFilter - llegue a JwtAuthFilter responde esto org.springframework.security.web.FilterChainProxy$VirtualFilterChain@71b6b350
2024-07-03 07:50:37 - INFO [http-nio-8080-exec-7] c.e.m.s.j.service.JwtAuthFilter - llegue a JwtAuthFilter 
2024-07-03 07:50:37 - INFO [http-nio-8080-exec-7] c.e.m.s.j.service.JwtAuthFilter - llegue a JwtAuthFilter responde esto org.springframework.security.web.FilterChainProxy$VirtualFilterChain@2408ec14
2024-07-03 07:50:40 - INFO [http-nio-8080-exec-8] c.e.m.s.j.service.JwtAuthFilter - llegue a JwtAuthFilter 
2024-07-03 07:50:40 - INFO [http-nio-8080-exec-8] c.e.m.s.j.service.JwtAuthFilter - llegue a JwtAuthFilter responde esto org.springframework.security.web.FilterChainProxy$VirtualFilterChain@1e78ebfc
2024-07-03 07:50:41 - INFO [http-nio-8080-exec-9] c.e.m.s.j.service.JwtAuthFilter - llegue a JwtAuthFilter 
2024-07-03 07:50:41 - INFO [http-nio-8080-exec-9] c.e.m.s.j.service.JwtAuthFilter - llegue a JwtAuthFilter responde esto org.springframework.security.web.FilterChainProxy$VirtualFilterChain@11ff47de
2024-07-03 07:50:42 - INFO [http-nio-8080-exec-10] c.e.m.s.j.service.JwtAuthFilter - llegue a JwtAuthFilter 
2024-07-03 07:50:42 - INFO [http-nio-8080-exec-10] c.e.m.s.j.service.JwtAuthFilter - llegue a JwtAuthFilter responde esto org.springframework.security.web.FilterChainProxy$VirtualFilterChain@317baa35
2024-07-03 07:50:43 - INFO [http-nio-8080-exec-1] c.e.m.s.j.service.JwtAuthFilter - llegue a JwtAuthFilter 
2024-07-03 07:50:43 - INFO [http-nio-8080-exec-1] c.e.m.s.j.service.JwtAuthFilter - llegue a JwtAuthFilter responde esto org.springframework.security.web.FilterChainProxy$VirtualFilterChain@762f9e6a
2024-07-03 08:23:43 - INFO [RMI TCP Connection(37)-127.0.0.1] o.s.b.a.SpringApplicationAdminMXBeanRegistrar$SpringApplicationAdmin - Application shutdown requested.
2024-07-03 08:23:44 - INFO [RMI TCP Connection(37)-127.0.0.1] o.s.o.j.LocalContainerEntityManagerFactoryBean - Closing JPA EntityManagerFactory for persistence unit 'default'
2024-07-03 08:23:44 - INFO [RMI TCP Connection(37)-127.0.0.1] com.zaxxer.hikari.HikariDataSource - HikariPool-1 - Shutdown initiated...
2024-07-03 08:23:44 - INFO [RMI TCP Connection(37)-127.0.0.1] com.zaxxer.hikari.HikariDataSource - HikariPool-1 - Shutdown completed.
2024-07-03 08:23:58 - INFO [main] c.e.market.MarketApplication - Starting MarketApplication using Java 17.0.11 with PID 1587 (/Users/israeldaviddomingueztovar/Documents/workspace-spring-tool-suite-4-4.22.0.RELEASE/market/target/classes started by israeldaviddomingueztovar in /Users/israeldaviddomingueztovar/Documents/workspace-spring-tool-suite-4-4.22.0.RELEASE/market)
2024-07-03 08:23:58 - INFO [main] c.e.market.MarketApplication - No active profile set, falling back to 1 default profile: "default"
2024-07-03 08:23:59 - INFO [main] o.s.d.r.c.RepositoryConfigurationDelegate - Multiple Spring Data modules found, entering strict repository configuration mode
2024-07-03 08:23:59 - INFO [main] o.s.d.r.c.RepositoryConfigurationDelegate - Bootstrapping Spring Data JDBC repositories in DEFAULT mode.
2024-07-03 08:23:59 - INFO [main] o.s.d.r.c.RepositoryConfigurationExtensionSupport - Spring Data JDBC - Could not safely identify store assignment for repository candidate interface com.emprendetech.market.repositorys.CajaRepository; If you want this repository to be a JDBC repository, consider annotating your entities with one of these annotations: org.springframework.data.relational.core.mapping.Table.
2024-07-03 08:23:59 - INFO [main] o.s.d.r.c.RepositoryConfigurationExtensionSupport - Spring Data JDBC - Could not safely identify store assignment for repository candidate interface com.emprendetech.market.repositorys.CategoriasRepository; If you want this repository to be a JDBC repository, consider annotating your entities with one of these annotations: org.springframework.data.relational.core.mapping.Table.
2024-07-03 08:23:59 - INFO [main] o.s.d.r.c.RepositoryConfigurationExtensionSupport - Spring Data JDBC - Could not safely identify store assignment for repository candidate interface com.emprendetech.market.repositorys.ClientesRepository; If you want this repository to be a JDBC repository, consider annotating your entities with one of these annotations: org.springframework.data.relational.core.mapping.Table.
2024-07-03 08:23:59 - INFO [main] o.s.d.r.c.RepositoryConfigurationExtensionSupport - Spring Data JDBC - Could not safely identify store assignment for repository candidate interface com.emprendetech.market.repositorys.DetallespedidoRepository; If you want this repository to be a JDBC repository, consider annotating your entities with one of these annotations: org.springframework.data.relational.core.mapping.Table.
2024-07-03 08:23:59 - INFO [main] o.s.d.r.c.RepositoryConfigurationExtensionSupport - Spring Data JDBC - Could not safely identify store assignment for repository candidate interface com.emprendetech.market.repositorys.EmprendimientosRepository; If you want this repository to be a JDBC repository, consider annotating your entities with one of these annotations: org.springframework.data.relational.core.mapping.Table.
2024-07-03 08:23:59 - INFO [main] o.s.d.r.c.RepositoryConfigurationExtensionSupport - Spring Data JDBC - Could not safely identify store assignment for repository candidate interface com.emprendetech.market.repositorys.IngresosRepository; If you want this repository to be a JDBC repository, consider annotating your entities with one of these annotations: org.springframework.data.relational.core.mapping.Table.
2024-07-03 08:23:59 - INFO [main] o.s.d.r.c.RepositoryConfigurationExtensionSupport - Spring Data JDBC - Could not safely identify store assignment for repository candidate interface com.emprendetech.market.repositorys.MedidasRepository; If you want this repository to be a JDBC repository, consider annotating your entities with one of these annotations: org.springframework.data.relational.core.mapping.Table.
2024-07-03 08:23:59 - INFO [main] o.s.d.r.c.RepositoryConfigurationExtensionSupport - Spring Data JDBC - Could not safely identify store assignment for repository candidate interface com.emprendetech.market.repositorys.MetodospagoRepository; If you want this repository to be a JDBC repository, consider annotating your entities with one of these annotations: org.springframework.data.relational.core.mapping.Table.
2024-07-03 08:23:59 - INFO [main] o.s.d.r.c.RepositoryConfigurationExtensionSupport - Spring Data JDBC - Could not safely identify store assignment for repository candidate interface com.emprendetech.market.repositorys.PedidosRepository; If you want this repository to be a JDBC repository, consider annotating your entities with one of these annotations: org.springframework.data.relational.core.mapping.Table.
2024-07-03 08:23:59 - INFO [main] o.s.d.r.c.RepositoryConfigurationExtensionSupport - Spring Data JDBC - Could not safely identify store assignment for repository candidate interface com.emprendetech.market.repositorys.PerfilesRepository; If you want this repository to be a JDBC repository, consider annotating your entities with one of these annotations: org.springframework.data.relational.core.mapping.Table.
2024-07-03 08:23:59 - INFO [main] o.s.d.r.c.RepositoryConfigurationExtensionSupport - Spring Data JDBC - Could not safely identify store assignment for repository candidate interface com.emprendetech.market.repositorys.PermisosRepository; If you want this repository to be a JDBC repository, consider annotating your entities with one of these annotations: org.springframework.data.relational.core.mapping.Table.
2024-07-03 08:23:59 - INFO [main] o.s.d.r.c.RepositoryConfigurationExtensionSupport - Spring Data JDBC - Could not safely identify store assignment for repository candidate interface com.emprendetech.market.repositorys.PersonasRepository; If you want this repository to be a JDBC repository, consider annotating your entities with one of these annotations: org.springframework.data.relational.core.mapping.Table.
2024-07-03 08:23:59 - INFO [main] o.s.d.r.c.RepositoryConfigurationExtensionSupport - Spring Data JDBC - Could not safely identify store assignment for repository candidate interface com.emprendetech.market.repositorys.ProductosRepository; If you want this repository to be a JDBC repository, consider annotating your entities with one of these annotations: org.springframework.data.relational.core.mapping.Table.
2024-07-03 08:23:59 - INFO [main] o.s.d.r.c.RepositoryConfigurationExtensionSupport - Spring Data JDBC - Could not safely identify store assignment for repository candidate interface com.emprendetech.market.repositorys.ProductosunidadRepository; If you want this repository to be a JDBC repository, consider annotating your entities with one of these annotations: org.springframework.data.relational.core.mapping.Table.
2024-07-03 08:23:59 - INFO [main] o.s.d.r.c.RepositoryConfigurationExtensionSupport - Spring Data JDBC - Could not safely identify store assignment for repository candidate interface com.emprendetech.market.repositorys.RolesRepository; If you want this repository to be a JDBC repository, consider annotating your entities with one of these annotations: org.springframework.data.relational.core.mapping.Table.
2024-07-03 08:23:59 - INFO [main] o.s.d.r.c.RepositoryConfigurationExtensionSupport - Spring Data JDBC - Could not safely identify store assignment for repository candidate interface com.emprendetech.market.repositorys.RolpermisosRepository; If you want this repository to be a JDBC repository, consider annotating your entities with one of these annotations: org.springframework.data.relational.core.mapping.Table.
2024-07-03 08:23:59 - INFO [main] o.s.d.r.c.RepositoryConfigurationExtensionSupport - Spring Data JDBC - Could not safely identify store assignment for repository candidate interface com.emprendetech.market.repositorys.UsuarioRepository; If you want this repository to be a JDBC repository, consider annotating your entities with one of these annotations: org.springframework.data.relational.core.mapping.Table.
2024-07-03 08:23:59 - INFO [main] o.s.d.r.c.RepositoryConfigurationExtensionSupport - Spring Data JDBC - Could not safely identify store assignment for repository candidate interface com.emprendetech.market.repositorys.VentasRepository; If you want this repository to be a JDBC repository, consider annotating your entities with one of these annotations: org.springframework.data.relational.core.mapping.Table.
2024-07-03 08:23:59 - INFO [main] o.s.d.r.c.RepositoryConfigurationDelegate - Finished Spring Data repository scanning in 106 ms. Found 0 JDBC repository interfaces.
2024-07-03 08:23:59 - INFO [main] o.s.d.r.c.RepositoryConfigurationDelegate - Multiple Spring Data modules found, entering strict repository configuration mode
2024-07-03 08:23:59 - INFO [main] o.s.d.r.c.RepositoryConfigurationDelegate - Bootstrapping Spring Data JPA repositories in DEFAULT mode.
2024-07-03 08:23:59 - INFO [main] o.s.d.r.c.RepositoryConfigurationDelegate - Finished Spring Data repository scanning in 96 ms. Found 18 JPA repository interfaces.
2024-07-03 08:24:00 - INFO [main] o.s.b.w.e.tomcat.TomcatWebServer - Tomcat initialized with port 8080 (http)
2024-07-03 08:24:00 - INFO [main] o.a.catalina.core.StandardService - Starting service [Tomcat]
2024-07-03 08:24:00 - INFO [main] o.a.catalina.core.StandardEngine - Starting Servlet engine: [Apache Tomcat/10.1.20]
2024-07-03 08:24:01 - INFO [main] o.a.c.c.C.[Tomcat].[localhost].[/] - Initializing Spring embedded WebApplicationContext
2024-07-03 08:24:01 - INFO [main] o.s.b.w.s.c.ServletWebServerApplicationContext - Root WebApplicationContext: initialization completed in 2763 ms
2024-07-03 08:24:01 - INFO [main] o.h.jpa.internal.util.LogHelper - HHH000204: Processing PersistenceUnitInfo [name: default]
2024-07-03 08:24:01 - INFO [main] org.hibernate.Version - HHH000412: Hibernate ORM core version 6.4.4.Final
2024-07-03 08:24:01 - INFO [main] o.h.c.i.RegionFactoryInitiator - HHH000026: Second-level cache disabled
2024-07-03 08:24:02 - INFO [main] o.s.o.j.p.SpringPersistenceUnitInfo - No LoadTimeWeaver setup: ignoring JPA class transformer
2024-07-03 08:24:02 - INFO [main] com.zaxxer.hikari.HikariDataSource - HikariPool-1 - Starting...
2024-07-03 08:24:02 - INFO [main] com.zaxxer.hikari.pool.HikariPool - HikariPool-1 - Added connection com.mysql.cj.jdbc.ConnectionImpl@4d065e1a
2024-07-03 08:24:02 - INFO [main] com.zaxxer.hikari.HikariDataSource - HikariPool-1 - Start completed.
2024-07-03 08:24:02 - WARN [main] org.hibernate.orm.deprecation - HHH90000025: MySQLDialect does not need to be specified explicitly using 'hibernate.dialect' (remove the property setting and it will be selected by default)
2024-07-03 08:24:04 - INFO [main] o.h.e.t.j.p.i.JtaPlatformInitiator - HHH000489: No JTA platform available (set 'hibernate.transaction.jta.platform' to enable JTA platform integration)
2024-07-03 08:24:04 - INFO [main] o.s.o.j.LocalContainerEntityManagerFactoryBean - Initialized JPA EntityManagerFactory for persistence unit 'default'
2024-07-03 08:24:05 - WARN [main] o.s.b.a.o.j.JpaBaseConfiguration$JpaWebConfiguration - spring.jpa.open-in-view is enabled by default. Therefore, database queries may be performed during view rendering. Explicitly configure spring.jpa.open-in-view to disable this warning
2024-07-03 08:24:06 - INFO [main] o.s.s.web.DefaultSecurityFilterChain - Will secure any request with [org.springframework.security.web.session.DisableEncodeUrlFilter@32dc895e, org.springframework.security.web.context.request.async.WebAsyncManagerIntegrationFilter@59e9ba7, org.springframework.security.web.context.SecurityContextHolderFilter@175c4ae5, org.springframework.security.web.header.HeaderWriterFilter@2e9bff08, org.springframework.web.filter.CorsFilter@5d6cac57, org.springframework.security.web.authentication.logout.LogoutFilter@70ed03e4, com.emprendetech.market.security.jwtToken.service.JwtAuthFilter@1a0e5c0c, org.springframework.security.web.authentication.www.BasicAuthenticationFilter@6cbb79c3, org.springframework.security.web.savedrequest.RequestCacheAwareFilter@2b33e616, org.springframework.security.web.servletapi.SecurityContextHolderAwareRequestFilter@c1d9c40, org.springframework.security.web.authentication.AnonymousAuthenticationFilter@455591ad, org.springframework.security.web.session.SessionManagementFilter@3f213e97, org.springframework.security.web.access.ExceptionTranslationFilter@6cb2d5ea, org.springframework.security.web.access.intercept.AuthorizationFilter@61868687]
2024-07-03 08:24:06 - INFO [main] o.s.b.w.e.tomcat.TomcatWebServer - Tomcat started on port 8080 (http) with context path ''
2024-07-03 08:24:06 - INFO [main] c.e.market.MarketApplication - Started MarketApplication in 9.731 seconds (process running for 16.013)
2024-07-03 08:24:30 - INFO [http-nio-8080-exec-2] o.a.c.c.C.[Tomcat].[localhost].[/] - Initializing Spring DispatcherServlet 'dispatcherServlet'
2024-07-03 08:24:30 - INFO [http-nio-8080-exec-2] o.s.web.servlet.DispatcherServlet - Initializing Servlet 'dispatcherServlet'
2024-07-03 08:24:30 - INFO [http-nio-8080-exec-2] o.s.web.servlet.DispatcherServlet - Completed initialization in 2 ms
2024-07-03 08:24:30 - INFO [http-nio-8080-exec-2] c.e.m.s.j.service.JwtAuthFilter - llegue a JwtAuthFilter 
2024-07-03 08:24:30 - INFO [http-nio-8080-exec-2] c.e.m.s.j.service.UserController - llegue a UserController 
2024-07-03 08:24:30 - INFO [http-nio-8080-exec-2] c.e.m.s.j.service.UserInfoService - llegue a UserInfoService 
2024-07-03 08:24:30 - INFO [http-nio-8080-exec-2] c.e.m.s.j.service.JwtAuthFilter - llegue a JwtAuthFilter responde esto org.springframework.security.web.FilterChainProxy$VirtualFilterChain@4bc6ecc4
2024-07-03 08:31:03 - INFO [RMI TCP Connection(10)-127.0.0.1] o.s.b.a.SpringApplicationAdminMXBeanRegistrar$SpringApplicationAdmin - Application shutdown requested.
2024-07-03 08:31:03 - INFO [RMI TCP Connection(10)-127.0.0.1] o.s.o.j.LocalContainerEntityManagerFactoryBean - Closing JPA EntityManagerFactory for persistence unit 'default'
2024-07-03 08:31:03 - INFO [RMI TCP Connection(10)-127.0.0.1] com.zaxxer.hikari.HikariDataSource - HikariPool-1 - Shutdown initiated...
2024-07-03 08:31:03 - INFO [RMI TCP Connection(10)-127.0.0.1] com.zaxxer.hikari.HikariDataSource - HikariPool-1 - Shutdown completed.
2024-07-03 08:31:15 - INFO [main] c.e.market.MarketApplication - Starting MarketApplication using Java 17.0.11 with PID 1642 (/Users/israeldaviddomingueztovar/Documents/workspace-spring-tool-suite-4-4.22.0.RELEASE/market/target/classes started by israeldaviddomingueztovar in /Users/israeldaviddomingueztovar/Documents/workspace-spring-tool-suite-4-4.22.0.RELEASE/market)
2024-07-03 08:31:15 - INFO [main] c.e.market.MarketApplication - No active profile set, falling back to 1 default profile: "default"
2024-07-03 08:31:16 - INFO [main] o.s.d.r.c.RepositoryConfigurationDelegate - Multiple Spring Data modules found, entering strict repository configuration mode
2024-07-03 08:31:16 - INFO [main] o.s.d.r.c.RepositoryConfigurationDelegate - Bootstrapping Spring Data JDBC repositories in DEFAULT mode.
2024-07-03 08:31:16 - INFO [main] o.s.d.r.c.RepositoryConfigurationExtensionSupport - Spring Data JDBC - Could not safely identify store assignment for repository candidate interface com.emprendetech.market.repositorys.CajaRepository; If you want this repository to be a JDBC repository, consider annotating your entities with one of these annotations: org.springframework.data.relational.core.mapping.Table.
2024-07-03 08:31:16 - INFO [main] o.s.d.r.c.RepositoryConfigurationExtensionSupport - Spring Data JDBC - Could not safely identify store assignment for repository candidate interface com.emprendetech.market.repositorys.CategoriasRepository; If you want this repository to be a JDBC repository, consider annotating your entities with one of these annotations: org.springframework.data.relational.core.mapping.Table.
2024-07-03 08:31:16 - INFO [main] o.s.d.r.c.RepositoryConfigurationExtensionSupport - Spring Data JDBC - Could not safely identify store assignment for repository candidate interface com.emprendetech.market.repositorys.ClientesRepository; If you want this repository to be a JDBC repository, consider annotating your entities with one of these annotations: org.springframework.data.relational.core.mapping.Table.
2024-07-03 08:31:16 - INFO [main] o.s.d.r.c.RepositoryConfigurationExtensionSupport - Spring Data JDBC - Could not safely identify store assignment for repository candidate interface com.emprendetech.market.repositorys.DetallespedidoRepository; If you want this repository to be a JDBC repository, consider annotating your entities with one of these annotations: org.springframework.data.relational.core.mapping.Table.
2024-07-03 08:31:16 - INFO [main] o.s.d.r.c.RepositoryConfigurationExtensionSupport - Spring Data JDBC - Could not safely identify store assignment for repository candidate interface com.emprendetech.market.repositorys.EmprendimientosRepository; If you want this repository to be a JDBC repository, consider annotating your entities with one of these annotations: org.springframework.data.relational.core.mapping.Table.
2024-07-03 08:31:16 - INFO [main] o.s.d.r.c.RepositoryConfigurationExtensionSupport - Spring Data JDBC - Could not safely identify store assignment for repository candidate interface com.emprendetech.market.repositorys.IngresosRepository; If you want this repository to be a JDBC repository, consider annotating your entities with one of these annotations: org.springframework.data.relational.core.mapping.Table.
2024-07-03 08:31:16 - INFO [main] o.s.d.r.c.RepositoryConfigurationExtensionSupport - Spring Data JDBC - Could not safely identify store assignment for repository candidate interface com.emprendetech.market.repositorys.MedidasRepository; If you want this repository to be a JDBC repository, consider annotating your entities with one of these annotations: org.springframework.data.relational.core.mapping.Table.
2024-07-03 08:31:16 - INFO [main] o.s.d.r.c.RepositoryConfigurationExtensionSupport - Spring Data JDBC - Could not safely identify store assignment for repository candidate interface com.emprendetech.market.repositorys.MetodospagoRepository; If you want this repository to be a JDBC repository, consider annotating your entities with one of these annotations: org.springframework.data.relational.core.mapping.Table.
2024-07-03 08:31:16 - INFO [main] o.s.d.r.c.RepositoryConfigurationExtensionSupport - Spring Data JDBC - Could not safely identify store assignment for repository candidate interface com.emprendetech.market.repositorys.PedidosRepository; If you want this repository to be a JDBC repository, consider annotating your entities with one of these annotations: org.springframework.data.relational.core.mapping.Table.
2024-07-03 08:31:16 - INFO [main] o.s.d.r.c.RepositoryConfigurationExtensionSupport - Spring Data JDBC - Could not safely identify store assignment for repository candidate interface com.emprendetech.market.repositorys.PerfilesRepository; If you want this repository to be a JDBC repository, consider annotating your entities with one of these annotations: org.springframework.data.relational.core.mapping.Table.
2024-07-03 08:31:16 - INFO [main] o.s.d.r.c.RepositoryConfigurationExtensionSupport - Spring Data JDBC - Could not safely identify store assignment for repository candidate interface com.emprendetech.market.repositorys.PermisosRepository; If you want this repository to be a JDBC repository, consider annotating your entities with one of these annotations: org.springframework.data.relational.core.mapping.Table.
2024-07-03 08:31:16 - INFO [main] o.s.d.r.c.RepositoryConfigurationExtensionSupport - Spring Data JDBC - Could not safely identify store assignment for repository candidate interface com.emprendetech.market.repositorys.PersonasRepository; If you want this repository to be a JDBC repository, consider annotating your entities with one of these annotations: org.springframework.data.relational.core.mapping.Table.
2024-07-03 08:31:16 - INFO [main] o.s.d.r.c.RepositoryConfigurationExtensionSupport - Spring Data JDBC - Could not safely identify store assignment for repository candidate interface com.emprendetech.market.repositorys.ProductosRepository; If you want this repository to be a JDBC repository, consider annotating your entities with one of these annotations: org.springframework.data.relational.core.mapping.Table.
2024-07-03 08:31:16 - INFO [main] o.s.d.r.c.RepositoryConfigurationExtensionSupport - Spring Data JDBC - Could not safely identify store assignment for repository candidate interface com.emprendetech.market.repositorys.ProductosunidadRepository; If you want this repository to be a JDBC repository, consider annotating your entities with one of these annotations: org.springframework.data.relational.core.mapping.Table.
2024-07-03 08:31:16 - INFO [main] o.s.d.r.c.RepositoryConfigurationExtensionSupport - Spring Data JDBC - Could not safely identify store assignment for repository candidate interface com.emprendetech.market.repositorys.RolesRepository; If you want this repository to be a JDBC repository, consider annotating your entities with one of these annotations: org.springframework.data.relational.core.mapping.Table.
2024-07-03 08:31:16 - INFO [main] o.s.d.r.c.RepositoryConfigurationExtensionSupport - Spring Data JDBC - Could not safely identify store assignment for repository candidate interface com.emprendetech.market.repositorys.RolpermisosRepository; If you want this repository to be a JDBC repository, consider annotating your entities with one of these annotations: org.springframework.data.relational.core.mapping.Table.
2024-07-03 08:31:16 - INFO [main] o.s.d.r.c.RepositoryConfigurationExtensionSupport - Spring Data JDBC - Could not safely identify store assignment for repository candidate interface com.emprendetech.market.repositorys.UsuarioRepository; If you want this repository to be a JDBC repository, consider annotating your entities with one of these annotations: org.springframework.data.relational.core.mapping.Table.
2024-07-03 08:31:16 - INFO [main] o.s.d.r.c.RepositoryConfigurationExtensionSupport - Spring Data JDBC - Could not safely identify store assignment for repository candidate interface com.emprendetech.market.repositorys.VentasRepository; If you want this repository to be a JDBC repository, consider annotating your entities with one of these annotations: org.springframework.data.relational.core.mapping.Table.
2024-07-03 08:31:16 - INFO [main] o.s.d.r.c.RepositoryConfigurationDelegate - Finished Spring Data repository scanning in 85 ms. Found 0 JDBC repository interfaces.
2024-07-03 08:31:16 - INFO [main] o.s.d.r.c.RepositoryConfigurationDelegate - Multiple Spring Data modules found, entering strict repository configuration mode
2024-07-03 08:31:16 - INFO [main] o.s.d.r.c.RepositoryConfigurationDelegate - Bootstrapping Spring Data JPA repositories in DEFAULT mode.
2024-07-03 08:31:16 - INFO [main] o.s.d.r.c.RepositoryConfigurationDelegate - Finished Spring Data repository scanning in 91 ms. Found 18 JPA repository interfaces.
2024-07-03 08:31:17 - INFO [main] o.s.b.w.e.tomcat.TomcatWebServer - Tomcat initialized with port 8080 (http)
2024-07-03 08:31:17 - INFO [main] o.a.catalina.core.StandardService - Starting service [Tomcat]
2024-07-03 08:31:17 - INFO [main] o.a.catalina.core.StandardEngine - Starting Servlet engine: [Apache Tomcat/10.1.20]
2024-07-03 08:31:17 - INFO [main] o.a.c.c.C.[Tomcat].[localhost].[/] - Initializing Spring embedded WebApplicationContext
2024-07-03 08:31:17 - INFO [main] o.s.b.w.s.c.ServletWebServerApplicationContext - Root WebApplicationContext: initialization completed in 2312 ms
2024-07-03 08:31:17 - INFO [main] o.h.jpa.internal.util.LogHelper - HHH000204: Processing PersistenceUnitInfo [name: default]
2024-07-03 08:31:17 - INFO [main] org.hibernate.Version - HHH000412: Hibernate ORM core version 6.4.4.Final
2024-07-03 08:31:17 - INFO [main] o.h.c.i.RegionFactoryInitiator - HHH000026: Second-level cache disabled
2024-07-03 08:31:18 - INFO [main] o.s.o.j.p.SpringPersistenceUnitInfo - No LoadTimeWeaver setup: ignoring JPA class transformer
2024-07-03 08:31:18 - INFO [main] com.zaxxer.hikari.HikariDataSource - HikariPool-1 - Starting...
2024-07-03 08:31:18 - INFO [main] com.zaxxer.hikari.pool.HikariPool - HikariPool-1 - Added connection com.mysql.cj.jdbc.ConnectionImpl@48d5ca17
2024-07-03 08:31:18 - INFO [main] com.zaxxer.hikari.HikariDataSource - HikariPool-1 - Start completed.
2024-07-03 08:31:18 - WARN [main] org.hibernate.orm.deprecation - HHH90000025: MySQLDialect does not need to be specified explicitly using 'hibernate.dialect' (remove the property setting and it will be selected by default)
2024-07-03 08:31:20 - INFO [main] o.h.e.t.j.p.i.JtaPlatformInitiator - HHH000489: No JTA platform available (set 'hibernate.transaction.jta.platform' to enable JTA platform integration)
2024-07-03 08:31:20 - INFO [main] o.s.o.j.LocalContainerEntityManagerFactoryBean - Initialized JPA EntityManagerFactory for persistence unit 'default'
2024-07-03 08:31:21 - WARN [main] o.s.b.a.o.j.JpaBaseConfiguration$JpaWebConfiguration - spring.jpa.open-in-view is enabled by default. Therefore, database queries may be performed during view rendering. Explicitly configure spring.jpa.open-in-view to disable this warning
2024-07-03 08:31:21 - INFO [main] o.s.s.web.DefaultSecurityFilterChain - Will secure any request with [org.springframework.security.web.session.DisableEncodeUrlFilter@5a919251, org.springframework.security.web.context.request.async.WebAsyncManagerIntegrationFilter@33a0b857, org.springframework.security.web.context.SecurityContextHolderFilter@14ea3ecf, org.springframework.security.web.header.HeaderWriterFilter@2d10160a, org.springframework.web.filter.CorsFilter@b3c7c75, org.springframework.security.web.authentication.logout.LogoutFilter@57e2d15c, com.emprendetech.market.security.jwtToken.service.JwtAuthFilter@7a91027c, org.springframework.security.web.authentication.www.BasicAuthenticationFilter@455591ad, org.springframework.security.web.savedrequest.RequestCacheAwareFilter@1252d480, org.springframework.security.web.servletapi.SecurityContextHolderAwareRequestFilter@59b8a801, org.springframework.security.web.authentication.AnonymousAuthenticationFilter@55e75ce0, org.springframework.security.web.session.SessionManagementFilter@c1d9c40, org.springframework.security.web.access.ExceptionTranslationFilter@6b26839d, org.springframework.security.web.access.intercept.AuthorizationFilter@408708a1]
2024-07-03 08:31:22 - INFO [main] o.s.b.w.e.tomcat.TomcatWebServer - Tomcat started on port 8080 (http) with context path ''
2024-07-03 08:31:22 - INFO [main] c.e.market.MarketApplication - Started MarketApplication in 7.672 seconds (process running for 13.594)
2024-07-03 08:31:33 - INFO [http-nio-8080-exec-2] o.a.c.c.C.[Tomcat].[localhost].[/] - Initializing Spring DispatcherServlet 'dispatcherServlet'
2024-07-03 08:31:33 - INFO [http-nio-8080-exec-2] o.s.web.servlet.DispatcherServlet - Initializing Servlet 'dispatcherServlet'
2024-07-03 08:31:33 - INFO [http-nio-8080-exec-2] o.s.web.servlet.DispatcherServlet - Completed initialization in 4 ms
2024-07-03 08:31:33 - INFO [http-nio-8080-exec-2] c.e.m.s.j.service.JwtAuthFilter - llegue a JwtAuthFilter 
2024-07-03 08:31:33 - INFO [http-nio-8080-exec-2] c.e.m.s.j.service.UserController - llegue a UserController 
2024-07-03 08:31:34 - INFO [http-nio-8080-exec-2] c.e.m.s.j.service.UserInfoService - llegue a UserInfoService 
2024-07-03 08:31:34 - INFO [http-nio-8080-exec-2] c.e.m.s.j.service.JwtAuthFilter - llegue a JwtAuthFilter responde esto org.springframework.security.web.FilterChainProxy$VirtualFilterChain@574e4a1d
2024-07-03 08:32:23 - INFO [http-nio-8080-exec-3] c.e.m.s.j.service.JwtAuthFilter - llegue a JwtAuthFilter 
2024-07-03 08:32:23 - WARN [http-nio-8080-exec-3] o.s.w.s.m.s.DefaultHandlerExceptionResolver - Resolved [org.springframework.web.HttpRequestMethodNotSupportedException: Request method 'POST' is not supported]
2024-07-03 08:32:23 - INFO [http-nio-8080-exec-3] c.e.m.s.j.service.JwtAuthFilter - llegue a JwtAuthFilter responde esto org.springframework.security.web.FilterChainProxy$VirtualFilterChain@39f4d6a2
2024-07-03 08:32:52 - INFO [RMI TCP Connection(5)-127.0.0.1] o.s.b.a.SpringApplicationAdminMXBeanRegistrar$SpringApplicationAdmin - Application shutdown requested.
2024-07-03 08:32:52 - INFO [RMI TCP Connection(5)-127.0.0.1] o.s.o.j.LocalContainerEntityManagerFactoryBean - Closing JPA EntityManagerFactory for persistence unit 'default'
2024-07-03 08:32:52 - INFO [RMI TCP Connection(5)-127.0.0.1] com.zaxxer.hikari.HikariDataSource - HikariPool-1 - Shutdown initiated...
2024-07-03 08:32:52 - INFO [RMI TCP Connection(5)-127.0.0.1] com.zaxxer.hikari.HikariDataSource - HikariPool-1 - Shutdown completed.
2024-07-03 08:33:03 - INFO [main] c.e.market.MarketApplication - Starting MarketApplication using Java 17.0.11 with PID 1650 (/Users/israeldaviddomingueztovar/Documents/workspace-spring-tool-suite-4-4.22.0.RELEASE/market/target/classes started by israeldaviddomingueztovar in /Users/israeldaviddomingueztovar/Documents/workspace-spring-tool-suite-4-4.22.0.RELEASE/market)
2024-07-03 08:33:03 - INFO [main] c.e.market.MarketApplication - No active profile set, falling back to 1 default profile: "default"
2024-07-03 08:33:05 - INFO [main] o.s.d.r.c.RepositoryConfigurationDelegate - Multiple Spring Data modules found, entering strict repository configuration mode
2024-07-03 08:33:05 - INFO [main] o.s.d.r.c.RepositoryConfigurationDelegate - Bootstrapping Spring Data JDBC repositories in DEFAULT mode.
2024-07-03 08:33:05 - INFO [main] o.s.d.r.c.RepositoryConfigurationExtensionSupport - Spring Data JDBC - Could not safely identify store assignment for repository candidate interface com.emprendetech.market.repositorys.CajaRepository; If you want this repository to be a JDBC repository, consider annotating your entities with one of these annotations: org.springframework.data.relational.core.mapping.Table.
2024-07-03 08:33:05 - INFO [main] o.s.d.r.c.RepositoryConfigurationExtensionSupport - Spring Data JDBC - Could not safely identify store assignment for repository candidate interface com.emprendetech.market.repositorys.CategoriasRepository; If you want this repository to be a JDBC repository, consider annotating your entities with one of these annotations: org.springframework.data.relational.core.mapping.Table.
2024-07-03 08:33:05 - INFO [main] o.s.d.r.c.RepositoryConfigurationExtensionSupport - Spring Data JDBC - Could not safely identify store assignment for repository candidate interface com.emprendetech.market.repositorys.ClientesRepository; If you want this repository to be a JDBC repository, consider annotating your entities with one of these annotations: org.springframework.data.relational.core.mapping.Table.
2024-07-03 08:33:05 - INFO [main] o.s.d.r.c.RepositoryConfigurationExtensionSupport - Spring Data JDBC - Could not safely identify store assignment for repository candidate interface com.emprendetech.market.repositorys.DetallespedidoRepository; If you want this repository to be a JDBC repository, consider annotating your entities with one of these annotations: org.springframework.data.relational.core.mapping.Table.
2024-07-03 08:33:05 - INFO [main] o.s.d.r.c.RepositoryConfigurationExtensionSupport - Spring Data JDBC - Could not safely identify store assignment for repository candidate interface com.emprendetech.market.repositorys.EmprendimientosRepository; If you want this repository to be a JDBC repository, consider annotating your entities with one of these annotations: org.springframework.data.relational.core.mapping.Table.
2024-07-03 08:33:05 - INFO [main] o.s.d.r.c.RepositoryConfigurationExtensionSupport - Spring Data JDBC - Could not safely identify store assignment for repository candidate interface com.emprendetech.market.repositorys.IngresosRepository; If you want this repository to be a JDBC repository, consider annotating your entities with one of these annotations: org.springframework.data.relational.core.mapping.Table.
2024-07-03 08:33:05 - INFO [main] o.s.d.r.c.RepositoryConfigurationExtensionSupport - Spring Data JDBC - Could not safely identify store assignment for repository candidate interface com.emprendetech.market.repositorys.MedidasRepository; If you want this repository to be a JDBC repository, consider annotating your entities with one of these annotations: org.springframework.data.relational.core.mapping.Table.
2024-07-03 08:33:05 - INFO [main] o.s.d.r.c.RepositoryConfigurationExtensionSupport - Spring Data JDBC - Could not safely identify store assignment for repository candidate interface com.emprendetech.market.repositorys.MetodospagoRepository; If you want this repository to be a JDBC repository, consider annotating your entities with one of these annotations: org.springframework.data.relational.core.mapping.Table.
2024-07-03 08:33:05 - INFO [main] o.s.d.r.c.RepositoryConfigurationExtensionSupport - Spring Data JDBC - Could not safely identify store assignment for repository candidate interface com.emprendetech.market.repositorys.PedidosRepository; If you want this repository to be a JDBC repository, consider annotating your entities with one of these annotations: org.springframework.data.relational.core.mapping.Table.
2024-07-03 08:33:05 - INFO [main] o.s.d.r.c.RepositoryConfigurationExtensionSupport - Spring Data JDBC - Could not safely identify store assignment for repository candidate interface com.emprendetech.market.repositorys.PerfilesRepository; If you want this repository to be a JDBC repository, consider annotating your entities with one of these annotations: org.springframework.data.relational.core.mapping.Table.
2024-07-03 08:33:05 - INFO [main] o.s.d.r.c.RepositoryConfigurationExtensionSupport - Spring Data JDBC - Could not safely identify store assignment for repository candidate interface com.emprendetech.market.repositorys.PermisosRepository; If you want this repository to be a JDBC repository, consider annotating your entities with one of these annotations: org.springframework.data.relational.core.mapping.Table.
2024-07-03 08:33:05 - INFO [main] o.s.d.r.c.RepositoryConfigurationExtensionSupport - Spring Data JDBC - Could not safely identify store assignment for repository candidate interface com.emprendetech.market.repositorys.PersonasRepository; If you want this repository to be a JDBC repository, consider annotating your entities with one of these annotations: org.springframework.data.relational.core.mapping.Table.
2024-07-03 08:33:05 - INFO [main] o.s.d.r.c.RepositoryConfigurationExtensionSupport - Spring Data JDBC - Could not safely identify store assignment for repository candidate interface com.emprendetech.market.repositorys.ProductosRepository; If you want this repository to be a JDBC repository, consider annotating your entities with one of these annotations: org.springframework.data.relational.core.mapping.Table.
2024-07-03 08:33:05 - INFO [main] o.s.d.r.c.RepositoryConfigurationExtensionSupport - Spring Data JDBC - Could not safely identify store assignment for repository candidate interface com.emprendetech.market.repositorys.ProductosunidadRepository; If you want this repository to be a JDBC repository, consider annotating your entities with one of these annotations: org.springframework.data.relational.core.mapping.Table.
2024-07-03 08:33:05 - INFO [main] o.s.d.r.c.RepositoryConfigurationExtensionSupport - Spring Data JDBC - Could not safely identify store assignment for repository candidate interface com.emprendetech.market.repositorys.RolesRepository; If you want this repository to be a JDBC repository, consider annotating your entities with one of these annotations: org.springframework.data.relational.core.mapping.Table.
2024-07-03 08:33:05 - INFO [main] o.s.d.r.c.RepositoryConfigurationExtensionSupport - Spring Data JDBC - Could not safely identify store assignment for repository candidate interface com.emprendetech.market.repositorys.RolpermisosRepository; If you want this repository to be a JDBC repository, consider annotating your entities with one of these annotations: org.springframework.data.relational.core.mapping.Table.
2024-07-03 08:33:05 - INFO [main] o.s.d.r.c.RepositoryConfigurationExtensionSupport - Spring Data JDBC - Could not safely identify store assignment for repository candidate interface com.emprendetech.market.repositorys.UsuarioRepository; If you want this repository to be a JDBC repository, consider annotating your entities with one of these annotations: org.springframework.data.relational.core.mapping.Table.
2024-07-03 08:33:05 - INFO [main] o.s.d.r.c.RepositoryConfigurationExtensionSupport - Spring Data JDBC - Could not safely identify store assignment for repository candidate interface com.emprendetech.market.repositorys.VentasRepository; If you want this repository to be a JDBC repository, consider annotating your entities with one of these annotations: org.springframework.data.relational.core.mapping.Table.
2024-07-03 08:33:05 - INFO [main] o.s.d.r.c.RepositoryConfigurationDelegate - Finished Spring Data repository scanning in 91 ms. Found 0 JDBC repository interfaces.
2024-07-03 08:33:05 - INFO [main] o.s.d.r.c.RepositoryConfigurationDelegate - Multiple Spring Data modules found, entering strict repository configuration mode
2024-07-03 08:33:05 - INFO [main] o.s.d.r.c.RepositoryConfigurationDelegate - Bootstrapping Spring Data JPA repositories in DEFAULT mode.
2024-07-03 08:33:05 - INFO [main] o.s.d.r.c.RepositoryConfigurationDelegate - Finished Spring Data repository scanning in 88 ms. Found 18 JPA repository interfaces.
2024-07-03 08:33:06 - INFO [main] o.s.b.w.e.tomcat.TomcatWebServer - Tomcat initialized with port 8080 (http)
2024-07-03 08:33:06 - INFO [main] o.a.catalina.core.StandardService - Starting service [Tomcat]
2024-07-03 08:33:06 - INFO [main] o.a.catalina.core.StandardEngine - Starting Servlet engine: [Apache Tomcat/10.1.20]
2024-07-03 08:33:06 - INFO [main] o.a.c.c.C.[Tomcat].[localhost].[/] - Initializing Spring embedded WebApplicationContext
2024-07-03 08:33:06 - INFO [main] o.s.b.w.s.c.ServletWebServerApplicationContext - Root WebApplicationContext: initialization completed in 2396 ms
2024-07-03 08:33:06 - INFO [main] o.h.jpa.internal.util.LogHelper - HHH000204: Processing PersistenceUnitInfo [name: default]
2024-07-03 08:33:06 - INFO [main] org.hibernate.Version - HHH000412: Hibernate ORM core version 6.4.4.Final
2024-07-03 08:33:06 - INFO [main] o.h.c.i.RegionFactoryInitiator - HHH000026: Second-level cache disabled
2024-07-03 08:33:07 - INFO [main] o.s.o.j.p.SpringPersistenceUnitInfo - No LoadTimeWeaver setup: ignoring JPA class transformer
2024-07-03 08:33:07 - INFO [main] com.zaxxer.hikari.HikariDataSource - HikariPool-1 - Starting...
2024-07-03 08:33:07 - INFO [main] com.zaxxer.hikari.pool.HikariPool - HikariPool-1 - Added connection com.mysql.cj.jdbc.ConnectionImpl@dbc7e0a
2024-07-03 08:33:07 - INFO [main] com.zaxxer.hikari.HikariDataSource - HikariPool-1 - Start completed.
2024-07-03 08:33:07 - WARN [main] org.hibernate.orm.deprecation - HHH90000025: MySQLDialect does not need to be specified explicitly using 'hibernate.dialect' (remove the property setting and it will be selected by default)
2024-07-03 08:33:09 - INFO [main] o.h.e.t.j.p.i.JtaPlatformInitiator - HHH000489: No JTA platform available (set 'hibernate.transaction.jta.platform' to enable JTA platform integration)
2024-07-03 08:33:09 - INFO [main] o.s.o.j.LocalContainerEntityManagerFactoryBean - Initialized JPA EntityManagerFactory for persistence unit 'default'
2024-07-03 08:33:10 - WARN [main] o.s.b.a.o.j.JpaBaseConfiguration$JpaWebConfiguration - spring.jpa.open-in-view is enabled by default. Therefore, database queries may be performed during view rendering. Explicitly configure spring.jpa.open-in-view to disable this warning
2024-07-03 08:33:10 - INFO [main] o.s.s.web.DefaultSecurityFilterChain - Will secure any request with [org.springframework.security.web.session.DisableEncodeUrlFilter@3f7b15bb, org.springframework.security.web.context.request.async.WebAsyncManagerIntegrationFilter@2dacad1d, org.springframework.security.web.context.SecurityContextHolderFilter@17a756db, org.springframework.security.web.header.HeaderWriterFilter@690113f0, org.springframework.web.filter.CorsFilter@15a87fbb, org.springframework.security.web.authentication.logout.LogoutFilter@5f7dbdfa, com.emprendetech.market.security.jwtToken.service.JwtAuthFilter@1d9cac6e, org.springframework.security.web.authentication.www.BasicAuthenticationFilter@15d0f2a3, org.springframework.security.web.savedrequest.RequestCacheAwareFilter@157ff8f8, org.springframework.security.web.servletapi.SecurityContextHolderAwareRequestFilter@4a1abba1, org.springframework.security.web.authentication.AnonymousAuthenticationFilter@6d92bfaf, org.springframework.security.web.session.SessionManagementFilter@2e729fea, org.springframework.security.web.access.ExceptionTranslationFilter@624baf71, org.springframework.security.web.access.intercept.AuthorizationFilter@30b5f974]
2024-07-03 08:33:11 - INFO [main] o.s.b.w.e.tomcat.TomcatWebServer - Tomcat started on port 8080 (http) with context path ''
2024-07-03 08:33:11 - INFO [main] c.e.market.MarketApplication - Started MarketApplication in 7.932 seconds (process running for 14.231)
2024-07-03 08:34:10 - INFO [http-nio-8080-exec-1] o.a.c.c.C.[Tomcat].[localhost].[/] - Initializing Spring DispatcherServlet 'dispatcherServlet'
2024-07-03 08:34:10 - INFO [http-nio-8080-exec-1] o.s.web.servlet.DispatcherServlet - Initializing Servlet 'dispatcherServlet'
2024-07-03 08:34:10 - INFO [http-nio-8080-exec-1] o.s.web.servlet.DispatcherServlet - Completed initialization in 1 ms
2024-07-03 08:34:10 - INFO [http-nio-8080-exec-1] c.e.m.s.j.service.JwtAuthFilter - llegue a JwtAuthFilter 
2024-07-03 08:34:11 - INFO [http-nio-8080-exec-1] c.e.m.s.j.service.UserController - llegue a UserController 
2024-07-03 08:34:11 - INFO [http-nio-8080-exec-1] c.e.m.s.j.service.UserInfoService - llegue a UserInfoService 
2024-07-03 08:34:11 - INFO [http-nio-8080-exec-1] c.e.m.s.j.service.JwtAuthFilter - llegue a JwtAuthFilter responde esto org.springframework.security.web.FilterChainProxy$VirtualFilterChain@1d871c02
2024-07-03 08:34:40 - INFO [http-nio-8080-exec-3] c.e.m.s.j.service.JwtAuthFilter - llegue a JwtAuthFilter 
2024-07-03 08:34:40 - INFO [http-nio-8080-exec-3] c.e.m.s.j.service.UserController - llegue a UserController 
2024-07-03 08:34:40 - INFO [http-nio-8080-exec-3] c.e.m.s.j.service.UserInfoService - llegue a UserInfoService 
2024-07-03 08:34:40 - INFO [http-nio-8080-exec-3] c.e.m.s.j.service.JwtAuthFilter - llegue a JwtAuthFilter responde esto org.springframework.security.web.FilterChainProxy$VirtualFilterChain@2408ec14
2024-07-03 08:35:56 - INFO [RMI TCP Connection(7)-127.0.0.1] o.s.b.a.SpringApplicationAdminMXBeanRegistrar$SpringApplicationAdmin - Application shutdown requested.
2024-07-03 08:35:56 - INFO [RMI TCP Connection(7)-127.0.0.1] o.s.o.j.LocalContainerEntityManagerFactoryBean - Closing JPA EntityManagerFactory for persistence unit 'default'
2024-07-03 08:35:56 - INFO [RMI TCP Connection(7)-127.0.0.1] com.zaxxer.hikari.HikariDataSource - HikariPool-1 - Shutdown initiated...
2024-07-03 08:35:56 - INFO [RMI TCP Connection(7)-127.0.0.1] com.zaxxer.hikari.HikariDataSource - HikariPool-1 - Shutdown completed.
2024-07-03 08:36:09 - INFO [main] c.e.market.MarketApplication - Starting MarketApplication using Java 17.0.11 with PID 1667 (/Users/israeldaviddomingueztovar/Documents/workspace-spring-tool-suite-4-4.22.0.RELEASE/market/target/classes started by israeldaviddomingueztovar in /Users/israeldaviddomingueztovar/Documents/workspace-spring-tool-suite-4-4.22.0.RELEASE/market)
2024-07-03 08:36:09 - INFO [main] c.e.market.MarketApplication - No active profile set, falling back to 1 default profile: "default"
2024-07-03 08:36:10 - INFO [main] o.s.d.r.c.RepositoryConfigurationDelegate - Multiple Spring Data modules found, entering strict repository configuration mode
2024-07-03 08:36:10 - INFO [main] o.s.d.r.c.RepositoryConfigurationDelegate - Bootstrapping Spring Data JDBC repositories in DEFAULT mode.
2024-07-03 08:36:10 - INFO [main] o.s.d.r.c.RepositoryConfigurationExtensionSupport - Spring Data JDBC - Could not safely identify store assignment for repository candidate interface com.emprendetech.market.repositorys.CajaRepository; If you want this repository to be a JDBC repository, consider annotating your entities with one of these annotations: org.springframework.data.relational.core.mapping.Table.
2024-07-03 08:36:10 - INFO [main] o.s.d.r.c.RepositoryConfigurationExtensionSupport - Spring Data JDBC - Could not safely identify store assignment for repository candidate interface com.emprendetech.market.repositorys.CategoriasRepository; If you want this repository to be a JDBC repository, consider annotating your entities with one of these annotations: org.springframework.data.relational.core.mapping.Table.
2024-07-03 08:36:10 - INFO [main] o.s.d.r.c.RepositoryConfigurationExtensionSupport - Spring Data JDBC - Could not safely identify store assignment for repository candidate interface com.emprendetech.market.repositorys.ClientesRepository; If you want this repository to be a JDBC repository, consider annotating your entities with one of these annotations: org.springframework.data.relational.core.mapping.Table.
2024-07-03 08:36:10 - INFO [main] o.s.d.r.c.RepositoryConfigurationExtensionSupport - Spring Data JDBC - Could not safely identify store assignment for repository candidate interface com.emprendetech.market.repositorys.DetallespedidoRepository; If you want this repository to be a JDBC repository, consider annotating your entities with one of these annotations: org.springframework.data.relational.core.mapping.Table.
2024-07-03 08:36:10 - INFO [main] o.s.d.r.c.RepositoryConfigurationExtensionSupport - Spring Data JDBC - Could not safely identify store assignment for repository candidate interface com.emprendetech.market.repositorys.EmprendimientosRepository; If you want this repository to be a JDBC repository, consider annotating your entities with one of these annotations: org.springframework.data.relational.core.mapping.Table.
2024-07-03 08:36:10 - INFO [main] o.s.d.r.c.RepositoryConfigurationExtensionSupport - Spring Data JDBC - Could not safely identify store assignment for repository candidate interface com.emprendetech.market.repositorys.IngresosRepository; If you want this repository to be a JDBC repository, consider annotating your entities with one of these annotations: org.springframework.data.relational.core.mapping.Table.
2024-07-03 08:36:10 - INFO [main] o.s.d.r.c.RepositoryConfigurationExtensionSupport - Spring Data JDBC - Could not safely identify store assignment for repository candidate interface com.emprendetech.market.repositorys.MedidasRepository; If you want this repository to be a JDBC repository, consider annotating your entities with one of these annotations: org.springframework.data.relational.core.mapping.Table.
2024-07-03 08:36:10 - INFO [main] o.s.d.r.c.RepositoryConfigurationExtensionSupport - Spring Data JDBC - Could not safely identify store assignment for repository candidate interface com.emprendetech.market.repositorys.MetodospagoRepository; If you want this repository to be a JDBC repository, consider annotating your entities with one of these annotations: org.springframework.data.relational.core.mapping.Table.
2024-07-03 08:36:10 - INFO [main] o.s.d.r.c.RepositoryConfigurationExtensionSupport - Spring Data JDBC - Could not safely identify store assignment for repository candidate interface com.emprendetech.market.repositorys.PedidosRepository; If you want this repository to be a JDBC repository, consider annotating your entities with one of these annotations: org.springframework.data.relational.core.mapping.Table.
2024-07-03 08:36:10 - INFO [main] o.s.d.r.c.RepositoryConfigurationExtensionSupport - Spring Data JDBC - Could not safely identify store assignment for repository candidate interface com.emprendetech.market.repositorys.PerfilesRepository; If you want this repository to be a JDBC repository, consider annotating your entities with one of these annotations: org.springframework.data.relational.core.mapping.Table.
2024-07-03 08:36:10 - INFO [main] o.s.d.r.c.RepositoryConfigurationExtensionSupport - Spring Data JDBC - Could not safely identify store assignment for repository candidate interface com.emprendetech.market.repositorys.PermisosRepository; If you want this repository to be a JDBC repository, consider annotating your entities with one of these annotations: org.springframework.data.relational.core.mapping.Table.
2024-07-03 08:36:10 - INFO [main] o.s.d.r.c.RepositoryConfigurationExtensionSupport - Spring Data JDBC - Could not safely identify store assignment for repository candidate interface com.emprendetech.market.repositorys.PersonasRepository; If you want this repository to be a JDBC repository, consider annotating your entities with one of these annotations: org.springframework.data.relational.core.mapping.Table.
2024-07-03 08:36:10 - INFO [main] o.s.d.r.c.RepositoryConfigurationExtensionSupport - Spring Data JDBC - Could not safely identify store assignment for repository candidate interface com.emprendetech.market.repositorys.ProductosRepository; If you want this repository to be a JDBC repository, consider annotating your entities with one of these annotations: org.springframework.data.relational.core.mapping.Table.
2024-07-03 08:36:10 - INFO [main] o.s.d.r.c.RepositoryConfigurationExtensionSupport - Spring Data JDBC - Could not safely identify store assignment for repository candidate interface com.emprendetech.market.repositorys.ProductosunidadRepository; If you want this repository to be a JDBC repository, consider annotating your entities with one of these annotations: org.springframework.data.relational.core.mapping.Table.
2024-07-03 08:36:10 - INFO [main] o.s.d.r.c.RepositoryConfigurationExtensionSupport - Spring Data JDBC - Could not safely identify store assignment for repository candidate interface com.emprendetech.market.repositorys.RolesRepository; If you want this repository to be a JDBC repository, consider annotating your entities with one of these annotations: org.springframework.data.relational.core.mapping.Table.
2024-07-03 08:36:10 - INFO [main] o.s.d.r.c.RepositoryConfigurationExtensionSupport - Spring Data JDBC - Could not safely identify store assignment for repository candidate interface com.emprendetech.market.repositorys.RolpermisosRepository; If you want this repository to be a JDBC repository, consider annotating your entities with one of these annotations: org.springframework.data.relational.core.mapping.Table.
2024-07-03 08:36:10 - INFO [main] o.s.d.r.c.RepositoryConfigurationExtensionSupport - Spring Data JDBC - Could not safely identify store assignment for repository candidate interface com.emprendetech.market.repositorys.UsuarioRepository; If you want this repository to be a JDBC repository, consider annotating your entities with one of these annotations: org.springframework.data.relational.core.mapping.Table.
2024-07-03 08:36:10 - INFO [main] o.s.d.r.c.RepositoryConfigurationExtensionSupport - Spring Data JDBC - Could not safely identify store assignment for repository candidate interface com.emprendetech.market.repositorys.VentasRepository; If you want this repository to be a JDBC repository, consider annotating your entities with one of these annotations: org.springframework.data.relational.core.mapping.Table.
2024-07-03 08:36:10 - INFO [main] o.s.d.r.c.RepositoryConfigurationDelegate - Finished Spring Data repository scanning in 90 ms. Found 0 JDBC repository interfaces.
2024-07-03 08:36:10 - INFO [main] o.s.d.r.c.RepositoryConfigurationDelegate - Multiple Spring Data modules found, entering strict repository configuration mode
2024-07-03 08:36:10 - INFO [main] o.s.d.r.c.RepositoryConfigurationDelegate - Bootstrapping Spring Data JPA repositories in DEFAULT mode.
2024-07-03 08:36:11 - INFO [main] o.s.d.r.c.RepositoryConfigurationDelegate - Finished Spring Data repository scanning in 88 ms. Found 18 JPA repository interfaces.
2024-07-03 08:36:11 - INFO [main] o.s.b.w.e.tomcat.TomcatWebServer - Tomcat initialized with port 8080 (http)
2024-07-03 08:36:11 - INFO [main] o.a.catalina.core.StandardService - Starting service [Tomcat]
2024-07-03 08:36:11 - INFO [main] o.a.catalina.core.StandardEngine - Starting Servlet engine: [Apache Tomcat/10.1.20]
2024-07-03 08:36:11 - INFO [main] o.a.c.c.C.[Tomcat].[localhost].[/] - Initializing Spring embedded WebApplicationContext
2024-07-03 08:36:11 - INFO [main] o.s.b.w.s.c.ServletWebServerApplicationContext - Root WebApplicationContext: initialization completed in 2364 ms
2024-07-03 08:36:12 - INFO [main] o.h.jpa.internal.util.LogHelper - HHH000204: Processing PersistenceUnitInfo [name: default]
2024-07-03 08:36:12 - INFO [main] org.hibernate.Version - HHH000412: Hibernate ORM core version 6.4.4.Final
2024-07-03 08:36:12 - INFO [main] o.h.c.i.RegionFactoryInitiator - HHH000026: Second-level cache disabled
2024-07-03 08:36:12 - INFO [main] o.s.o.j.p.SpringPersistenceUnitInfo - No LoadTimeWeaver setup: ignoring JPA class transformer
2024-07-03 08:36:12 - INFO [main] com.zaxxer.hikari.HikariDataSource - HikariPool-1 - Starting...
2024-07-03 08:36:12 - INFO [main] com.zaxxer.hikari.pool.HikariPool - HikariPool-1 - Added connection com.mysql.cj.jdbc.ConnectionImpl@2bb3f39e
2024-07-03 08:36:12 - INFO [main] com.zaxxer.hikari.HikariDataSource - HikariPool-1 - Start completed.
2024-07-03 08:36:13 - WARN [main] org.hibernate.orm.deprecation - HHH90000025: MySQLDialect does not need to be specified explicitly using 'hibernate.dialect' (remove the property setting and it will be selected by default)
2024-07-03 08:36:14 - INFO [main] o.h.e.t.j.p.i.JtaPlatformInitiator - HHH000489: No JTA platform available (set 'hibernate.transaction.jta.platform' to enable JTA platform integration)
2024-07-03 08:36:14 - INFO [main] o.s.o.j.LocalContainerEntityManagerFactoryBean - Initialized JPA EntityManagerFactory for persistence unit 'default'
2024-07-03 08:36:15 - WARN [main] o.s.b.a.o.j.JpaBaseConfiguration$JpaWebConfiguration - spring.jpa.open-in-view is enabled by default. Therefore, database queries may be performed during view rendering. Explicitly configure spring.jpa.open-in-view to disable this warning
2024-07-03 08:36:16 - INFO [main] o.s.s.web.DefaultSecurityFilterChain - Will secure any request with [org.springframework.security.web.session.DisableEncodeUrlFilter@6ad2cb6d, org.springframework.security.web.context.request.async.WebAsyncManagerIntegrationFilter@4b6ad2eb, org.springframework.security.web.context.SecurityContextHolderFilter@75eca6d8, org.springframework.security.web.header.HeaderWriterFilter@505bc480, org.springframework.web.filter.CorsFilter@61868687, org.springframework.security.web.authentication.logout.LogoutFilter@46c47690, com.emprendetech.market.security.jwtToken.service.JwtAuthFilter@4f0f56f5, org.springframework.security.web.authentication.www.BasicAuthenticationFilter@3d339541, org.springframework.security.web.savedrequest.RequestCacheAwareFilter@6cb2d5ea, org.springframework.security.web.servletapi.SecurityContextHolderAwareRequestFilter@3ed1446c, org.springframework.security.web.authentication.AnonymousAuthenticationFilter@2122b4bd, org.springframework.security.web.session.SessionManagementFilter@533165e7, org.springframework.security.web.access.ExceptionTranslationFilter@282d1023, org.springframework.security.web.access.intercept.AuthorizationFilter@47184859]
2024-07-03 08:36:16 - INFO [main] o.s.b.w.e.tomcat.TomcatWebServer - Tomcat started on port 8080 (http) with context path ''
2024-07-03 08:36:16 - INFO [main] c.e.market.MarketApplication - Started MarketApplication in 7.977 seconds (process running for 14.255)
2024-07-03 08:38:26 - INFO [http-nio-8080-exec-1] o.a.c.c.C.[Tomcat].[localhost].[/] - Initializing Spring DispatcherServlet 'dispatcherServlet'
2024-07-03 08:38:26 - INFO [http-nio-8080-exec-1] o.s.web.servlet.DispatcherServlet - Initializing Servlet 'dispatcherServlet'
2024-07-03 08:38:26 - INFO [http-nio-8080-exec-1] o.s.web.servlet.DispatcherServlet - Completed initialization in 1 ms
2024-07-03 08:38:26 - INFO [http-nio-8080-exec-1] c.e.m.s.j.service.JwtAuthFilter - llegue a JwtAuthFilter 
2024-07-03 08:38:26 - INFO [http-nio-8080-exec-1] c.e.m.s.j.service.UserController - llegue a UserController 
2024-07-03 08:38:26 - INFO [http-nio-8080-exec-1] c.e.m.s.j.service.UserController - llegue a UserController com.emprendetech.market.service.requestDto.UsuarioContrasenaDto@4d63116f
2024-07-03 08:38:26 - INFO [http-nio-8080-exec-1] c.e.m.s.j.service.UserInfoService - llegue a UserInfoService 
2024-07-03 08:38:26 - INFO [http-nio-8080-exec-1] c.e.m.s.j.service.JwtAuthFilter - llegue a JwtAuthFilter responde esto org.springframework.security.web.FilterChainProxy$VirtualFilterChain@1bebe98
2024-07-03 08:38:59 - INFO [RMI TCP Connection(6)-127.0.0.1] o.s.b.a.SpringApplicationAdminMXBeanRegistrar$SpringApplicationAdmin - Application shutdown requested.
2024-07-03 08:38:59 - INFO [RMI TCP Connection(6)-127.0.0.1] o.s.o.j.LocalContainerEntityManagerFactoryBean - Closing JPA EntityManagerFactory for persistence unit 'default'
2024-07-03 08:38:59 - INFO [RMI TCP Connection(6)-127.0.0.1] com.zaxxer.hikari.HikariDataSource - HikariPool-1 - Shutdown initiated...
2024-07-03 08:38:59 - INFO [RMI TCP Connection(6)-127.0.0.1] com.zaxxer.hikari.HikariDataSource - HikariPool-1 - Shutdown completed.
2024-07-03 08:39:12 - INFO [main] c.e.market.MarketApplication - Starting MarketApplication using Java 17.0.11 with PID 1684 (/Users/israeldaviddomingueztovar/Documents/workspace-spring-tool-suite-4-4.22.0.RELEASE/market/target/classes started by israeldaviddomingueztovar in /Users/israeldaviddomingueztovar/Documents/workspace-spring-tool-suite-4-4.22.0.RELEASE/market)
2024-07-03 08:39:12 - INFO [main] c.e.market.MarketApplication - No active profile set, falling back to 1 default profile: "default"
2024-07-03 08:39:14 - INFO [main] o.s.d.r.c.RepositoryConfigurationDelegate - Multiple Spring Data modules found, entering strict repository configuration mode
2024-07-03 08:39:14 - INFO [main] o.s.d.r.c.RepositoryConfigurationDelegate - Bootstrapping Spring Data JDBC repositories in DEFAULT mode.
2024-07-03 08:39:14 - INFO [main] o.s.d.r.c.RepositoryConfigurationExtensionSupport - Spring Data JDBC - Could not safely identify store assignment for repository candidate interface com.emprendetech.market.repositorys.CajaRepository; If you want this repository to be a JDBC repository, consider annotating your entities with one of these annotations: org.springframework.data.relational.core.mapping.Table.
2024-07-03 08:39:14 - INFO [main] o.s.d.r.c.RepositoryConfigurationExtensionSupport - Spring Data JDBC - Could not safely identify store assignment for repository candidate interface com.emprendetech.market.repositorys.CategoriasRepository; If you want this repository to be a JDBC repository, consider annotating your entities with one of these annotations: org.springframework.data.relational.core.mapping.Table.
2024-07-03 08:39:14 - INFO [main] o.s.d.r.c.RepositoryConfigurationExtensionSupport - Spring Data JDBC - Could not safely identify store assignment for repository candidate interface com.emprendetech.market.repositorys.ClientesRepository; If you want this repository to be a JDBC repository, consider annotating your entities with one of these annotations: org.springframework.data.relational.core.mapping.Table.
2024-07-03 08:39:14 - INFO [main] o.s.d.r.c.RepositoryConfigurationExtensionSupport - Spring Data JDBC - Could not safely identify store assignment for repository candidate interface com.emprendetech.market.repositorys.DetallespedidoRepository; If you want this repository to be a JDBC repository, consider annotating your entities with one of these annotations: org.springframework.data.relational.core.mapping.Table.
2024-07-03 08:39:14 - INFO [main] o.s.d.r.c.RepositoryConfigurationExtensionSupport - Spring Data JDBC - Could not safely identify store assignment for repository candidate interface com.emprendetech.market.repositorys.EmprendimientosRepository; If you want this repository to be a JDBC repository, consider annotating your entities with one of these annotations: org.springframework.data.relational.core.mapping.Table.
2024-07-03 08:39:14 - INFO [main] o.s.d.r.c.RepositoryConfigurationExtensionSupport - Spring Data JDBC - Could not safely identify store assignment for repository candidate interface com.emprendetech.market.repositorys.IngresosRepository; If you want this repository to be a JDBC repository, consider annotating your entities with one of these annotations: org.springframework.data.relational.core.mapping.Table.
2024-07-03 08:39:14 - INFO [main] o.s.d.r.c.RepositoryConfigurationExtensionSupport - Spring Data JDBC - Could not safely identify store assignment for repository candidate interface com.emprendetech.market.repositorys.MedidasRepository; If you want this repository to be a JDBC repository, consider annotating your entities with one of these annotations: org.springframework.data.relational.core.mapping.Table.
2024-07-03 08:39:14 - INFO [main] o.s.d.r.c.RepositoryConfigurationExtensionSupport - Spring Data JDBC - Could not safely identify store assignment for repository candidate interface com.emprendetech.market.repositorys.MetodospagoRepository; If you want this repository to be a JDBC repository, consider annotating your entities with one of these annotations: org.springframework.data.relational.core.mapping.Table.
2024-07-03 08:39:14 - INFO [main] o.s.d.r.c.RepositoryConfigurationExtensionSupport - Spring Data JDBC - Could not safely identify store assignment for repository candidate interface com.emprendetech.market.repositorys.PedidosRepository; If you want this repository to be a JDBC repository, consider annotating your entities with one of these annotations: org.springframework.data.relational.core.mapping.Table.
2024-07-03 08:39:14 - INFO [main] o.s.d.r.c.RepositoryConfigurationExtensionSupport - Spring Data JDBC - Could not safely identify store assignment for repository candidate interface com.emprendetech.market.repositorys.PerfilesRepository; If you want this repository to be a JDBC repository, consider annotating your entities with one of these annotations: org.springframework.data.relational.core.mapping.Table.
2024-07-03 08:39:14 - INFO [main] o.s.d.r.c.RepositoryConfigurationExtensionSupport - Spring Data JDBC - Could not safely identify store assignment for repository candidate interface com.emprendetech.market.repositorys.PermisosRepository; If you want this repository to be a JDBC repository, consider annotating your entities with one of these annotations: org.springframework.data.relational.core.mapping.Table.
2024-07-03 08:39:14 - INFO [main] o.s.d.r.c.RepositoryConfigurationExtensionSupport - Spring Data JDBC - Could not safely identify store assignment for repository candidate interface com.emprendetech.market.repositorys.PersonasRepository; If you want this repository to be a JDBC repository, consider annotating your entities with one of these annotations: org.springframework.data.relational.core.mapping.Table.
2024-07-03 08:39:14 - INFO [main] o.s.d.r.c.RepositoryConfigurationExtensionSupport - Spring Data JDBC - Could not safely identify store assignment for repository candidate interface com.emprendetech.market.repositorys.ProductosRepository; If you want this repository to be a JDBC repository, consider annotating your entities with one of these annotations: org.springframework.data.relational.core.mapping.Table.
2024-07-03 08:39:14 - INFO [main] o.s.d.r.c.RepositoryConfigurationExtensionSupport - Spring Data JDBC - Could not safely identify store assignment for repository candidate interface com.emprendetech.market.repositorys.ProductosunidadRepository; If you want this repository to be a JDBC repository, consider annotating your entities with one of these annotations: org.springframework.data.relational.core.mapping.Table.
2024-07-03 08:39:14 - INFO [main] o.s.d.r.c.RepositoryConfigurationExtensionSupport - Spring Data JDBC - Could not safely identify store assignment for repository candidate interface com.emprendetech.market.repositorys.RolesRepository; If you want this repository to be a JDBC repository, consider annotating your entities with one of these annotations: org.springframework.data.relational.core.mapping.Table.
2024-07-03 08:39:14 - INFO [main] o.s.d.r.c.RepositoryConfigurationExtensionSupport - Spring Data JDBC - Could not safely identify store assignment for repository candidate interface com.emprendetech.market.repositorys.RolpermisosRepository; If you want this repository to be a JDBC repository, consider annotating your entities with one of these annotations: org.springframework.data.relational.core.mapping.Table.
2024-07-03 08:39:14 - INFO [main] o.s.d.r.c.RepositoryConfigurationExtensionSupport - Spring Data JDBC - Could not safely identify store assignment for repository candidate interface com.emprendetech.market.repositorys.UsuarioRepository; If you want this repository to be a JDBC repository, consider annotating your entities with one of these annotations: org.springframework.data.relational.core.mapping.Table.
2024-07-03 08:39:14 - INFO [main] o.s.d.r.c.RepositoryConfigurationExtensionSupport - Spring Data JDBC - Could not safely identify store assignment for repository candidate interface com.emprendetech.market.repositorys.VentasRepository; If you want this repository to be a JDBC repository, consider annotating your entities with one of these annotations: org.springframework.data.relational.core.mapping.Table.
2024-07-03 08:39:14 - INFO [main] o.s.d.r.c.RepositoryConfigurationDelegate - Finished Spring Data repository scanning in 180 ms. Found 0 JDBC repository interfaces.
2024-07-03 08:39:14 - INFO [main] o.s.d.r.c.RepositoryConfigurationDelegate - Multiple Spring Data modules found, entering strict repository configuration mode
2024-07-03 08:39:14 - INFO [main] o.s.d.r.c.RepositoryConfigurationDelegate - Bootstrapping Spring Data JPA repositories in DEFAULT mode.
2024-07-03 08:39:14 - INFO [main] o.s.d.r.c.RepositoryConfigurationDelegate - Finished Spring Data repository scanning in 184 ms. Found 18 JPA repository interfaces.
2024-07-03 08:39:15 - INFO [main] o.s.b.w.e.tomcat.TomcatWebServer - Tomcat initialized with port 8080 (http)
2024-07-03 08:39:15 - INFO [main] o.a.catalina.core.StandardService - Starting service [Tomcat]
2024-07-03 08:39:15 - INFO [main] o.a.catalina.core.StandardEngine - Starting Servlet engine: [Apache Tomcat/10.1.20]
2024-07-03 08:39:15 - INFO [main] o.a.c.c.C.[Tomcat].[localhost].[/] - Initializing Spring embedded WebApplicationContext
2024-07-03 08:39:15 - INFO [main] o.s.b.w.s.c.ServletWebServerApplicationContext - Root WebApplicationContext: initialization completed in 2708 ms
2024-07-03 08:39:15 - INFO [main] o.h.jpa.internal.util.LogHelper - HHH000204: Processing PersistenceUnitInfo [name: default]
2024-07-03 08:39:15 - INFO [main] org.hibernate.Version - HHH000412: Hibernate ORM core version 6.4.4.Final
2024-07-03 08:39:15 - INFO [main] o.h.c.i.RegionFactoryInitiator - HHH000026: Second-level cache disabled
2024-07-03 08:39:16 - INFO [main] o.s.o.j.p.SpringPersistenceUnitInfo - No LoadTimeWeaver setup: ignoring JPA class transformer
2024-07-03 08:39:16 - INFO [main] com.zaxxer.hikari.HikariDataSource - HikariPool-1 - Starting...
2024-07-03 08:39:16 - INFO [main] com.zaxxer.hikari.pool.HikariPool - HikariPool-1 - Added connection com.mysql.cj.jdbc.ConnectionImpl@636fccb0
2024-07-03 08:39:16 - INFO [main] com.zaxxer.hikari.HikariDataSource - HikariPool-1 - Start completed.
2024-07-03 08:39:16 - WARN [main] org.hibernate.orm.deprecation - HHH90000025: MySQLDialect does not need to be specified explicitly using 'hibernate.dialect' (remove the property setting and it will be selected by default)
2024-07-03 08:39:18 - INFO [main] o.h.e.t.j.p.i.JtaPlatformInitiator - HHH000489: No JTA platform available (set 'hibernate.transaction.jta.platform' to enable JTA platform integration)
2024-07-03 08:39:18 - INFO [main] o.s.o.j.LocalContainerEntityManagerFactoryBean - Initialized JPA EntityManagerFactory for persistence unit 'default'
2024-07-03 08:39:19 - WARN [main] o.s.b.a.o.j.JpaBaseConfiguration$JpaWebConfiguration - spring.jpa.open-in-view is enabled by default. Therefore, database queries may be performed during view rendering. Explicitly configure spring.jpa.open-in-view to disable this warning
2024-07-03 08:39:19 - INFO [main] o.s.s.web.DefaultSecurityFilterChain - Will secure any request with [org.springframework.security.web.session.DisableEncodeUrlFilter@2dacad1d, org.springframework.security.web.context.request.async.WebAsyncManagerIntegrationFilter@15a87fbb, org.springframework.security.web.context.SecurityContextHolderFilter@2d10160a, org.springframework.security.web.header.HeaderWriterFilter@509e4d53, org.springframework.web.filter.CorsFilter@6d92bfaf, org.springframework.security.web.authentication.logout.LogoutFilter@1ae8556c, com.emprendetech.market.security.jwtToken.service.JwtAuthFilter@5f510929, org.springframework.security.web.authentication.www.BasicAuthenticationFilter@21632bf8, org.springframework.security.web.savedrequest.RequestCacheAwareFilter@4a1abba1, org.springframework.security.web.servletapi.SecurityContextHolderAwareRequestFilter@67263db7, org.springframework.security.web.authentication.AnonymousAuthenticationFilter@a23b96b, org.springframework.security.web.session.SessionManagementFilter@1a345c6c, org.springframework.security.web.access.ExceptionTranslationFilter@70799ca7, org.springframework.security.web.access.intercept.AuthorizationFilter@37227aa7]
2024-07-03 08:39:20 - INFO [main] o.s.b.w.e.tomcat.TomcatWebServer - Tomcat started on port 8080 (http) with context path ''
2024-07-03 08:39:20 - INFO [main] c.e.market.MarketApplication - Started MarketApplication in 8.307 seconds (process running for 14.851)
2024-07-03 08:42:37 - INFO [http-nio-8080-exec-2] o.a.c.c.C.[Tomcat].[localhost].[/] - Initializing Spring DispatcherServlet 'dispatcherServlet'
2024-07-03 08:42:37 - INFO [http-nio-8080-exec-2] o.s.web.servlet.DispatcherServlet - Initializing Servlet 'dispatcherServlet'
2024-07-03 08:42:37 - INFO [http-nio-8080-exec-2] o.s.web.servlet.DispatcherServlet - Completed initialization in 5 ms
2024-07-03 08:42:37 - INFO [http-nio-8080-exec-2] c.e.m.s.j.service.JwtAuthFilter - llegue a JwtAuthFilter 
2024-07-03 08:42:37 - INFO [http-nio-8080-exec-2] c.e.m.s.j.service.UserController - llegue a UserController 
2024-07-03 08:42:37 - INFO [http-nio-8080-exec-2] c.e.m.s.j.service.UserController - llegue a UserController datos com.emprendetech.market.service.requestDto.UsuarioContrasenaDto@65914dd4
2024-07-03 08:42:38 - INFO [http-nio-8080-exec-2] c.e.m.s.j.service.UserInfoService - llegue a UserInfoService 
2024-07-03 08:42:38 - INFO [http-nio-8080-exec-2] c.e.m.s.j.service.JwtAuthFilter - llegue a JwtAuthFilter responde esto org.springframework.security.web.FilterChainProxy$VirtualFilterChain@2e8ad5c0
2024-07-03 08:43:39 - INFO [RMI TCP Connection(7)-127.0.0.1] o.s.b.a.SpringApplicationAdminMXBeanRegistrar$SpringApplicationAdmin - Application shutdown requested.
2024-07-03 08:43:39 - INFO [RMI TCP Connection(7)-127.0.0.1] o.s.o.j.LocalContainerEntityManagerFactoryBean - Closing JPA EntityManagerFactory for persistence unit 'default'
2024-07-03 08:43:39 - INFO [RMI TCP Connection(7)-127.0.0.1] com.zaxxer.hikari.HikariDataSource - HikariPool-1 - Shutdown initiated...
2024-07-03 08:43:39 - INFO [RMI TCP Connection(7)-127.0.0.1] com.zaxxer.hikari.HikariDataSource - HikariPool-1 - Shutdown completed.
2024-07-03 08:45:01 - INFO [main] c.e.market.MarketApplication - Starting MarketApplication using Java 17.0.11 with PID 1726 (/Users/israeldaviddomingueztovar/Documents/workspace-spring-tool-suite-4-4.22.0.RELEASE/market/target/classes started by israeldaviddomingueztovar in /Users/israeldaviddomingueztovar/Documents/workspace-spring-tool-suite-4-4.22.0.RELEASE/market)
2024-07-03 08:45:01 - INFO [main] c.e.market.MarketApplication - No active profile set, falling back to 1 default profile: "default"
2024-07-03 08:45:02 - INFO [main] o.s.d.r.c.RepositoryConfigurationDelegate - Multiple Spring Data modules found, entering strict repository configuration mode
2024-07-03 08:45:02 - INFO [main] o.s.d.r.c.RepositoryConfigurationDelegate - Bootstrapping Spring Data JDBC repositories in DEFAULT mode.
2024-07-03 08:45:02 - INFO [main] o.s.d.r.c.RepositoryConfigurationExtensionSupport - Spring Data JDBC - Could not safely identify store assignment for repository candidate interface com.emprendetech.market.repositorys.CajaRepository; If you want this repository to be a JDBC repository, consider annotating your entities with one of these annotations: org.springframework.data.relational.core.mapping.Table.
2024-07-03 08:45:02 - INFO [main] o.s.d.r.c.RepositoryConfigurationExtensionSupport - Spring Data JDBC - Could not safely identify store assignment for repository candidate interface com.emprendetech.market.repositorys.CategoriasRepository; If you want this repository to be a JDBC repository, consider annotating your entities with one of these annotations: org.springframework.data.relational.core.mapping.Table.
2024-07-03 08:45:02 - INFO [main] o.s.d.r.c.RepositoryConfigurationExtensionSupport - Spring Data JDBC - Could not safely identify store assignment for repository candidate interface com.emprendetech.market.repositorys.ClientesRepository; If you want this repository to be a JDBC repository, consider annotating your entities with one of these annotations: org.springframework.data.relational.core.mapping.Table.
2024-07-03 08:45:02 - INFO [main] o.s.d.r.c.RepositoryConfigurationExtensionSupport - Spring Data JDBC - Could not safely identify store assignment for repository candidate interface com.emprendetech.market.repositorys.DetallespedidoRepository; If you want this repository to be a JDBC repository, consider annotating your entities with one of these annotations: org.springframework.data.relational.core.mapping.Table.
2024-07-03 08:45:02 - INFO [main] o.s.d.r.c.RepositoryConfigurationExtensionSupport - Spring Data JDBC - Could not safely identify store assignment for repository candidate interface com.emprendetech.market.repositorys.EmprendimientosRepository; If you want this repository to be a JDBC repository, consider annotating your entities with one of these annotations: org.springframework.data.relational.core.mapping.Table.
2024-07-03 08:45:02 - INFO [main] o.s.d.r.c.RepositoryConfigurationExtensionSupport - Spring Data JDBC - Could not safely identify store assignment for repository candidate interface com.emprendetech.market.repositorys.IngresosRepository; If you want this repository to be a JDBC repository, consider annotating your entities with one of these annotations: org.springframework.data.relational.core.mapping.Table.
2024-07-03 08:45:02 - INFO [main] o.s.d.r.c.RepositoryConfigurationExtensionSupport - Spring Data JDBC - Could not safely identify store assignment for repository candidate interface com.emprendetech.market.repositorys.MedidasRepository; If you want this repository to be a JDBC repository, consider annotating your entities with one of these annotations: org.springframework.data.relational.core.mapping.Table.
2024-07-03 08:45:02 - INFO [main] o.s.d.r.c.RepositoryConfigurationExtensionSupport - Spring Data JDBC - Could not safely identify store assignment for repository candidate interface com.emprendetech.market.repositorys.MetodospagoRepository; If you want this repository to be a JDBC repository, consider annotating your entities with one of these annotations: org.springframework.data.relational.core.mapping.Table.
2024-07-03 08:45:02 - INFO [main] o.s.d.r.c.RepositoryConfigurationExtensionSupport - Spring Data JDBC - Could not safely identify store assignment for repository candidate interface com.emprendetech.market.repositorys.PedidosRepository; If you want this repository to be a JDBC repository, consider annotating your entities with one of these annotations: org.springframework.data.relational.core.mapping.Table.
2024-07-03 08:45:02 - INFO [main] o.s.d.r.c.RepositoryConfigurationExtensionSupport - Spring Data JDBC - Could not safely identify store assignment for repository candidate interface com.emprendetech.market.repositorys.PerfilesRepository; If you want this repository to be a JDBC repository, consider annotating your entities with one of these annotations: org.springframework.data.relational.core.mapping.Table.
2024-07-03 08:45:02 - INFO [main] o.s.d.r.c.RepositoryConfigurationExtensionSupport - Spring Data JDBC - Could not safely identify store assignment for repository candidate interface com.emprendetech.market.repositorys.PermisosRepository; If you want this repository to be a JDBC repository, consider annotating your entities with one of these annotations: org.springframework.data.relational.core.mapping.Table.
2024-07-03 08:45:02 - INFO [main] o.s.d.r.c.RepositoryConfigurationExtensionSupport - Spring Data JDBC - Could not safely identify store assignment for repository candidate interface com.emprendetech.market.repositorys.PersonasRepository; If you want this repository to be a JDBC repository, consider annotating your entities with one of these annotations: org.springframework.data.relational.core.mapping.Table.
2024-07-03 08:45:02 - INFO [main] o.s.d.r.c.RepositoryConfigurationExtensionSupport - Spring Data JDBC - Could not safely identify store assignment for repository candidate interface com.emprendetech.market.repositorys.ProductosRepository; If you want this repository to be a JDBC repository, consider annotating your entities with one of these annotations: org.springframework.data.relational.core.mapping.Table.
2024-07-03 08:45:02 - INFO [main] o.s.d.r.c.RepositoryConfigurationExtensionSupport - Spring Data JDBC - Could not safely identify store assignment for repository candidate interface com.emprendetech.market.repositorys.ProductosunidadRepository; If you want this repository to be a JDBC repository, consider annotating your entities with one of these annotations: org.springframework.data.relational.core.mapping.Table.
2024-07-03 08:45:02 - INFO [main] o.s.d.r.c.RepositoryConfigurationExtensionSupport - Spring Data JDBC - Could not safely identify store assignment for repository candidate interface com.emprendetech.market.repositorys.RolesRepository; If you want this repository to be a JDBC repository, consider annotating your entities with one of these annotations: org.springframework.data.relational.core.mapping.Table.
2024-07-03 08:45:02 - INFO [main] o.s.d.r.c.RepositoryConfigurationExtensionSupport - Spring Data JDBC - Could not safely identify store assignment for repository candidate interface com.emprendetech.market.repositorys.RolpermisosRepository; If you want this repository to be a JDBC repository, consider annotating your entities with one of these annotations: org.springframework.data.relational.core.mapping.Table.
2024-07-03 08:45:02 - INFO [main] o.s.d.r.c.RepositoryConfigurationExtensionSupport - Spring Data JDBC - Could not safely identify store assignment for repository candidate interface com.emprendetech.market.repositorys.UsuarioRepository; If you want this repository to be a JDBC repository, consider annotating your entities with one of these annotations: org.springframework.data.relational.core.mapping.Table.
2024-07-03 08:45:02 - INFO [main] o.s.d.r.c.RepositoryConfigurationExtensionSupport - Spring Data JDBC - Could not safely identify store assignment for repository candidate interface com.emprendetech.market.repositorys.VentasRepository; If you want this repository to be a JDBC repository, consider annotating your entities with one of these annotations: org.springframework.data.relational.core.mapping.Table.
2024-07-03 08:45:02 - INFO [main] o.s.d.r.c.RepositoryConfigurationDelegate - Finished Spring Data repository scanning in 85 ms. Found 0 JDBC repository interfaces.
2024-07-03 08:45:02 - INFO [main] o.s.d.r.c.RepositoryConfigurationDelegate - Multiple Spring Data modules found, entering strict repository configuration mode
2024-07-03 08:45:02 - INFO [main] o.s.d.r.c.RepositoryConfigurationDelegate - Bootstrapping Spring Data JPA repositories in DEFAULT mode.
2024-07-03 08:45:02 - INFO [main] o.s.d.r.c.RepositoryConfigurationDelegate - Finished Spring Data repository scanning in 115 ms. Found 18 JPA repository interfaces.
2024-07-03 08:45:03 - INFO [main] o.s.b.w.e.tomcat.TomcatWebServer - Tomcat initialized with port 8080 (http)
2024-07-03 08:45:03 - INFO [main] o.a.catalina.core.StandardService - Starting service [Tomcat]
2024-07-03 08:45:03 - INFO [main] o.a.catalina.core.StandardEngine - Starting Servlet engine: [Apache Tomcat/10.1.20]
2024-07-03 08:45:03 - INFO [main] o.a.c.c.C.[Tomcat].[localhost].[/] - Initializing Spring embedded WebApplicationContext
2024-07-03 08:45:03 - INFO [main] o.s.b.w.s.c.ServletWebServerApplicationContext - Root WebApplicationContext: initialization completed in 2280 ms
2024-07-03 08:45:03 - INFO [main] o.h.jpa.internal.util.LogHelper - HHH000204: Processing PersistenceUnitInfo [name: default]
2024-07-03 08:45:03 - INFO [main] org.hibernate.Version - HHH000412: Hibernate ORM core version 6.4.4.Final
2024-07-03 08:45:03 - INFO [main] o.h.c.i.RegionFactoryInitiator - HHH000026: Second-level cache disabled
2024-07-03 08:45:04 - INFO [main] o.s.o.j.p.SpringPersistenceUnitInfo - No LoadTimeWeaver setup: ignoring JPA class transformer
2024-07-03 08:45:04 - INFO [main] com.zaxxer.hikari.HikariDataSource - HikariPool-1 - Starting...
2024-07-03 08:45:04 - INFO [main] com.zaxxer.hikari.pool.HikariPool - HikariPool-1 - Added connection com.mysql.cj.jdbc.ConnectionImpl@48d5ca17
2024-07-03 08:45:04 - INFO [main] com.zaxxer.hikari.HikariDataSource - HikariPool-1 - Start completed.
2024-07-03 08:45:04 - WARN [main] org.hibernate.orm.deprecation - HHH90000025: MySQLDialect does not need to be specified explicitly using 'hibernate.dialect' (remove the property setting and it will be selected by default)
2024-07-03 08:45:06 - INFO [main] o.h.e.t.j.p.i.JtaPlatformInitiator - HHH000489: No JTA platform available (set 'hibernate.transaction.jta.platform' to enable JTA platform integration)
2024-07-03 08:45:06 - INFO [main] o.s.o.j.LocalContainerEntityManagerFactoryBean - Initialized JPA EntityManagerFactory for persistence unit 'default'
2024-07-03 08:45:07 - WARN [main] o.s.b.a.o.j.JpaBaseConfiguration$JpaWebConfiguration - spring.jpa.open-in-view is enabled by default. Therefore, database queries may be performed during view rendering. Explicitly configure spring.jpa.open-in-view to disable this warning
2024-07-03 08:45:07 - INFO [main] o.s.s.web.DefaultSecurityFilterChain - Will secure any request with [org.springframework.security.web.session.DisableEncodeUrlFilter@5a919251, org.springframework.security.web.context.request.async.WebAsyncManagerIntegrationFilter@33a0b857, org.springframework.security.web.context.SecurityContextHolderFilter@14ea3ecf, org.springframework.security.web.header.HeaderWriterFilter@2d10160a, org.springframework.web.filter.CorsFilter@b3c7c75, org.springframework.security.web.authentication.logout.LogoutFilter@57e2d15c, com.emprendetech.market.security.jwtToken.service.JwtAuthFilter@7a91027c, org.springframework.security.web.authentication.www.BasicAuthenticationFilter@455591ad, org.springframework.security.web.savedrequest.RequestCacheAwareFilter@1252d480, org.springframework.security.web.servletapi.SecurityContextHolderAwareRequestFilter@59b8a801, org.springframework.security.web.authentication.AnonymousAuthenticationFilter@55e75ce0, org.springframework.security.web.session.SessionManagementFilter@c1d9c40, org.springframework.security.web.access.ExceptionTranslationFilter@6b26839d, org.springframework.security.web.access.intercept.AuthorizationFilter@408708a1]
2024-07-03 08:45:08 - INFO [main] o.s.b.w.e.tomcat.TomcatWebServer - Tomcat started on port 8080 (http) with context path ''
2024-07-03 08:45:08 - INFO [main] c.e.market.MarketApplication - Started MarketApplication in 7.495 seconds (process running for 13.367)
2024-07-03 08:45:11 - INFO [http-nio-8080-exec-1] o.a.c.c.C.[Tomcat].[localhost].[/] - Initializing Spring DispatcherServlet 'dispatcherServlet'
2024-07-03 08:45:11 - INFO [http-nio-8080-exec-1] o.s.web.servlet.DispatcherServlet - Initializing Servlet 'dispatcherServlet'
2024-07-03 08:45:11 - INFO [http-nio-8080-exec-1] o.s.web.servlet.DispatcherServlet - Completed initialization in 4 ms
2024-07-03 08:45:11 - INFO [http-nio-8080-exec-1] c.e.m.s.j.service.JwtAuthFilter - llegue a JwtAuthFilter 
2024-07-03 08:45:11 - INFO [http-nio-8080-exec-1] c.e.m.s.j.service.UserController - llegue a UserController 
2024-07-03 08:45:11 - INFO [http-nio-8080-exec-1] c.e.m.s.j.service.UserController - llegue a UserController datos NombreP1 ApellidoPP1contrasena1
2024-07-03 08:45:11 - INFO [http-nio-8080-exec-1] c.e.m.s.j.service.UserInfoService - llegue a UserInfoService 
2024-07-03 08:45:11 - INFO [http-nio-8080-exec-1] c.e.m.s.j.service.JwtAuthFilter - llegue a JwtAuthFilter responde esto org.springframework.security.web.FilterChainProxy$VirtualFilterChain@10d22987
2024-07-03 08:47:19 - INFO [RMI TCP Connection(6)-127.0.0.1] o.s.b.a.SpringApplicationAdminMXBeanRegistrar$SpringApplicationAdmin - Application shutdown requested.
2024-07-03 08:47:19 - INFO [RMI TCP Connection(6)-127.0.0.1] o.s.o.j.LocalContainerEntityManagerFactoryBean - Closing JPA EntityManagerFactory for persistence unit 'default'
2024-07-03 08:47:19 - INFO [RMI TCP Connection(6)-127.0.0.1] com.zaxxer.hikari.HikariDataSource - HikariPool-1 - Shutdown initiated...
2024-07-03 08:47:19 - INFO [RMI TCP Connection(6)-127.0.0.1] com.zaxxer.hikari.HikariDataSource - HikariPool-1 - Shutdown completed.
2024-07-03 08:47:34 - INFO [main] c.e.market.MarketApplication - Starting MarketApplication using Java 17.0.11 with PID 1737 (/Users/israeldaviddomingueztovar/Documents/workspace-spring-tool-suite-4-4.22.0.RELEASE/market/target/classes started by israeldaviddomingueztovar in /Users/israeldaviddomingueztovar/Documents/workspace-spring-tool-suite-4-4.22.0.RELEASE/market)
2024-07-03 08:47:34 - INFO [main] c.e.market.MarketApplication - No active profile set, falling back to 1 default profile: "default"
2024-07-03 08:47:35 - INFO [main] o.s.d.r.c.RepositoryConfigurationDelegate - Multiple Spring Data modules found, entering strict repository configuration mode
2024-07-03 08:47:35 - INFO [main] o.s.d.r.c.RepositoryConfigurationDelegate - Bootstrapping Spring Data JDBC repositories in DEFAULT mode.
2024-07-03 08:47:35 - INFO [main] o.s.d.r.c.RepositoryConfigurationExtensionSupport - Spring Data JDBC - Could not safely identify store assignment for repository candidate interface com.emprendetech.market.repositorys.CajaRepository; If you want this repository to be a JDBC repository, consider annotating your entities with one of these annotations: org.springframework.data.relational.core.mapping.Table.
2024-07-03 08:47:35 - INFO [main] o.s.d.r.c.RepositoryConfigurationExtensionSupport - Spring Data JDBC - Could not safely identify store assignment for repository candidate interface com.emprendetech.market.repositorys.CategoriasRepository; If you want this repository to be a JDBC repository, consider annotating your entities with one of these annotations: org.springframework.data.relational.core.mapping.Table.
2024-07-03 08:47:35 - INFO [main] o.s.d.r.c.RepositoryConfigurationExtensionSupport - Spring Data JDBC - Could not safely identify store assignment for repository candidate interface com.emprendetech.market.repositorys.ClientesRepository; If you want this repository to be a JDBC repository, consider annotating your entities with one of these annotations: org.springframework.data.relational.core.mapping.Table.
2024-07-03 08:47:35 - INFO [main] o.s.d.r.c.RepositoryConfigurationExtensionSupport - Spring Data JDBC - Could not safely identify store assignment for repository candidate interface com.emprendetech.market.repositorys.DetallespedidoRepository; If you want this repository to be a JDBC repository, consider annotating your entities with one of these annotations: org.springframework.data.relational.core.mapping.Table.
2024-07-03 08:47:35 - INFO [main] o.s.d.r.c.RepositoryConfigurationExtensionSupport - Spring Data JDBC - Could not safely identify store assignment for repository candidate interface com.emprendetech.market.repositorys.EmprendimientosRepository; If you want this repository to be a JDBC repository, consider annotating your entities with one of these annotations: org.springframework.data.relational.core.mapping.Table.
2024-07-03 08:47:35 - INFO [main] o.s.d.r.c.RepositoryConfigurationExtensionSupport - Spring Data JDBC - Could not safely identify store assignment for repository candidate interface com.emprendetech.market.repositorys.IngresosRepository; If you want this repository to be a JDBC repository, consider annotating your entities with one of these annotations: org.springframework.data.relational.core.mapping.Table.
2024-07-03 08:47:35 - INFO [main] o.s.d.r.c.RepositoryConfigurationExtensionSupport - Spring Data JDBC - Could not safely identify store assignment for repository candidate interface com.emprendetech.market.repositorys.MedidasRepository; If you want this repository to be a JDBC repository, consider annotating your entities with one of these annotations: org.springframework.data.relational.core.mapping.Table.
2024-07-03 08:47:35 - INFO [main] o.s.d.r.c.RepositoryConfigurationExtensionSupport - Spring Data JDBC - Could not safely identify store assignment for repository candidate interface com.emprendetech.market.repositorys.MetodospagoRepository; If you want this repository to be a JDBC repository, consider annotating your entities with one of these annotations: org.springframework.data.relational.core.mapping.Table.
2024-07-03 08:47:35 - INFO [main] o.s.d.r.c.RepositoryConfigurationExtensionSupport - Spring Data JDBC - Could not safely identify store assignment for repository candidate interface com.emprendetech.market.repositorys.PedidosRepository; If you want this repository to be a JDBC repository, consider annotating your entities with one of these annotations: org.springframework.data.relational.core.mapping.Table.
2024-07-03 08:47:35 - INFO [main] o.s.d.r.c.RepositoryConfigurationExtensionSupport - Spring Data JDBC - Could not safely identify store assignment for repository candidate interface com.emprendetech.market.repositorys.PerfilesRepository; If you want this repository to be a JDBC repository, consider annotating your entities with one of these annotations: org.springframework.data.relational.core.mapping.Table.
2024-07-03 08:47:35 - INFO [main] o.s.d.r.c.RepositoryConfigurationExtensionSupport - Spring Data JDBC - Could not safely identify store assignment for repository candidate interface com.emprendetech.market.repositorys.PermisosRepository; If you want this repository to be a JDBC repository, consider annotating your entities with one of these annotations: org.springframework.data.relational.core.mapping.Table.
2024-07-03 08:47:35 - INFO [main] o.s.d.r.c.RepositoryConfigurationExtensionSupport - Spring Data JDBC - Could not safely identify store assignment for repository candidate interface com.emprendetech.market.repositorys.PersonasRepository; If you want this repository to be a JDBC repository, consider annotating your entities with one of these annotations: org.springframework.data.relational.core.mapping.Table.
2024-07-03 08:47:35 - INFO [main] o.s.d.r.c.RepositoryConfigurationExtensionSupport - Spring Data JDBC - Could not safely identify store assignment for repository candidate interface com.emprendetech.market.repositorys.ProductosRepository; If you want this repository to be a JDBC repository, consider annotating your entities with one of these annotations: org.springframework.data.relational.core.mapping.Table.
2024-07-03 08:47:35 - INFO [main] o.s.d.r.c.RepositoryConfigurationExtensionSupport - Spring Data JDBC - Could not safely identify store assignment for repository candidate interface com.emprendetech.market.repositorys.ProductosunidadRepository; If you want this repository to be a JDBC repository, consider annotating your entities with one of these annotations: org.springframework.data.relational.core.mapping.Table.
2024-07-03 08:47:35 - INFO [main] o.s.d.r.c.RepositoryConfigurationExtensionSupport - Spring Data JDBC - Could not safely identify store assignment for repository candidate interface com.emprendetech.market.repositorys.RolesRepository; If you want this repository to be a JDBC repository, consider annotating your entities with one of these annotations: org.springframework.data.relational.core.mapping.Table.
2024-07-03 08:47:35 - INFO [main] o.s.d.r.c.RepositoryConfigurationExtensionSupport - Spring Data JDBC - Could not safely identify store assignment for repository candidate interface com.emprendetech.market.repositorys.RolpermisosRepository; If you want this repository to be a JDBC repository, consider annotating your entities with one of these annotations: org.springframework.data.relational.core.mapping.Table.
2024-07-03 08:47:35 - INFO [main] o.s.d.r.c.RepositoryConfigurationExtensionSupport - Spring Data JDBC - Could not safely identify store assignment for repository candidate interface com.emprendetech.market.repositorys.UsuarioRepository; If you want this repository to be a JDBC repository, consider annotating your entities with one of these annotations: org.springframework.data.relational.core.mapping.Table.
2024-07-03 08:47:35 - INFO [main] o.s.d.r.c.RepositoryConfigurationExtensionSupport - Spring Data JDBC - Could not safely identify store assignment for repository candidate interface com.emprendetech.market.repositorys.VentasRepository; If you want this repository to be a JDBC repository, consider annotating your entities with one of these annotations: org.springframework.data.relational.core.mapping.Table.
2024-07-03 08:47:35 - INFO [main] o.s.d.r.c.RepositoryConfigurationDelegate - Finished Spring Data repository scanning in 88 ms. Found 0 JDBC repository interfaces.
2024-07-03 08:47:35 - INFO [main] o.s.d.r.c.RepositoryConfigurationDelegate - Multiple Spring Data modules found, entering strict repository configuration mode
2024-07-03 08:47:35 - INFO [main] o.s.d.r.c.RepositoryConfigurationDelegate - Bootstrapping Spring Data JPA repositories in DEFAULT mode.
2024-07-03 08:47:35 - INFO [main] o.s.d.r.c.RepositoryConfigurationDelegate - Finished Spring Data repository scanning in 89 ms. Found 18 JPA repository interfaces.
2024-07-03 08:47:36 - INFO [main] o.s.b.w.e.tomcat.TomcatWebServer - Tomcat initialized with port 8080 (http)
2024-07-03 08:47:36 - INFO [main] o.a.catalina.core.StandardService - Starting service [Tomcat]
2024-07-03 08:47:36 - INFO [main] o.a.catalina.core.StandardEngine - Starting Servlet engine: [Apache Tomcat/10.1.20]
2024-07-03 08:47:36 - INFO [main] o.a.c.c.C.[Tomcat].[localhost].[/] - Initializing Spring embedded WebApplicationContext
2024-07-03 08:47:36 - INFO [main] o.s.b.w.s.c.ServletWebServerApplicationContext - Root WebApplicationContext: initialization completed in 2329 ms
2024-07-03 08:47:36 - INFO [main] o.h.jpa.internal.util.LogHelper - HHH000204: Processing PersistenceUnitInfo [name: default]
2024-07-03 08:47:36 - INFO [main] org.hibernate.Version - HHH000412: Hibernate ORM core version 6.4.4.Final
2024-07-03 08:47:36 - INFO [main] o.h.c.i.RegionFactoryInitiator - HHH000026: Second-level cache disabled
2024-07-03 08:47:37 - INFO [main] o.s.o.j.p.SpringPersistenceUnitInfo - No LoadTimeWeaver setup: ignoring JPA class transformer
2024-07-03 08:47:37 - INFO [main] com.zaxxer.hikari.HikariDataSource - HikariPool-1 - Starting...
2024-07-03 08:47:37 - INFO [main] com.zaxxer.hikari.pool.HikariPool - HikariPool-1 - Added connection com.mysql.cj.jdbc.ConnectionImpl@3de88f64
2024-07-03 08:47:37 - INFO [main] com.zaxxer.hikari.HikariDataSource - HikariPool-1 - Start completed.
2024-07-03 08:47:37 - WARN [main] org.hibernate.orm.deprecation - HHH90000025: MySQLDialect does not need to be specified explicitly using 'hibernate.dialect' (remove the property setting and it will be selected by default)
2024-07-03 08:47:39 - INFO [main] o.h.e.t.j.p.i.JtaPlatformInitiator - HHH000489: No JTA platform available (set 'hibernate.transaction.jta.platform' to enable JTA platform integration)
2024-07-03 08:47:39 - INFO [main] o.s.o.j.LocalContainerEntityManagerFactoryBean - Initialized JPA EntityManagerFactory for persistence unit 'default'
2024-07-03 08:47:40 - WARN [main] o.s.b.a.o.j.JpaBaseConfiguration$JpaWebConfiguration - spring.jpa.open-in-view is enabled by default. Therefore, database queries may be performed during view rendering. Explicitly configure spring.jpa.open-in-view to disable this warning
2024-07-03 08:47:40 - INFO [main] o.s.s.web.DefaultSecurityFilterChain - Will secure any request with [org.springframework.security.web.session.DisableEncodeUrlFilter@35e63d26, org.springframework.security.web.context.request.async.WebAsyncManagerIntegrationFilter@5d51203b, org.springframework.security.web.context.SecurityContextHolderFilter@42365c82, org.springframework.security.web.header.HeaderWriterFilter@20f94e9a, org.springframework.web.filter.CorsFilter@32be672d, org.springframework.security.web.authentication.logout.LogoutFilter@72364a40, com.emprendetech.market.security.jwtToken.service.JwtAuthFilter@7fd7085d, org.springframework.security.web.authentication.www.BasicAuthenticationFilter@b3c7c75, org.springframework.security.web.savedrequest.RequestCacheAwareFilter@5aa026e9, org.springframework.security.web.servletapi.SecurityContextHolderAwareRequestFilter@499f9003, org.springframework.security.web.authentication.AnonymousAuthenticationFilter@23e54c8a, org.springframework.security.web.session.SessionManagementFilter@1252d480, org.springframework.security.web.access.ExceptionTranslationFilter@67263db7, org.springframework.security.web.access.intercept.AuthorizationFilter@a23b96b]
2024-07-03 08:47:41 - INFO [main] o.s.b.w.e.tomcat.TomcatWebServer - Tomcat started on port 8080 (http) with context path ''
2024-07-03 08:47:41 - INFO [main] c.e.market.MarketApplication - Started MarketApplication in 7.662 seconds (process running for 13.648)
2024-07-03 08:47:45 - INFO [http-nio-8080-exec-1] o.a.c.c.C.[Tomcat].[localhost].[/] - Initializing Spring DispatcherServlet 'dispatcherServlet'
2024-07-03 08:47:45 - INFO [http-nio-8080-exec-1] o.s.web.servlet.DispatcherServlet - Initializing Servlet 'dispatcherServlet'
2024-07-03 08:47:45 - INFO [http-nio-8080-exec-1] o.s.web.servlet.DispatcherServlet - Completed initialization in 5 ms
2024-07-03 08:47:45 - INFO [http-nio-8080-exec-1] c.e.m.s.j.service.JwtAuthFilter - llegue a JwtAuthFilter 
2024-07-03 08:47:45 - INFO [http-nio-8080-exec-1] c.e.m.s.j.service.UserController - llegue a UserController 
2024-07-03 08:47:45 - INFO [http-nio-8080-exec-1] c.e.m.s.j.service.UserController - llegue a UserController datos NombreP1 ApellidoPP1contrasena1
2024-07-03 08:47:45 - INFO [http-nio-8080-exec-1] c.e.m.s.j.service.UserInfoService - llegue a UserInfoService 
2024-07-03 08:47:45 - INFO [http-nio-8080-exec-1] c.e.m.s.j.service.JwtAuthFilter - llegue a JwtAuthFilter responde esto org.springframework.security.web.FilterChainProxy$VirtualFilterChain@1c0b873
2024-07-03 08:50:23 - INFO [RMI TCP Connection(5)-127.0.0.1] o.s.b.a.SpringApplicationAdminMXBeanRegistrar$SpringApplicationAdmin - Application shutdown requested.
2024-07-03 08:50:23 - INFO [RMI TCP Connection(5)-127.0.0.1] o.s.o.j.LocalContainerEntityManagerFactoryBean - Closing JPA EntityManagerFactory for persistence unit 'default'
2024-07-03 08:50:23 - INFO [RMI TCP Connection(5)-127.0.0.1] com.zaxxer.hikari.HikariDataSource - HikariPool-1 - Shutdown initiated...
2024-07-03 08:50:24 - INFO [RMI TCP Connection(5)-127.0.0.1] com.zaxxer.hikari.HikariDataSource - HikariPool-1 - Shutdown completed.
2024-07-03 08:52:33 - INFO [main] c.e.market.MarketApplication - Starting MarketApplication using Java 17.0.11 with PID 1761 (/Users/israeldaviddomingueztovar/Documents/workspace-spring-tool-suite-4-4.22.0.RELEASE/market/target/classes started by israeldaviddomingueztovar in /Users/israeldaviddomingueztovar/Documents/workspace-spring-tool-suite-4-4.22.0.RELEASE/market)
2024-07-03 08:52:33 - INFO [main] c.e.market.MarketApplication - No active profile set, falling back to 1 default profile: "default"
2024-07-03 08:52:34 - INFO [main] o.s.d.r.c.RepositoryConfigurationDelegate - Multiple Spring Data modules found, entering strict repository configuration mode
2024-07-03 08:52:34 - INFO [main] o.s.d.r.c.RepositoryConfigurationDelegate - Bootstrapping Spring Data JDBC repositories in DEFAULT mode.
2024-07-03 08:52:35 - INFO [main] o.s.d.r.c.RepositoryConfigurationExtensionSupport - Spring Data JDBC - Could not safely identify store assignment for repository candidate interface com.emprendetech.market.repositorys.CajaRepository; If you want this repository to be a JDBC repository, consider annotating your entities with one of these annotations: org.springframework.data.relational.core.mapping.Table.
2024-07-03 08:52:35 - INFO [main] o.s.d.r.c.RepositoryConfigurationExtensionSupport - Spring Data JDBC - Could not safely identify store assignment for repository candidate interface com.emprendetech.market.repositorys.CategoriasRepository; If you want this repository to be a JDBC repository, consider annotating your entities with one of these annotations: org.springframework.data.relational.core.mapping.Table.
2024-07-03 08:52:35 - INFO [main] o.s.d.r.c.RepositoryConfigurationExtensionSupport - Spring Data JDBC - Could not safely identify store assignment for repository candidate interface com.emprendetech.market.repositorys.ClientesRepository; If you want this repository to be a JDBC repository, consider annotating your entities with one of these annotations: org.springframework.data.relational.core.mapping.Table.
2024-07-03 08:52:35 - INFO [main] o.s.d.r.c.RepositoryConfigurationExtensionSupport - Spring Data JDBC - Could not safely identify store assignment for repository candidate interface com.emprendetech.market.repositorys.DetallespedidoRepository; If you want this repository to be a JDBC repository, consider annotating your entities with one of these annotations: org.springframework.data.relational.core.mapping.Table.
2024-07-03 08:52:35 - INFO [main] o.s.d.r.c.RepositoryConfigurationExtensionSupport - Spring Data JDBC - Could not safely identify store assignment for repository candidate interface com.emprendetech.market.repositorys.EmprendimientosRepository; If you want this repository to be a JDBC repository, consider annotating your entities with one of these annotations: org.springframework.data.relational.core.mapping.Table.
2024-07-03 08:52:35 - INFO [main] o.s.d.r.c.RepositoryConfigurationExtensionSupport - Spring Data JDBC - Could not safely identify store assignment for repository candidate interface com.emprendetech.market.repositorys.IngresosRepository; If you want this repository to be a JDBC repository, consider annotating your entities with one of these annotations: org.springframework.data.relational.core.mapping.Table.
2024-07-03 08:52:35 - INFO [main] o.s.d.r.c.RepositoryConfigurationExtensionSupport - Spring Data JDBC - Could not safely identify store assignment for repository candidate interface com.emprendetech.market.repositorys.MedidasRepository; If you want this repository to be a JDBC repository, consider annotating your entities with one of these annotations: org.springframework.data.relational.core.mapping.Table.
2024-07-03 08:52:35 - INFO [main] o.s.d.r.c.RepositoryConfigurationExtensionSupport - Spring Data JDBC - Could not safely identify store assignment for repository candidate interface com.emprendetech.market.repositorys.MetodospagoRepository; If you want this repository to be a JDBC repository, consider annotating your entities with one of these annotations: org.springframework.data.relational.core.mapping.Table.
2024-07-03 08:52:35 - INFO [main] o.s.d.r.c.RepositoryConfigurationExtensionSupport - Spring Data JDBC - Could not safely identify store assignment for repository candidate interface com.emprendetech.market.repositorys.PedidosRepository; If you want this repository to be a JDBC repository, consider annotating your entities with one of these annotations: org.springframework.data.relational.core.mapping.Table.
2024-07-03 08:52:35 - INFO [main] o.s.d.r.c.RepositoryConfigurationExtensionSupport - Spring Data JDBC - Could not safely identify store assignment for repository candidate interface com.emprendetech.market.repositorys.PerfilesRepository; If you want this repository to be a JDBC repository, consider annotating your entities with one of these annotations: org.springframework.data.relational.core.mapping.Table.
2024-07-03 08:52:35 - INFO [main] o.s.d.r.c.RepositoryConfigurationExtensionSupport - Spring Data JDBC - Could not safely identify store assignment for repository candidate interface com.emprendetech.market.repositorys.PermisosRepository; If you want this repository to be a JDBC repository, consider annotating your entities with one of these annotations: org.springframework.data.relational.core.mapping.Table.
2024-07-03 08:52:35 - INFO [main] o.s.d.r.c.RepositoryConfigurationExtensionSupport - Spring Data JDBC - Could not safely identify store assignment for repository candidate interface com.emprendetech.market.repositorys.PersonasRepository; If you want this repository to be a JDBC repository, consider annotating your entities with one of these annotations: org.springframework.data.relational.core.mapping.Table.
2024-07-03 08:52:35 - INFO [main] o.s.d.r.c.RepositoryConfigurationExtensionSupport - Spring Data JDBC - Could not safely identify store assignment for repository candidate interface com.emprendetech.market.repositorys.ProductosRepository; If you want this repository to be a JDBC repository, consider annotating your entities with one of these annotations: org.springframework.data.relational.core.mapping.Table.
2024-07-03 08:52:35 - INFO [main] o.s.d.r.c.RepositoryConfigurationExtensionSupport - Spring Data JDBC - Could not safely identify store assignment for repository candidate interface com.emprendetech.market.repositorys.ProductosunidadRepository; If you want this repository to be a JDBC repository, consider annotating your entities with one of these annotations: org.springframework.data.relational.core.mapping.Table.
2024-07-03 08:52:35 - INFO [main] o.s.d.r.c.RepositoryConfigurationExtensionSupport - Spring Data JDBC - Could not safely identify store assignment for repository candidate interface com.emprendetech.market.repositorys.RolesRepository; If you want this repository to be a JDBC repository, consider annotating your entities with one of these annotations: org.springframework.data.relational.core.mapping.Table.
2024-07-03 08:52:35 - INFO [main] o.s.d.r.c.RepositoryConfigurationExtensionSupport - Spring Data JDBC - Could not safely identify store assignment for repository candidate interface com.emprendetech.market.repositorys.RolpermisosRepository; If you want this repository to be a JDBC repository, consider annotating your entities with one of these annotations: org.springframework.data.relational.core.mapping.Table.
2024-07-03 08:52:35 - INFO [main] o.s.d.r.c.RepositoryConfigurationExtensionSupport - Spring Data JDBC - Could not safely identify store assignment for repository candidate interface com.emprendetech.market.repositorys.UsuarioRepository; If you want this repository to be a JDBC repository, consider annotating your entities with one of these annotations: org.springframework.data.relational.core.mapping.Table.
2024-07-03 08:52:35 - INFO [main] o.s.d.r.c.RepositoryConfigurationExtensionSupport - Spring Data JDBC - Could not safely identify store assignment for repository candidate interface com.emprendetech.market.repositorys.VentasRepository; If you want this repository to be a JDBC repository, consider annotating your entities with one of these annotations: org.springframework.data.relational.core.mapping.Table.
2024-07-03 08:52:35 - INFO [main] o.s.d.r.c.RepositoryConfigurationDelegate - Finished Spring Data repository scanning in 111 ms. Found 0 JDBC repository interfaces.
2024-07-03 08:52:35 - INFO [main] o.s.d.r.c.RepositoryConfigurationDelegate - Multiple Spring Data modules found, entering strict repository configuration mode
2024-07-03 08:52:35 - INFO [main] o.s.d.r.c.RepositoryConfigurationDelegate - Bootstrapping Spring Data JPA repositories in DEFAULT mode.
2024-07-03 08:52:35 - INFO [main] o.s.d.r.c.RepositoryConfigurationDelegate - Finished Spring Data repository scanning in 133 ms. Found 18 JPA repository interfaces.
2024-07-03 08:52:36 - INFO [main] o.s.b.w.e.tomcat.TomcatWebServer - Tomcat initialized with port 8080 (http)
2024-07-03 08:52:36 - INFO [main] o.a.catalina.core.StandardService - Starting service [Tomcat]
2024-07-03 08:52:36 - INFO [main] o.a.catalina.core.StandardEngine - Starting Servlet engine: [Apache Tomcat/10.1.20]
2024-07-03 08:52:36 - INFO [main] o.a.c.c.C.[Tomcat].[localhost].[/] - Initializing Spring embedded WebApplicationContext
2024-07-03 08:52:36 - INFO [main] o.s.b.w.s.c.ServletWebServerApplicationContext - Root WebApplicationContext: initialization completed in 2973 ms
2024-07-03 08:52:36 - INFO [main] o.h.jpa.internal.util.LogHelper - HHH000204: Processing PersistenceUnitInfo [name: default]
2024-07-03 08:52:36 - INFO [main] org.hibernate.Version - HHH000412: Hibernate ORM core version 6.4.4.Final
2024-07-03 08:52:36 - INFO [main] o.h.c.i.RegionFactoryInitiator - HHH000026: Second-level cache disabled
2024-07-03 08:52:37 - INFO [main] o.s.o.j.p.SpringPersistenceUnitInfo - No LoadTimeWeaver setup: ignoring JPA class transformer
2024-07-03 08:52:37 - INFO [main] com.zaxxer.hikari.HikariDataSource - HikariPool-1 - Starting...
2024-07-03 08:52:38 - INFO [main] com.zaxxer.hikari.pool.HikariPool - HikariPool-1 - Added connection com.mysql.cj.jdbc.ConnectionImpl@28519bfb
2024-07-03 08:52:38 - INFO [main] com.zaxxer.hikari.HikariDataSource - HikariPool-1 - Start completed.
2024-07-03 08:52:38 - WARN [main] org.hibernate.orm.deprecation - HHH90000025: MySQLDialect does not need to be specified explicitly using 'hibernate.dialect' (remove the property setting and it will be selected by default)
2024-07-03 08:52:41 - INFO [main] o.h.e.t.j.p.i.JtaPlatformInitiator - HHH000489: No JTA platform available (set 'hibernate.transaction.jta.platform' to enable JTA platform integration)
2024-07-03 08:52:41 - INFO [main] o.s.o.j.LocalContainerEntityManagerFactoryBean - Initialized JPA EntityManagerFactory for persistence unit 'default'
2024-07-03 08:52:43 - WARN [main] o.s.b.a.o.j.JpaBaseConfiguration$JpaWebConfiguration - spring.jpa.open-in-view is enabled by default. Therefore, database queries may be performed during view rendering. Explicitly configure spring.jpa.open-in-view to disable this warning
2024-07-03 08:52:43 - INFO [main] o.s.s.web.DefaultSecurityFilterChain - Will secure any request with [org.springframework.security.web.session.DisableEncodeUrlFilter@15a87fbb, org.springframework.security.web.context.request.async.WebAsyncManagerIntegrationFilter@6d92bfaf, org.springframework.security.web.context.SecurityContextHolderFilter@157ff8f8, org.springframework.security.web.header.HeaderWriterFilter@6f915016, org.springframework.web.filter.CorsFilter@a23b96b, org.springframework.security.web.authentication.logout.LogoutFilter@157e0f6b, com.emprendetech.market.security.jwtToken.service.JwtAuthFilter@55a2ca5e, org.springframework.security.web.authentication.www.BasicAuthenticationFilter@408708a1, org.springframework.security.web.savedrequest.RequestCacheAwareFilter@67263db7, org.springframework.security.web.servletapi.SecurityContextHolderAwareRequestFilter@4a2bc71f, org.springframework.security.web.authentication.AnonymousAuthenticationFilter@42af2977, org.springframework.security.web.session.SessionManagementFilter@6b26839d, org.springframework.security.web.access.ExceptionTranslationFilter@690113f0, org.springframework.security.web.access.intercept.AuthorizationFilter@57e2d15c]
2024-07-03 08:52:44 - INFO [main] o.s.b.w.e.tomcat.TomcatWebServer - Tomcat started on port 8080 (http) with context path ''
2024-07-03 08:52:44 - INFO [main] c.e.market.MarketApplication - Started MarketApplication in 12.241 seconds (process running for 18.808)
2024-07-03 08:54:01 - INFO [http-nio-8080-exec-2] o.a.c.c.C.[Tomcat].[localhost].[/] - Initializing Spring DispatcherServlet 'dispatcherServlet'
2024-07-03 08:54:01 - INFO [http-nio-8080-exec-2] o.s.web.servlet.DispatcherServlet - Initializing Servlet 'dispatcherServlet'
2024-07-03 08:54:01 - INFO [http-nio-8080-exec-2] o.s.web.servlet.DispatcherServlet - Completed initialization in 1 ms
2024-07-03 08:54:01 - INFO [http-nio-8080-exec-2] c.e.m.s.j.service.JwtAuthFilter - llegue a JwtAuthFilter 
2024-07-03 08:54:01 - INFO [http-nio-8080-exec-2] c.e.m.s.j.service.UserController - llegue a UserController 
2024-07-03 08:54:01 - INFO [http-nio-8080-exec-2] c.e.m.s.j.service.UserController - llegue a UserController datos NombreP1 ApellidoPP1contrasena1
2024-07-03 08:54:02 - INFO [http-nio-8080-exec-2] c.e.m.s.j.service.UserInfoService - llegue a UserInfoService 
2024-07-03 08:54:02 - INFO [http-nio-8080-exec-2] c.e.m.s.j.service.JwtAuthFilter - llegue a JwtAuthFilter responde esto org.springframework.security.web.FilterChainProxy$VirtualFilterChain@2498b4c9
2024-07-03 08:55:13 - INFO [RMI TCP Connection(5)-127.0.0.1] o.s.b.a.SpringApplicationAdminMXBeanRegistrar$SpringApplicationAdmin - Application shutdown requested.
2024-07-03 08:55:13 - INFO [RMI TCP Connection(5)-127.0.0.1] o.s.o.j.LocalContainerEntityManagerFactoryBean - Closing JPA EntityManagerFactory for persistence unit 'default'
2024-07-03 08:55:13 - INFO [RMI TCP Connection(5)-127.0.0.1] com.zaxxer.hikari.HikariDataSource - HikariPool-1 - Shutdown initiated...
2024-07-03 08:55:13 - INFO [RMI TCP Connection(5)-127.0.0.1] com.zaxxer.hikari.HikariDataSource - HikariPool-1 - Shutdown completed.
2024-07-03 08:55:25 - INFO [main] c.e.market.MarketApplication - Starting MarketApplication using Java 17.0.11 with PID 1788 (/Users/israeldaviddomingueztovar/Documents/workspace-spring-tool-suite-4-4.22.0.RELEASE/market/target/classes started by israeldaviddomingueztovar in /Users/israeldaviddomingueztovar/Documents/workspace-spring-tool-suite-4-4.22.0.RELEASE/market)
2024-07-03 08:55:25 - INFO [main] c.e.market.MarketApplication - No active profile set, falling back to 1 default profile: "default"
2024-07-03 08:55:27 - INFO [main] o.s.d.r.c.RepositoryConfigurationDelegate - Multiple Spring Data modules found, entering strict repository configuration mode
2024-07-03 08:55:27 - INFO [main] o.s.d.r.c.RepositoryConfigurationDelegate - Bootstrapping Spring Data JDBC repositories in DEFAULT mode.
2024-07-03 08:55:27 - INFO [main] o.s.d.r.c.RepositoryConfigurationExtensionSupport - Spring Data JDBC - Could not safely identify store assignment for repository candidate interface com.emprendetech.market.repositorys.CajaRepository; If you want this repository to be a JDBC repository, consider annotating your entities with one of these annotations: org.springframework.data.relational.core.mapping.Table.
2024-07-03 08:55:27 - INFO [main] o.s.d.r.c.RepositoryConfigurationExtensionSupport - Spring Data JDBC - Could not safely identify store assignment for repository candidate interface com.emprendetech.market.repositorys.CategoriasRepository; If you want this repository to be a JDBC repository, consider annotating your entities with one of these annotations: org.springframework.data.relational.core.mapping.Table.
2024-07-03 08:55:27 - INFO [main] o.s.d.r.c.RepositoryConfigurationExtensionSupport - Spring Data JDBC - Could not safely identify store assignment for repository candidate interface com.emprendetech.market.repositorys.ClientesRepository; If you want this repository to be a JDBC repository, consider annotating your entities with one of these annotations: org.springframework.data.relational.core.mapping.Table.
2024-07-03 08:55:27 - INFO [main] o.s.d.r.c.RepositoryConfigurationExtensionSupport - Spring Data JDBC - Could not safely identify store assignment for repository candidate interface com.emprendetech.market.repositorys.DetallespedidoRepository; If you want this repository to be a JDBC repository, consider annotating your entities with one of these annotations: org.springframework.data.relational.core.mapping.Table.
2024-07-03 08:55:27 - INFO [main] o.s.d.r.c.RepositoryConfigurationExtensionSupport - Spring Data JDBC - Could not safely identify store assignment for repository candidate interface com.emprendetech.market.repositorys.EmprendimientosRepository; If you want this repository to be a JDBC repository, consider annotating your entities with one of these annotations: org.springframework.data.relational.core.mapping.Table.
2024-07-03 08:55:27 - INFO [main] o.s.d.r.c.RepositoryConfigurationExtensionSupport - Spring Data JDBC - Could not safely identify store assignment for repository candidate interface com.emprendetech.market.repositorys.IngresosRepository; If you want this repository to be a JDBC repository, consider annotating your entities with one of these annotations: org.springframework.data.relational.core.mapping.Table.
2024-07-03 08:55:27 - INFO [main] o.s.d.r.c.RepositoryConfigurationExtensionSupport - Spring Data JDBC - Could not safely identify store assignment for repository candidate interface com.emprendetech.market.repositorys.MedidasRepository; If you want this repository to be a JDBC repository, consider annotating your entities with one of these annotations: org.springframework.data.relational.core.mapping.Table.
2024-07-03 08:55:27 - INFO [main] o.s.d.r.c.RepositoryConfigurationExtensionSupport - Spring Data JDBC - Could not safely identify store assignment for repository candidate interface com.emprendetech.market.repositorys.MetodospagoRepository; If you want this repository to be a JDBC repository, consider annotating your entities with one of these annotations: org.springframework.data.relational.core.mapping.Table.
2024-07-03 08:55:27 - INFO [main] o.s.d.r.c.RepositoryConfigurationExtensionSupport - Spring Data JDBC - Could not safely identify store assignment for repository candidate interface com.emprendetech.market.repositorys.PedidosRepository; If you want this repository to be a JDBC repository, consider annotating your entities with one of these annotations: org.springframework.data.relational.core.mapping.Table.
2024-07-03 08:55:27 - INFO [main] o.s.d.r.c.RepositoryConfigurationExtensionSupport - Spring Data JDBC - Could not safely identify store assignment for repository candidate interface com.emprendetech.market.repositorys.PerfilesRepository; If you want this repository to be a JDBC repository, consider annotating your entities with one of these annotations: org.springframework.data.relational.core.mapping.Table.
2024-07-03 08:55:27 - INFO [main] o.s.d.r.c.RepositoryConfigurationExtensionSupport - Spring Data JDBC - Could not safely identify store assignment for repository candidate interface com.emprendetech.market.repositorys.PermisosRepository; If you want this repository to be a JDBC repository, consider annotating your entities with one of these annotations: org.springframework.data.relational.core.mapping.Table.
2024-07-03 08:55:27 - INFO [main] o.s.d.r.c.RepositoryConfigurationExtensionSupport - Spring Data JDBC - Could not safely identify store assignment for repository candidate interface com.emprendetech.market.repositorys.PersonasRepository; If you want this repository to be a JDBC repository, consider annotating your entities with one of these annotations: org.springframework.data.relational.core.mapping.Table.
2024-07-03 08:55:27 - INFO [main] o.s.d.r.c.RepositoryConfigurationExtensionSupport - Spring Data JDBC - Could not safely identify store assignment for repository candidate interface com.emprendetech.market.repositorys.ProductosRepository; If you want this repository to be a JDBC repository, consider annotating your entities with one of these annotations: org.springframework.data.relational.core.mapping.Table.
2024-07-03 08:55:27 - INFO [main] o.s.d.r.c.RepositoryConfigurationExtensionSupport - Spring Data JDBC - Could not safely identify store assignment for repository candidate interface com.emprendetech.market.repositorys.ProductosunidadRepository; If you want this repository to be a JDBC repository, consider annotating your entities with one of these annotations: org.springframework.data.relational.core.mapping.Table.
2024-07-03 08:55:27 - INFO [main] o.s.d.r.c.RepositoryConfigurationExtensionSupport - Spring Data JDBC - Could not safely identify store assignment for repository candidate interface com.emprendetech.market.repositorys.RolesRepository; If you want this repository to be a JDBC repository, consider annotating your entities with one of these annotations: org.springframework.data.relational.core.mapping.Table.
2024-07-03 08:55:27 - INFO [main] o.s.d.r.c.RepositoryConfigurationExtensionSupport - Spring Data JDBC - Could not safely identify store assignment for repository candidate interface com.emprendetech.market.repositorys.RolpermisosRepository; If you want this repository to be a JDBC repository, consider annotating your entities with one of these annotations: org.springframework.data.relational.core.mapping.Table.
2024-07-03 08:55:27 - INFO [main] o.s.d.r.c.RepositoryConfigurationExtensionSupport - Spring Data JDBC - Could not safely identify store assignment for repository candidate interface com.emprendetech.market.repositorys.UsuarioRepository; If you want this repository to be a JDBC repository, consider annotating your entities with one of these annotations: org.springframework.data.relational.core.mapping.Table.
2024-07-03 08:55:27 - INFO [main] o.s.d.r.c.RepositoryConfigurationExtensionSupport - Spring Data JDBC - Could not safely identify store assignment for repository candidate interface com.emprendetech.market.repositorys.VentasRepository; If you want this repository to be a JDBC repository, consider annotating your entities with one of these annotations: org.springframework.data.relational.core.mapping.Table.
2024-07-03 08:55:27 - INFO [main] o.s.d.r.c.RepositoryConfigurationDelegate - Finished Spring Data repository scanning in 84 ms. Found 0 JDBC repository interfaces.
2024-07-03 08:55:27 - INFO [main] o.s.d.r.c.RepositoryConfigurationDelegate - Multiple Spring Data modules found, entering strict repository configuration mode
2024-07-03 08:55:27 - INFO [main] o.s.d.r.c.RepositoryConfigurationDelegate - Bootstrapping Spring Data JPA repositories in DEFAULT mode.
2024-07-03 08:55:27 - INFO [main] o.s.d.r.c.RepositoryConfigurationDelegate - Finished Spring Data repository scanning in 88 ms. Found 18 JPA repository interfaces.
2024-07-03 08:55:28 - INFO [main] o.s.b.w.e.tomcat.TomcatWebServer - Tomcat initialized with port 8080 (http)
2024-07-03 08:55:28 - INFO [main] o.a.catalina.core.StandardService - Starting service [Tomcat]
2024-07-03 08:55:28 - INFO [main] o.a.catalina.core.StandardEngine - Starting Servlet engine: [Apache Tomcat/10.1.20]
2024-07-03 08:55:28 - INFO [main] o.a.c.c.C.[Tomcat].[localhost].[/] - Initializing Spring embedded WebApplicationContext
2024-07-03 08:55:28 - INFO [main] o.s.b.w.s.c.ServletWebServerApplicationContext - Root WebApplicationContext: initialization completed in 2328 ms
2024-07-03 08:55:28 - INFO [main] o.h.jpa.internal.util.LogHelper - HHH000204: Processing PersistenceUnitInfo [name: default]
2024-07-03 08:55:28 - INFO [main] org.hibernate.Version - HHH000412: Hibernate ORM core version 6.4.4.Final
2024-07-03 08:55:28 - INFO [main] o.h.c.i.RegionFactoryInitiator - HHH000026: Second-level cache disabled
2024-07-03 08:55:28 - INFO [main] o.s.o.j.p.SpringPersistenceUnitInfo - No LoadTimeWeaver setup: ignoring JPA class transformer
2024-07-03 08:55:28 - INFO [main] com.zaxxer.hikari.HikariDataSource - HikariPool-1 - Starting...
2024-07-03 08:55:29 - INFO [main] com.zaxxer.hikari.pool.HikariPool - HikariPool-1 - Added connection com.mysql.cj.jdbc.ConnectionImpl@22899683
2024-07-03 08:55:29 - INFO [main] com.zaxxer.hikari.HikariDataSource - HikariPool-1 - Start completed.
2024-07-03 08:55:29 - WARN [main] org.hibernate.orm.deprecation - HHH90000025: MySQLDialect does not need to be specified explicitly using 'hibernate.dialect' (remove the property setting and it will be selected by default)
2024-07-03 08:55:31 - INFO [main] o.h.e.t.j.p.i.JtaPlatformInitiator - HHH000489: No JTA platform available (set 'hibernate.transaction.jta.platform' to enable JTA platform integration)
2024-07-03 08:55:31 - INFO [main] o.s.o.j.LocalContainerEntityManagerFactoryBean - Initialized JPA EntityManagerFactory for persistence unit 'default'
2024-07-03 08:55:32 - WARN [main] o.s.b.a.o.j.JpaBaseConfiguration$JpaWebConfiguration - spring.jpa.open-in-view is enabled by default. Therefore, database queries may be performed during view rendering. Explicitly configure spring.jpa.open-in-view to disable this warning
2024-07-03 08:55:32 - INFO [main] o.s.s.web.DefaultSecurityFilterChain - Will secure any request with [org.springframework.security.web.session.DisableEncodeUrlFilter@15d0f2a3, org.springframework.security.web.context.request.async.WebAsyncManagerIntegrationFilter@21632bf8, org.springframework.security.web.context.SecurityContextHolderFilter@2e729fea, org.springframework.security.web.header.HeaderWriterFilter@738955e6, org.springframework.web.filter.CorsFilter@408708a1, org.springframework.security.web.authentication.logout.LogoutFilter@324ee3ca, com.emprendetech.market.security.jwtToken.service.JwtAuthFilter@6805415d, org.springframework.security.web.authentication.www.BasicAuthenticationFilter@2122b4bd, org.springframework.security.web.savedrequest.RequestCacheAwareFilter@6b26839d, org.springframework.security.web.servletapi.SecurityContextHolderAwareRequestFilter@17a756db, org.springframework.security.web.authentication.AnonymousAuthenticationFilter@3f7b15bb, org.springframework.security.web.session.SessionManagementFilter@3ed1446c, org.springframework.security.web.access.ExceptionTranslationFilter@56589f00, org.springframework.security.web.access.intercept.AuthorizationFilter@533a8540]
2024-07-03 08:55:33 - INFO [main] o.s.b.w.e.tomcat.TomcatWebServer - Tomcat started on port 8080 (http) with context path ''
2024-07-03 08:55:33 - INFO [main] c.e.market.MarketApplication - Started MarketApplication in 7.978 seconds (process running for 13.905)
2024-07-03 08:55:40 - INFO [http-nio-8080-exec-2] o.a.c.c.C.[Tomcat].[localhost].[/] - Initializing Spring DispatcherServlet 'dispatcherServlet'
2024-07-03 08:55:40 - INFO [http-nio-8080-exec-2] o.s.web.servlet.DispatcherServlet - Initializing Servlet 'dispatcherServlet'
2024-07-03 08:55:40 - INFO [http-nio-8080-exec-2] o.s.web.servlet.DispatcherServlet - Completed initialization in 4 ms
2024-07-03 08:55:40 - INFO [http-nio-8080-exec-2] c.e.m.s.j.service.JwtAuthFilter - llegue a JwtAuthFilter 
2024-07-03 08:55:40 - INFO [http-nio-8080-exec-2] c.e.m.s.j.service.UserController - llegue a UserController 
2024-07-03 08:55:40 - INFO [http-nio-8080-exec-2] c.e.m.s.j.service.UserController - llegue a UserController datos NombreP1 ApellidoPP1contrasena1
2024-07-03 08:55:40 - INFO [http-nio-8080-exec-2] c.e.m.s.j.service.UserController - llegue a UserController autorizacion UsernamePasswordAuthenticationToken [Principal=NombreP1 ApellidoPP1, Credentials=[PROTECTED], Authenticated=false, Details=null, Granted Authorities=[]]
2024-07-03 08:55:40 - INFO [http-nio-8080-exec-2] c.e.m.s.j.service.JwtAuthFilter - llegue a JwtAuthFilter responde esto org.springframework.security.web.FilterChainProxy$VirtualFilterChain@3447517d
2024-07-03 09:00:06 - INFO [RMI TCP Connection(9)-127.0.0.1] o.s.b.a.SpringApplicationAdminMXBeanRegistrar$SpringApplicationAdmin - Application shutdown requested.
2024-07-03 09:00:06 - INFO [RMI TCP Connection(9)-127.0.0.1] o.s.o.j.LocalContainerEntityManagerFactoryBean - Closing JPA EntityManagerFactory for persistence unit 'default'
2024-07-03 09:00:06 - INFO [RMI TCP Connection(9)-127.0.0.1] com.zaxxer.hikari.HikariDataSource - HikariPool-1 - Shutdown initiated...
2024-07-03 09:00:06 - INFO [RMI TCP Connection(9)-127.0.0.1] com.zaxxer.hikari.HikariDataSource - HikariPool-1 - Shutdown completed.
2024-07-03 09:00:19 - INFO [main] c.e.market.MarketApplication - Starting MarketApplication using Java 17.0.11 with PID 1816 (/Users/israeldaviddomingueztovar/Documents/workspace-spring-tool-suite-4-4.22.0.RELEASE/market/target/classes started by israeldaviddomingueztovar in /Users/israeldaviddomingueztovar/Documents/workspace-spring-tool-suite-4-4.22.0.RELEASE/market)
2024-07-03 09:00:19 - INFO [main] c.e.market.MarketApplication - No active profile set, falling back to 1 default profile: "default"
2024-07-03 09:00:21 - INFO [main] o.s.d.r.c.RepositoryConfigurationDelegate - Multiple Spring Data modules found, entering strict repository configuration mode
2024-07-03 09:00:21 - INFO [main] o.s.d.r.c.RepositoryConfigurationDelegate - Bootstrapping Spring Data JDBC repositories in DEFAULT mode.
2024-07-03 09:00:21 - INFO [main] o.s.d.r.c.RepositoryConfigurationExtensionSupport - Spring Data JDBC - Could not safely identify store assignment for repository candidate interface com.emprendetech.market.repositorys.CajaRepository; If you want this repository to be a JDBC repository, consider annotating your entities with one of these annotations: org.springframework.data.relational.core.mapping.Table.
2024-07-03 09:00:21 - INFO [main] o.s.d.r.c.RepositoryConfigurationExtensionSupport - Spring Data JDBC - Could not safely identify store assignment for repository candidate interface com.emprendetech.market.repositorys.CategoriasRepository; If you want this repository to be a JDBC repository, consider annotating your entities with one of these annotations: org.springframework.data.relational.core.mapping.Table.
2024-07-03 09:00:21 - INFO [main] o.s.d.r.c.RepositoryConfigurationExtensionSupport - Spring Data JDBC - Could not safely identify store assignment for repository candidate interface com.emprendetech.market.repositorys.ClientesRepository; If you want this repository to be a JDBC repository, consider annotating your entities with one of these annotations: org.springframework.data.relational.core.mapping.Table.
2024-07-03 09:00:21 - INFO [main] o.s.d.r.c.RepositoryConfigurationExtensionSupport - Spring Data JDBC - Could not safely identify store assignment for repository candidate interface com.emprendetech.market.repositorys.DetallespedidoRepository; If you want this repository to be a JDBC repository, consider annotating your entities with one of these annotations: org.springframework.data.relational.core.mapping.Table.
2024-07-03 09:00:21 - INFO [main] o.s.d.r.c.RepositoryConfigurationExtensionSupport - Spring Data JDBC - Could not safely identify store assignment for repository candidate interface com.emprendetech.market.repositorys.EmprendimientosRepository; If you want this repository to be a JDBC repository, consider annotating your entities with one of these annotations: org.springframework.data.relational.core.mapping.Table.
2024-07-03 09:00:21 - INFO [main] o.s.d.r.c.RepositoryConfigurationExtensionSupport - Spring Data JDBC - Could not safely identify store assignment for repository candidate interface com.emprendetech.market.repositorys.IngresosRepository; If you want this repository to be a JDBC repository, consider annotating your entities with one of these annotations: org.springframework.data.relational.core.mapping.Table.
2024-07-03 09:00:21 - INFO [main] o.s.d.r.c.RepositoryConfigurationExtensionSupport - Spring Data JDBC - Could not safely identify store assignment for repository candidate interface com.emprendetech.market.repositorys.MedidasRepository; If you want this repository to be a JDBC repository, consider annotating your entities with one of these annotations: org.springframework.data.relational.core.mapping.Table.
2024-07-03 09:00:21 - INFO [main] o.s.d.r.c.RepositoryConfigurationExtensionSupport - Spring Data JDBC - Could not safely identify store assignment for repository candidate interface com.emprendetech.market.repositorys.MetodospagoRepository; If you want this repository to be a JDBC repository, consider annotating your entities with one of these annotations: org.springframework.data.relational.core.mapping.Table.
2024-07-03 09:00:21 - INFO [main] o.s.d.r.c.RepositoryConfigurationExtensionSupport - Spring Data JDBC - Could not safely identify store assignment for repository candidate interface com.emprendetech.market.repositorys.PedidosRepository; If you want this repository to be a JDBC repository, consider annotating your entities with one of these annotations: org.springframework.data.relational.core.mapping.Table.
2024-07-03 09:00:21 - INFO [main] o.s.d.r.c.RepositoryConfigurationExtensionSupport - Spring Data JDBC - Could not safely identify store assignment for repository candidate interface com.emprendetech.market.repositorys.PerfilesRepository; If you want this repository to be a JDBC repository, consider annotating your entities with one of these annotations: org.springframework.data.relational.core.mapping.Table.
2024-07-03 09:00:21 - INFO [main] o.s.d.r.c.RepositoryConfigurationExtensionSupport - Spring Data JDBC - Could not safely identify store assignment for repository candidate interface com.emprendetech.market.repositorys.PermisosRepository; If you want this repository to be a JDBC repository, consider annotating your entities with one of these annotations: org.springframework.data.relational.core.mapping.Table.
2024-07-03 09:00:21 - INFO [main] o.s.d.r.c.RepositoryConfigurationExtensionSupport - Spring Data JDBC - Could not safely identify store assignment for repository candidate interface com.emprendetech.market.repositorys.PersonasRepository; If you want this repository to be a JDBC repository, consider annotating your entities with one of these annotations: org.springframework.data.relational.core.mapping.Table.
2024-07-03 09:00:21 - INFO [main] o.s.d.r.c.RepositoryConfigurationExtensionSupport - Spring Data JDBC - Could not safely identify store assignment for repository candidate interface com.emprendetech.market.repositorys.ProductosRepository; If you want this repository to be a JDBC repository, consider annotating your entities with one of these annotations: org.springframework.data.relational.core.mapping.Table.
2024-07-03 09:00:21 - INFO [main] o.s.d.r.c.RepositoryConfigurationExtensionSupport - Spring Data JDBC - Could not safely identify store assignment for repository candidate interface com.emprendetech.market.repositorys.ProductosunidadRepository; If you want this repository to be a JDBC repository, consider annotating your entities with one of these annotations: org.springframework.data.relational.core.mapping.Table.
2024-07-03 09:00:21 - INFO [main] o.s.d.r.c.RepositoryConfigurationExtensionSupport - Spring Data JDBC - Could not safely identify store assignment for repository candidate interface com.emprendetech.market.repositorys.RolesRepository; If you want this repository to be a JDBC repository, consider annotating your entities with one of these annotations: org.springframework.data.relational.core.mapping.Table.
2024-07-03 09:00:21 - INFO [main] o.s.d.r.c.RepositoryConfigurationExtensionSupport - Spring Data JDBC - Could not safely identify store assignment for repository candidate interface com.emprendetech.market.repositorys.RolpermisosRepository; If you want this repository to be a JDBC repository, consider annotating your entities with one of these annotations: org.springframework.data.relational.core.mapping.Table.
2024-07-03 09:00:21 - INFO [main] o.s.d.r.c.RepositoryConfigurationExtensionSupport - Spring Data JDBC - Could not safely identify store assignment for repository candidate interface com.emprendetech.market.repositorys.UsuarioRepository; If you want this repository to be a JDBC repository, consider annotating your entities with one of these annotations: org.springframework.data.relational.core.mapping.Table.
2024-07-03 09:00:21 - INFO [main] o.s.d.r.c.RepositoryConfigurationExtensionSupport - Spring Data JDBC - Could not safely identify store assignment for repository candidate interface com.emprendetech.market.repositorys.VentasRepository; If you want this repository to be a JDBC repository, consider annotating your entities with one of these annotations: org.springframework.data.relational.core.mapping.Table.
2024-07-03 09:00:21 - INFO [main] o.s.d.r.c.RepositoryConfigurationDelegate - Finished Spring Data repository scanning in 88 ms. Found 0 JDBC repository interfaces.
2024-07-03 09:00:21 - INFO [main] o.s.d.r.c.RepositoryConfigurationDelegate - Multiple Spring Data modules found, entering strict repository configuration mode
2024-07-03 09:00:21 - INFO [main] o.s.d.r.c.RepositoryConfigurationDelegate - Bootstrapping Spring Data JPA repositories in DEFAULT mode.
2024-07-03 09:00:21 - INFO [main] o.s.d.r.c.RepositoryConfigurationDelegate - Finished Spring Data repository scanning in 98 ms. Found 18 JPA repository interfaces.
2024-07-03 09:00:22 - INFO [main] o.s.b.w.e.tomcat.TomcatWebServer - Tomcat initialized with port 8080 (http)
2024-07-03 09:00:22 - INFO [main] o.a.catalina.core.StandardService - Starting service [Tomcat]
2024-07-03 09:00:22 - INFO [main] o.a.catalina.core.StandardEngine - Starting Servlet engine: [Apache Tomcat/10.1.20]
2024-07-03 09:00:22 - INFO [main] o.a.c.c.C.[Tomcat].[localhost].[/] - Initializing Spring embedded WebApplicationContext
2024-07-03 09:00:22 - INFO [main] o.s.b.w.s.c.ServletWebServerApplicationContext - Root WebApplicationContext: initialization completed in 2497 ms
2024-07-03 09:00:22 - INFO [main] o.h.jpa.internal.util.LogHelper - HHH000204: Processing PersistenceUnitInfo [name: default]
2024-07-03 09:00:22 - INFO [main] org.hibernate.Version - HHH000412: Hibernate ORM core version 6.4.4.Final
2024-07-03 09:00:22 - INFO [main] o.h.c.i.RegionFactoryInitiator - HHH000026: Second-level cache disabled
2024-07-03 09:00:23 - INFO [main] o.s.o.j.p.SpringPersistenceUnitInfo - No LoadTimeWeaver setup: ignoring JPA class transformer
2024-07-03 09:00:23 - INFO [main] com.zaxxer.hikari.HikariDataSource - HikariPool-1 - Starting...
2024-07-03 09:00:23 - INFO [main] com.zaxxer.hikari.pool.HikariPool - HikariPool-1 - Added connection com.mysql.cj.jdbc.ConnectionImpl@3de88f64
2024-07-03 09:00:23 - INFO [main] com.zaxxer.hikari.HikariDataSource - HikariPool-1 - Start completed.
2024-07-03 09:00:23 - WARN [main] org.hibernate.orm.deprecation - HHH90000025: MySQLDialect does not need to be specified explicitly using 'hibernate.dialect' (remove the property setting and it will be selected by default)
2024-07-03 09:00:25 - INFO [main] o.h.e.t.j.p.i.JtaPlatformInitiator - HHH000489: No JTA platform available (set 'hibernate.transaction.jta.platform' to enable JTA platform integration)
2024-07-03 09:00:25 - INFO [main] o.s.o.j.LocalContainerEntityManagerFactoryBean - Initialized JPA EntityManagerFactory for persistence unit 'default'
2024-07-03 09:00:26 - WARN [main] o.s.b.a.o.j.JpaBaseConfiguration$JpaWebConfiguration - spring.jpa.open-in-view is enabled by default. Therefore, database queries may be performed during view rendering. Explicitly configure spring.jpa.open-in-view to disable this warning
2024-07-03 09:00:26 - INFO [main] o.s.s.web.DefaultSecurityFilterChain - Will secure any request with [org.springframework.security.web.session.DisableEncodeUrlFilter@35e63d26, org.springframework.security.web.context.request.async.WebAsyncManagerIntegrationFilter@5d51203b, org.springframework.security.web.context.SecurityContextHolderFilter@42365c82, org.springframework.security.web.header.HeaderWriterFilter@20f94e9a, org.springframework.web.filter.CorsFilter@32be672d, org.springframework.security.web.authentication.logout.LogoutFilter@72364a40, com.emprendetech.market.security.jwtToken.service.JwtAuthFilter@7fd7085d, org.springframework.security.web.authentication.www.BasicAuthenticationFilter@b3c7c75, org.springframework.security.web.savedrequest.RequestCacheAwareFilter@5aa026e9, org.springframework.security.web.servletapi.SecurityContextHolderAwareRequestFilter@499f9003, org.springframework.security.web.authentication.AnonymousAuthenticationFilter@23e54c8a, org.springframework.security.web.session.SessionManagementFilter@1252d480, org.springframework.security.web.access.ExceptionTranslationFilter@67263db7, org.springframework.security.web.access.intercept.AuthorizationFilter@a23b96b]
2024-07-03 09:00:27 - INFO [main] o.s.b.w.e.tomcat.TomcatWebServer - Tomcat started on port 8080 (http) with context path ''
2024-07-03 09:00:27 - INFO [main] c.e.market.MarketApplication - Started MarketApplication in 7.995 seconds (process running for 13.897)
2024-07-03 09:00:49 - INFO [http-nio-8080-exec-2] o.a.c.c.C.[Tomcat].[localhost].[/] - Initializing Spring DispatcherServlet 'dispatcherServlet'
2024-07-03 09:00:49 - INFO [http-nio-8080-exec-2] o.s.web.servlet.DispatcherServlet - Initializing Servlet 'dispatcherServlet'
2024-07-03 09:00:49 - INFO [http-nio-8080-exec-2] o.s.web.servlet.DispatcherServlet - Completed initialization in 2 ms
2024-07-03 09:00:49 - INFO [http-nio-8080-exec-2] c.e.m.s.j.service.JwtAuthFilter - llegue a JwtAuthFilter 
2024-07-03 09:00:49 - INFO [http-nio-8080-exec-2] c.e.m.s.j.service.UserController - llegue a UserController 
2024-07-03 09:00:49 - INFO [http-nio-8080-exec-2] c.e.m.s.j.service.UserController - llegue a UserController datos NombreP1 ApellidoPP1contrasena1
2024-07-03 09:00:49 - INFO [http-nio-8080-exec-2] c.e.m.s.j.service.UserInfoService - llegue a UserInfoService 
2024-07-03 09:00:49 - INFO [http-nio-8080-exec-2] c.e.m.s.j.service.JwtAuthFilter - llegue a JwtAuthFilter responde esto org.springframework.security.web.FilterChainProxy$VirtualFilterChain@2bbbf35b
2024-07-03 09:05:02 - INFO [RMI TCP Connection(8)-127.0.0.1] o.s.b.a.SpringApplicationAdminMXBeanRegistrar$SpringApplicationAdmin - Application shutdown requested.
2024-07-03 09:05:02 - INFO [RMI TCP Connection(8)-127.0.0.1] o.s.o.j.LocalContainerEntityManagerFactoryBean - Closing JPA EntityManagerFactory for persistence unit 'default'
2024-07-03 09:05:02 - INFO [RMI TCP Connection(8)-127.0.0.1] com.zaxxer.hikari.HikariDataSource - HikariPool-1 - Shutdown initiated...
2024-07-03 09:05:02 - INFO [RMI TCP Connection(8)-127.0.0.1] com.zaxxer.hikari.HikariDataSource - HikariPool-1 - Shutdown completed.
2024-07-03 09:05:17 - INFO [main] c.e.market.MarketApplication - Starting MarketApplication using Java 17.0.11 with PID 1823 (/Users/israeldaviddomingueztovar/Documents/workspace-spring-tool-suite-4-4.22.0.RELEASE/market/target/classes started by israeldaviddomingueztovar in /Users/israeldaviddomingueztovar/Documents/workspace-spring-tool-suite-4-4.22.0.RELEASE/market)
2024-07-03 09:05:17 - INFO [main] c.e.market.MarketApplication - No active profile set, falling back to 1 default profile: "default"
2024-07-03 09:05:19 - INFO [main] o.s.d.r.c.RepositoryConfigurationDelegate - Multiple Spring Data modules found, entering strict repository configuration mode
2024-07-03 09:05:19 - INFO [main] o.s.d.r.c.RepositoryConfigurationDelegate - Bootstrapping Spring Data JDBC repositories in DEFAULT mode.
2024-07-03 09:05:19 - INFO [main] o.s.d.r.c.RepositoryConfigurationExtensionSupport - Spring Data JDBC - Could not safely identify store assignment for repository candidate interface com.emprendetech.market.repositorys.CajaRepository; If you want this repository to be a JDBC repository, consider annotating your entities with one of these annotations: org.springframework.data.relational.core.mapping.Table.
2024-07-03 09:05:19 - INFO [main] o.s.d.r.c.RepositoryConfigurationExtensionSupport - Spring Data JDBC - Could not safely identify store assignment for repository candidate interface com.emprendetech.market.repositorys.CategoriasRepository; If you want this repository to be a JDBC repository, consider annotating your entities with one of these annotations: org.springframework.data.relational.core.mapping.Table.
2024-07-03 09:05:19 - INFO [main] o.s.d.r.c.RepositoryConfigurationExtensionSupport - Spring Data JDBC - Could not safely identify store assignment for repository candidate interface com.emprendetech.market.repositorys.ClientesRepository; If you want this repository to be a JDBC repository, consider annotating your entities with one of these annotations: org.springframework.data.relational.core.mapping.Table.
2024-07-03 09:05:19 - INFO [main] o.s.d.r.c.RepositoryConfigurationExtensionSupport - Spring Data JDBC - Could not safely identify store assignment for repository candidate interface com.emprendetech.market.repositorys.DetallespedidoRepository; If you want this repository to be a JDBC repository, consider annotating your entities with one of these annotations: org.springframework.data.relational.core.mapping.Table.
2024-07-03 09:05:19 - INFO [main] o.s.d.r.c.RepositoryConfigurationExtensionSupport - Spring Data JDBC - Could not safely identify store assignment for repository candidate interface com.emprendetech.market.repositorys.EmprendimientosRepository; If you want this repository to be a JDBC repository, consider annotating your entities with one of these annotations: org.springframework.data.relational.core.mapping.Table.
2024-07-03 09:05:19 - INFO [main] o.s.d.r.c.RepositoryConfigurationExtensionSupport - Spring Data JDBC - Could not safely identify store assignment for repository candidate interface com.emprendetech.market.repositorys.IngresosRepository; If you want this repository to be a JDBC repository, consider annotating your entities with one of these annotations: org.springframework.data.relational.core.mapping.Table.
2024-07-03 09:05:19 - INFO [main] o.s.d.r.c.RepositoryConfigurationExtensionSupport - Spring Data JDBC - Could not safely identify store assignment for repository candidate interface com.emprendetech.market.repositorys.MedidasRepository; If you want this repository to be a JDBC repository, consider annotating your entities with one of these annotations: org.springframework.data.relational.core.mapping.Table.
2024-07-03 09:05:19 - INFO [main] o.s.d.r.c.RepositoryConfigurationExtensionSupport - Spring Data JDBC - Could not safely identify store assignment for repository candidate interface com.emprendetech.market.repositorys.MetodospagoRepository; If you want this repository to be a JDBC repository, consider annotating your entities with one of these annotations: org.springframework.data.relational.core.mapping.Table.
2024-07-03 09:05:19 - INFO [main] o.s.d.r.c.RepositoryConfigurationExtensionSupport - Spring Data JDBC - Could not safely identify store assignment for repository candidate interface com.emprendetech.market.repositorys.PedidosRepository; If you want this repository to be a JDBC repository, consider annotating your entities with one of these annotations: org.springframework.data.relational.core.mapping.Table.
2024-07-03 09:05:19 - INFO [main] o.s.d.r.c.RepositoryConfigurationExtensionSupport - Spring Data JDBC - Could not safely identify store assignment for repository candidate interface com.emprendetech.market.repositorys.PerfilesRepository; If you want this repository to be a JDBC repository, consider annotating your entities with one of these annotations: org.springframework.data.relational.core.mapping.Table.
2024-07-03 09:05:19 - INFO [main] o.s.d.r.c.RepositoryConfigurationExtensionSupport - Spring Data JDBC - Could not safely identify store assignment for repository candidate interface com.emprendetech.market.repositorys.PermisosRepository; If you want this repository to be a JDBC repository, consider annotating your entities with one of these annotations: org.springframework.data.relational.core.mapping.Table.
2024-07-03 09:05:19 - INFO [main] o.s.d.r.c.RepositoryConfigurationExtensionSupport - Spring Data JDBC - Could not safely identify store assignment for repository candidate interface com.emprendetech.market.repositorys.PersonasRepository; If you want this repository to be a JDBC repository, consider annotating your entities with one of these annotations: org.springframework.data.relational.core.mapping.Table.
2024-07-03 09:05:19 - INFO [main] o.s.d.r.c.RepositoryConfigurationExtensionSupport - Spring Data JDBC - Could not safely identify store assignment for repository candidate interface com.emprendetech.market.repositorys.ProductosRepository; If you want this repository to be a JDBC repository, consider annotating your entities with one of these annotations: org.springframework.data.relational.core.mapping.Table.
2024-07-03 09:05:19 - INFO [main] o.s.d.r.c.RepositoryConfigurationExtensionSupport - Spring Data JDBC - Could not safely identify store assignment for repository candidate interface com.emprendetech.market.repositorys.ProductosunidadRepository; If you want this repository to be a JDBC repository, consider annotating your entities with one of these annotations: org.springframework.data.relational.core.mapping.Table.
2024-07-03 09:05:19 - INFO [main] o.s.d.r.c.RepositoryConfigurationExtensionSupport - Spring Data JDBC - Could not safely identify store assignment for repository candidate interface com.emprendetech.market.repositorys.RolesRepository; If you want this repository to be a JDBC repository, consider annotating your entities with one of these annotations: org.springframework.data.relational.core.mapping.Table.
2024-07-03 09:05:19 - INFO [main] o.s.d.r.c.RepositoryConfigurationExtensionSupport - Spring Data JDBC - Could not safely identify store assignment for repository candidate interface com.emprendetech.market.repositorys.RolpermisosRepository; If you want this repository to be a JDBC repository, consider annotating your entities with one of these annotations: org.springframework.data.relational.core.mapping.Table.
2024-07-03 09:05:19 - INFO [main] o.s.d.r.c.RepositoryConfigurationExtensionSupport - Spring Data JDBC - Could not safely identify store assignment for repository candidate interface com.emprendetech.market.repositorys.UsuarioRepository; If you want this repository to be a JDBC repository, consider annotating your entities with one of these annotations: org.springframework.data.relational.core.mapping.Table.
2024-07-03 09:05:19 - INFO [main] o.s.d.r.c.RepositoryConfigurationExtensionSupport - Spring Data JDBC - Could not safely identify store assignment for repository candidate interface com.emprendetech.market.repositorys.VentasRepository; If you want this repository to be a JDBC repository, consider annotating your entities with one of these annotations: org.springframework.data.relational.core.mapping.Table.
2024-07-03 09:05:19 - INFO [main] o.s.d.r.c.RepositoryConfigurationDelegate - Finished Spring Data repository scanning in 106 ms. Found 0 JDBC repository interfaces.
2024-07-03 09:05:19 - INFO [main] o.s.d.r.c.RepositoryConfigurationDelegate - Multiple Spring Data modules found, entering strict repository configuration mode
2024-07-03 09:05:19 - INFO [main] o.s.d.r.c.RepositoryConfigurationDelegate - Bootstrapping Spring Data JPA repositories in DEFAULT mode.
2024-07-03 09:05:19 - INFO [main] o.s.d.r.c.RepositoryConfigurationDelegate - Finished Spring Data repository scanning in 96 ms. Found 18 JPA repository interfaces.
2024-07-03 09:05:20 - INFO [main] o.s.b.w.e.tomcat.TomcatWebServer - Tomcat initialized with port 8080 (http)
2024-07-03 09:05:20 - INFO [main] o.a.catalina.core.StandardService - Starting service [Tomcat]
2024-07-03 09:05:20 - INFO [main] o.a.catalina.core.StandardEngine - Starting Servlet engine: [Apache Tomcat/10.1.20]
2024-07-03 09:05:20 - INFO [main] o.a.c.c.C.[Tomcat].[localhost].[/] - Initializing Spring embedded WebApplicationContext
2024-07-03 09:05:20 - INFO [main] o.s.b.w.s.c.ServletWebServerApplicationContext - Root WebApplicationContext: initialization completed in 2614 ms
2024-07-03 09:05:20 - INFO [main] o.h.jpa.internal.util.LogHelper - HHH000204: Processing PersistenceUnitInfo [name: default]
2024-07-03 09:05:20 - INFO [main] org.hibernate.Version - HHH000412: Hibernate ORM core version 6.4.4.Final
2024-07-03 09:05:20 - INFO [main] o.h.c.i.RegionFactoryInitiator - HHH000026: Second-level cache disabled
2024-07-03 09:05:21 - INFO [main] o.s.o.j.p.SpringPersistenceUnitInfo - No LoadTimeWeaver setup: ignoring JPA class transformer
2024-07-03 09:05:21 - INFO [main] com.zaxxer.hikari.HikariDataSource - HikariPool-1 - Starting...
2024-07-03 09:05:21 - INFO [main] com.zaxxer.hikari.pool.HikariPool - HikariPool-1 - Added connection com.mysql.cj.jdbc.ConnectionImpl@dbc7e0a
2024-07-03 09:05:21 - INFO [main] com.zaxxer.hikari.HikariDataSource - HikariPool-1 - Start completed.
2024-07-03 09:05:21 - WARN [main] org.hibernate.orm.deprecation - HHH90000025: MySQLDialect does not need to be specified explicitly using 'hibernate.dialect' (remove the property setting and it will be selected by default)
2024-07-03 09:05:23 - INFO [main] o.h.e.t.j.p.i.JtaPlatformInitiator - HHH000489: No JTA platform available (set 'hibernate.transaction.jta.platform' to enable JTA platform integration)
2024-07-03 09:05:23 - INFO [main] o.s.o.j.LocalContainerEntityManagerFactoryBean - Initialized JPA EntityManagerFactory for persistence unit 'default'
2024-07-03 09:05:24 - WARN [main] o.s.b.a.o.j.JpaBaseConfiguration$JpaWebConfiguration - spring.jpa.open-in-view is enabled by default. Therefore, database queries may be performed during view rendering. Explicitly configure spring.jpa.open-in-view to disable this warning
2024-07-03 09:05:24 - INFO [main] o.s.s.web.DefaultSecurityFilterChain - Will secure any request with [org.springframework.security.web.session.DisableEncodeUrlFilter@408708a1, org.springframework.security.web.context.request.async.WebAsyncManagerIntegrationFilter@3f7b15bb, org.springframework.security.web.context.SecurityContextHolderFilter@6b26839d, org.springframework.security.web.header.HeaderWriterFilter@70799ca7, org.springframework.web.filter.CorsFilter@2dacad1d, org.springframework.security.web.authentication.logout.LogoutFilter@7b186fb8, com.emprendetech.market.security.jwtToken.service.JwtAuthFilter@1d9cac6e, org.springframework.security.web.authentication.www.BasicAuthenticationFilter@40b7e68c, org.springframework.security.web.savedrequest.RequestCacheAwareFilter@2d10160a, org.springframework.security.web.servletapi.SecurityContextHolderAwareRequestFilter@157ff8f8, org.springframework.security.web.authentication.AnonymousAuthenticationFilter@15a87fbb, org.springframework.security.web.session.SessionManagementFilter@54151d07, org.springframework.security.web.access.ExceptionTranslationFilter@738955e6, org.springframework.security.web.access.intercept.AuthorizationFilter@28df2da8]
2024-07-03 09:05:25 - INFO [main] o.s.b.w.e.tomcat.TomcatWebServer - Tomcat started on port 8080 (http) with context path ''
2024-07-03 09:05:25 - INFO [main] c.e.market.MarketApplication - Started MarketApplication in 8.405 seconds (process running for 14.442)
2024-07-03 09:06:58 - INFO [RMI TCP Connection(5)-127.0.0.1] o.s.b.a.SpringApplicationAdminMXBeanRegistrar$SpringApplicationAdmin - Application shutdown requested.
2024-07-03 09:06:58 - INFO [RMI TCP Connection(5)-127.0.0.1] o.s.o.j.LocalContainerEntityManagerFactoryBean - Closing JPA EntityManagerFactory for persistence unit 'default'
2024-07-03 09:06:58 - INFO [RMI TCP Connection(5)-127.0.0.1] com.zaxxer.hikari.HikariDataSource - HikariPool-1 - Shutdown initiated...
2024-07-03 09:06:58 - INFO [RMI TCP Connection(5)-127.0.0.1] com.zaxxer.hikari.HikariDataSource - HikariPool-1 - Shutdown completed.
2024-07-03 09:07:11 - INFO [main] c.e.market.MarketApplication - Starting MarketApplication using Java 17.0.11 with PID 1826 (/Users/israeldaviddomingueztovar/Documents/workspace-spring-tool-suite-4-4.22.0.RELEASE/market/target/classes started by israeldaviddomingueztovar in /Users/israeldaviddomingueztovar/Documents/workspace-spring-tool-suite-4-4.22.0.RELEASE/market)
2024-07-03 09:07:11 - INFO [main] c.e.market.MarketApplication - No active profile set, falling back to 1 default profile: "default"
2024-07-03 09:07:12 - INFO [main] o.s.d.r.c.RepositoryConfigurationDelegate - Multiple Spring Data modules found, entering strict repository configuration mode
2024-07-03 09:07:12 - INFO [main] o.s.d.r.c.RepositoryConfigurationDelegate - Bootstrapping Spring Data JDBC repositories in DEFAULT mode.
2024-07-03 09:07:12 - INFO [main] o.s.d.r.c.RepositoryConfigurationExtensionSupport - Spring Data JDBC - Could not safely identify store assignment for repository candidate interface com.emprendetech.market.repositorys.CajaRepository; If you want this repository to be a JDBC repository, consider annotating your entities with one of these annotations: org.springframework.data.relational.core.mapping.Table.
2024-07-03 09:07:12 - INFO [main] o.s.d.r.c.RepositoryConfigurationExtensionSupport - Spring Data JDBC - Could not safely identify store assignment for repository candidate interface com.emprendetech.market.repositorys.CategoriasRepository; If you want this repository to be a JDBC repository, consider annotating your entities with one of these annotations: org.springframework.data.relational.core.mapping.Table.
2024-07-03 09:07:12 - INFO [main] o.s.d.r.c.RepositoryConfigurationExtensionSupport - Spring Data JDBC - Could not safely identify store assignment for repository candidate interface com.emprendetech.market.repositorys.ClientesRepository; If you want this repository to be a JDBC repository, consider annotating your entities with one of these annotations: org.springframework.data.relational.core.mapping.Table.
2024-07-03 09:07:12 - INFO [main] o.s.d.r.c.RepositoryConfigurationExtensionSupport - Spring Data JDBC - Could not safely identify store assignment for repository candidate interface com.emprendetech.market.repositorys.DetallespedidoRepository; If you want this repository to be a JDBC repository, consider annotating your entities with one of these annotations: org.springframework.data.relational.core.mapping.Table.
2024-07-03 09:07:12 - INFO [main] o.s.d.r.c.RepositoryConfigurationExtensionSupport - Spring Data JDBC - Could not safely identify store assignment for repository candidate interface com.emprendetech.market.repositorys.EmprendimientosRepository; If you want this repository to be a JDBC repository, consider annotating your entities with one of these annotations: org.springframework.data.relational.core.mapping.Table.
2024-07-03 09:07:12 - INFO [main] o.s.d.r.c.RepositoryConfigurationExtensionSupport - Spring Data JDBC - Could not safely identify store assignment for repository candidate interface com.emprendetech.market.repositorys.IngresosRepository; If you want this repository to be a JDBC repository, consider annotating your entities with one of these annotations: org.springframework.data.relational.core.mapping.Table.
2024-07-03 09:07:12 - INFO [main] o.s.d.r.c.RepositoryConfigurationExtensionSupport - Spring Data JDBC - Could not safely identify store assignment for repository candidate interface com.emprendetech.market.repositorys.MedidasRepository; If you want this repository to be a JDBC repository, consider annotating your entities with one of these annotations: org.springframework.data.relational.core.mapping.Table.
2024-07-03 09:07:12 - INFO [main] o.s.d.r.c.RepositoryConfigurationExtensionSupport - Spring Data JDBC - Could not safely identify store assignment for repository candidate interface com.emprendetech.market.repositorys.MetodospagoRepository; If you want this repository to be a JDBC repository, consider annotating your entities with one of these annotations: org.springframework.data.relational.core.mapping.Table.
2024-07-03 09:07:12 - INFO [main] o.s.d.r.c.RepositoryConfigurationExtensionSupport - Spring Data JDBC - Could not safely identify store assignment for repository candidate interface com.emprendetech.market.repositorys.PedidosRepository; If you want this repository to be a JDBC repository, consider annotating your entities with one of these annotations: org.springframework.data.relational.core.mapping.Table.
2024-07-03 09:07:12 - INFO [main] o.s.d.r.c.RepositoryConfigurationExtensionSupport - Spring Data JDBC - Could not safely identify store assignment for repository candidate interface com.emprendetech.market.repositorys.PerfilesRepository; If you want this repository to be a JDBC repository, consider annotating your entities with one of these annotations: org.springframework.data.relational.core.mapping.Table.
2024-07-03 09:07:12 - INFO [main] o.s.d.r.c.RepositoryConfigurationExtensionSupport - Spring Data JDBC - Could not safely identify store assignment for repository candidate interface com.emprendetech.market.repositorys.PermisosRepository; If you want this repository to be a JDBC repository, consider annotating your entities with one of these annotations: org.springframework.data.relational.core.mapping.Table.
2024-07-03 09:07:12 - INFO [main] o.s.d.r.c.RepositoryConfigurationExtensionSupport - Spring Data JDBC - Could not safely identify store assignment for repository candidate interface com.emprendetech.market.repositorys.PersonasRepository; If you want this repository to be a JDBC repository, consider annotating your entities with one of these annotations: org.springframework.data.relational.core.mapping.Table.
2024-07-03 09:07:12 - INFO [main] o.s.d.r.c.RepositoryConfigurationExtensionSupport - Spring Data JDBC - Could not safely identify store assignment for repository candidate interface com.emprendetech.market.repositorys.ProductosRepository; If you want this repository to be a JDBC repository, consider annotating your entities with one of these annotations: org.springframework.data.relational.core.mapping.Table.
2024-07-03 09:07:12 - INFO [main] o.s.d.r.c.RepositoryConfigurationExtensionSupport - Spring Data JDBC - Could not safely identify store assignment for repository candidate interface com.emprendetech.market.repositorys.ProductosunidadRepository; If you want this repository to be a JDBC repository, consider annotating your entities with one of these annotations: org.springframework.data.relational.core.mapping.Table.
2024-07-03 09:07:12 - INFO [main] o.s.d.r.c.RepositoryConfigurationExtensionSupport - Spring Data JDBC - Could not safely identify store assignment for repository candidate interface com.emprendetech.market.repositorys.RolesRepository; If you want this repository to be a JDBC repository, consider annotating your entities with one of these annotations: org.springframework.data.relational.core.mapping.Table.
2024-07-03 09:07:12 - INFO [main] o.s.d.r.c.RepositoryConfigurationExtensionSupport - Spring Data JDBC - Could not safely identify store assignment for repository candidate interface com.emprendetech.market.repositorys.RolpermisosRepository; If you want this repository to be a JDBC repository, consider annotating your entities with one of these annotations: org.springframework.data.relational.core.mapping.Table.
2024-07-03 09:07:12 - INFO [main] o.s.d.r.c.RepositoryConfigurationExtensionSupport - Spring Data JDBC - Could not safely identify store assignment for repository candidate interface com.emprendetech.market.repositorys.UsuarioRepository; If you want this repository to be a JDBC repository, consider annotating your entities with one of these annotations: org.springframework.data.relational.core.mapping.Table.
2024-07-03 09:07:12 - INFO [main] o.s.d.r.c.RepositoryConfigurationExtensionSupport - Spring Data JDBC - Could not safely identify store assignment for repository candidate interface com.emprendetech.market.repositorys.VentasRepository; If you want this repository to be a JDBC repository, consider annotating your entities with one of these annotations: org.springframework.data.relational.core.mapping.Table.
2024-07-03 09:07:12 - INFO [main] o.s.d.r.c.RepositoryConfigurationDelegate - Finished Spring Data repository scanning in 85 ms. Found 0 JDBC repository interfaces.
2024-07-03 09:07:12 - INFO [main] o.s.d.r.c.RepositoryConfigurationDelegate - Multiple Spring Data modules found, entering strict repository configuration mode
2024-07-03 09:07:12 - INFO [main] o.s.d.r.c.RepositoryConfigurationDelegate - Bootstrapping Spring Data JPA repositories in DEFAULT mode.
2024-07-03 09:07:12 - INFO [main] o.s.d.r.c.RepositoryConfigurationDelegate - Finished Spring Data repository scanning in 82 ms. Found 18 JPA repository interfaces.
2024-07-03 09:07:13 - INFO [main] o.s.b.w.e.tomcat.TomcatWebServer - Tomcat initialized with port 8080 (http)
2024-07-03 09:07:13 - INFO [main] o.a.catalina.core.StandardService - Starting service [Tomcat]
2024-07-03 09:07:13 - INFO [main] o.a.catalina.core.StandardEngine - Starting Servlet engine: [Apache Tomcat/10.1.20]
2024-07-03 09:07:13 - INFO [main] o.a.c.c.C.[Tomcat].[localhost].[/] - Initializing Spring embedded WebApplicationContext
2024-07-03 09:07:13 - INFO [main] o.s.b.w.s.c.ServletWebServerApplicationContext - Root WebApplicationContext: initialization completed in 2266 ms
2024-07-03 09:07:13 - INFO [main] o.h.jpa.internal.util.LogHelper - HHH000204: Processing PersistenceUnitInfo [name: default]
2024-07-03 09:07:13 - INFO [main] org.hibernate.Version - HHH000412: Hibernate ORM core version 6.4.4.Final
2024-07-03 09:07:13 - INFO [main] o.h.c.i.RegionFactoryInitiator - HHH000026: Second-level cache disabled
2024-07-03 09:07:14 - INFO [main] o.s.o.j.p.SpringPersistenceUnitInfo - No LoadTimeWeaver setup: ignoring JPA class transformer
2024-07-03 09:07:14 - INFO [main] com.zaxxer.hikari.HikariDataSource - HikariPool-1 - Starting...
2024-07-03 09:07:14 - INFO [main] com.zaxxer.hikari.pool.HikariPool - HikariPool-1 - Added connection com.mysql.cj.jdbc.ConnectionImpl@636fccb0
2024-07-03 09:07:14 - INFO [main] com.zaxxer.hikari.HikariDataSource - HikariPool-1 - Start completed.
2024-07-03 09:07:14 - WARN [main] org.hibernate.orm.deprecation - HHH90000025: MySQLDialect does not need to be specified explicitly using 'hibernate.dialect' (remove the property setting and it will be selected by default)
2024-07-03 09:07:16 - INFO [main] o.h.e.t.j.p.i.JtaPlatformInitiator - HHH000489: No JTA platform available (set 'hibernate.transaction.jta.platform' to enable JTA platform integration)
2024-07-03 09:07:16 - INFO [main] o.s.o.j.LocalContainerEntityManagerFactoryBean - Initialized JPA EntityManagerFactory for persistence unit 'default'
2024-07-03 09:07:17 - WARN [main] o.s.b.a.o.j.JpaBaseConfiguration$JpaWebConfiguration - spring.jpa.open-in-view is enabled by default. Therefore, database queries may be performed during view rendering. Explicitly configure spring.jpa.open-in-view to disable this warning
2024-07-03 09:07:17 - INFO [main] o.s.s.web.DefaultSecurityFilterChain - Will secure any request with [org.springframework.security.web.session.DisableEncodeUrlFilter@3f7b15bb, org.springframework.security.web.context.request.async.WebAsyncManagerIntegrationFilter@2dacad1d, org.springframework.security.web.context.SecurityContextHolderFilter@17a756db, org.springframework.security.web.header.HeaderWriterFilter@690113f0, org.springframework.web.filter.CorsFilter@15a87fbb, org.springframework.security.web.authentication.logout.LogoutFilter@5f7dbdfa, com.emprendetech.market.security.jwtToken.service.JwtAuthFilter@5f510929, org.springframework.security.web.authentication.www.BasicAuthenticationFilter@15d0f2a3, org.springframework.security.web.savedrequest.RequestCacheAwareFilter@157ff8f8, org.springframework.security.web.servletapi.SecurityContextHolderAwareRequestFilter@4a1abba1, org.springframework.security.web.authentication.AnonymousAuthenticationFilter@6d92bfaf, org.springframework.security.web.session.SessionManagementFilter@2e729fea, org.springframework.security.web.access.ExceptionTranslationFilter@624baf71, org.springframework.security.web.access.intercept.AuthorizationFilter@30b5f974]
2024-07-03 09:07:18 - INFO [main] o.s.b.w.e.tomcat.TomcatWebServer - Tomcat started on port 8080 (http) with context path ''
2024-07-03 09:07:18 - INFO [main] c.e.market.MarketApplication - Started MarketApplication in 7.373 seconds (process running for 13.157)
2024-07-03 09:07:27 - INFO [http-nio-8080-exec-1] o.a.c.c.C.[Tomcat].[localhost].[/] - Initializing Spring DispatcherServlet 'dispatcherServlet'
2024-07-03 09:07:27 - INFO [http-nio-8080-exec-1] o.s.web.servlet.DispatcherServlet - Initializing Servlet 'dispatcherServlet'
2024-07-03 09:07:27 - INFO [http-nio-8080-exec-1] o.s.web.servlet.DispatcherServlet - Completed initialization in 1 ms
2024-07-03 09:07:27 - INFO [http-nio-8080-exec-1] c.e.m.s.j.service.JwtAuthFilter - llegue a JwtAuthFilter 
2024-07-03 09:07:27 - INFO [http-nio-8080-exec-1] c.e.m.s.j.service.UserController - llegue a UserController 
2024-07-03 09:07:27 - INFO [http-nio-8080-exec-1] c.e.m.s.j.service.UserController - llegue a UserController datos NombreP1 ApellidoPP1contrasena1
2024-07-03 09:07:27 - ERROR [http-nio-8080-exec-1] o.a.c.c.C.[.[.[.[dispatcherServlet] - Servlet.service() for servlet [dispatcherServlet] in context with path [] threw exception [Request processing failed: org.springframework.dao.IncorrectResultSizeDataAccessException: Incorrect result size: expected 1, actual 2] with root cause
org.springframework.dao.IncorrectResultSizeDataAccessException: Incorrect result size: expected 1, actual 2
	at org.springframework.dao.support.DataAccessUtils.nullableSingleResult(DataAccessUtils.java:193)
	at org.springframework.jdbc.core.JdbcTemplate.queryForObject(JdbcTemplate.java:520)
	at com.emprendetech.market.dao.PlataformaDao.getIdUsuario(PlataformaDao.java:93)
	at java.base/jdk.internal.reflect.NativeMethodAccessorImpl.invoke0(Native Method)
	at java.base/jdk.internal.reflect.NativeMethodAccessorImpl.invoke(NativeMethodAccessorImpl.java:77)
	at java.base/jdk.internal.reflect.DelegatingMethodAccessorImpl.invoke(DelegatingMethodAccessorImpl.java:43)
	at java.base/java.lang.reflect.Method.invoke(Method.java:568)
	at org.springframework.aop.support.AopUtils.invokeJoinpointUsingReflection(AopUtils.java:354)
	at org.springframework.aop.framework.ReflectiveMethodInvocation.invokeJoinpoint(ReflectiveMethodInvocation.java:196)
	at org.springframework.aop.framework.ReflectiveMethodInvocation.proceed(ReflectiveMethodInvocation.java:163)
	at org.springframework.aop.framework.CglibAopProxy$CglibMethodInvocation.proceed(CglibAopProxy.java:768)
	at org.springframework.dao.support.PersistenceExceptionTranslationInterceptor.invoke(PersistenceExceptionTranslationInterceptor.java:137)
	at org.springframework.aop.framework.ReflectiveMethodInvocation.proceed(ReflectiveMethodInvocation.java:184)
	at org.springframework.aop.framework.CglibAopProxy$CglibMethodInvocation.proceed(CglibAopProxy.java:768)
	at org.springframework.aop.framework.CglibAopProxy$DynamicAdvisedInterceptor.intercept(CglibAopProxy.java:720)
	at com.emprendetech.market.dao.PlataformaDao$$SpringCGLIB$$0.getIdUsuario(<generated>)
	at com.emprendetech.market.security.jwtToken.service.UserController.authenticateAndGetToken(UserController.java:40)
	at java.base/jdk.internal.reflect.NativeMethodAccessorImpl.invoke0(Native Method)
	at java.base/jdk.internal.reflect.NativeMethodAccessorImpl.invoke(NativeMethodAccessorImpl.java:77)
	at java.base/jdk.internal.reflect.DelegatingMethodAccessorImpl.invoke(DelegatingMethodAccessorImpl.java:43)
	at java.base/java.lang.reflect.Method.invoke(Method.java:568)
	at org.springframework.web.method.support.InvocableHandlerMethod.doInvoke(InvocableHandlerMethod.java:255)
	at org.springframework.web.method.support.InvocableHandlerMethod.invokeForRequest(InvocableHandlerMethod.java:188)
	at org.springframework.web.servlet.mvc.method.annotation.ServletInvocableHandlerMethod.invokeAndHandle(ServletInvocableHandlerMethod.java:118)
	at org.springframework.web.servlet.mvc.method.annotation.RequestMappingHandlerAdapter.invokeHandlerMethod(RequestMappingHandlerAdapter.java:926)
	at org.springframework.web.servlet.mvc.method.annotation.RequestMappingHandlerAdapter.handleInternal(RequestMappingHandlerAdapter.java:831)
	at org.springframework.web.servlet.mvc.method.AbstractHandlerMethodAdapter.handle(AbstractHandlerMethodAdapter.java:87)
	at org.springframework.web.servlet.DispatcherServlet.doDispatch(DispatcherServlet.java:1089)
	at org.springframework.web.servlet.DispatcherServlet.doService(DispatcherServlet.java:979)
	at org.springframework.web.servlet.FrameworkServlet.processRequest(FrameworkServlet.java:1014)
	at org.springframework.web.servlet.FrameworkServlet.doPost(FrameworkServlet.java:914)
	at jakarta.servlet.http.HttpServlet.service(HttpServlet.java:590)
	at org.springframework.web.servlet.FrameworkServlet.service(FrameworkServlet.java:885)
	at jakarta.servlet.http.HttpServlet.service(HttpServlet.java:658)
	at org.apache.catalina.core.ApplicationFilterChain.internalDoFilter(ApplicationFilterChain.java:206)
	at org.apache.catalina.core.ApplicationFilterChain.doFilter(ApplicationFilterChain.java:150)
	at org.apache.tomcat.websocket.server.WsFilter.doFilter(WsFilter.java:51)
	at org.apache.catalina.core.ApplicationFilterChain.internalDoFilter(ApplicationFilterChain.java:175)
	at org.apache.catalina.core.ApplicationFilterChain.doFilter(ApplicationFilterChain.java:150)
	at org.springframework.web.filter.OncePerRequestFilter.doFilter(OncePerRequestFilter.java:110)
	at org.apache.catalina.core.ApplicationFilterChain.internalDoFilter(ApplicationFilterChain.java:175)
	at org.apache.catalina.core.ApplicationFilterChain.doFilter(ApplicationFilterChain.java:150)
	at org.springframework.web.filter.CompositeFilter$VirtualFilterChain.doFilter(CompositeFilter.java:108)
	at org.springframework.security.web.FilterChainProxy.lambda$doFilterInternal$3(FilterChainProxy.java:231)
	at org.springframework.security.web.FilterChainProxy$VirtualFilterChain.doFilter(FilterChainProxy.java:365)
	at org.springframework.security.web.access.intercept.AuthorizationFilter.doFilter(AuthorizationFilter.java:100)
	at org.springframework.security.web.FilterChainProxy$VirtualFilterChain.doFilter(FilterChainProxy.java:374)
	at org.springframework.security.web.access.ExceptionTranslationFilter.doFilter(ExceptionTranslationFilter.java:126)
	at org.springframework.security.web.access.ExceptionTranslationFilter.doFilter(ExceptionTranslationFilter.java:120)
	at org.springframework.security.web.FilterChainProxy$VirtualFilterChain.doFilter(FilterChainProxy.java:374)
	at org.springframework.security.web.session.SessionManagementFilter.doFilter(SessionManagementFilter.java:131)
	at org.springframework.security.web.session.SessionManagementFilter.doFilter(SessionManagementFilter.java:85)
	at org.springframework.security.web.FilterChainProxy$VirtualFilterChain.doFilter(FilterChainProxy.java:374)
	at org.springframework.security.web.authentication.AnonymousAuthenticationFilter.doFilter(AnonymousAuthenticationFilter.java:100)
	at org.springframework.security.web.FilterChainProxy$VirtualFilterChain.doFilter(FilterChainProxy.java:374)
	at org.springframework.security.web.servletapi.SecurityContextHolderAwareRequestFilter.doFilter(SecurityContextHolderAwareRequestFilter.java:179)
	at org.springframework.security.web.FilterChainProxy$VirtualFilterChain.doFilter(FilterChainProxy.java:374)
	at org.springframework.security.web.savedrequest.RequestCacheAwareFilter.doFilter(RequestCacheAwareFilter.java:63)
	at org.springframework.security.web.FilterChainProxy$VirtualFilterChain.doFilter(FilterChainProxy.java:374)
	at org.springframework.security.web.authentication.www.BasicAuthenticationFilter.doFilterInternal(BasicAuthenticationFilter.java:181)
	at org.springframework.web.filter.OncePerRequestFilter.doFilter(OncePerRequestFilter.java:116)
	at org.springframework.security.web.FilterChainProxy$VirtualFilterChain.doFilter(FilterChainProxy.java:374)
	at com.emprendetech.market.security.jwtToken.service.JwtAuthFilter.doFilterInternal(JwtAuthFilter.java:55)
	at org.springframework.web.filter.OncePerRequestFilter.doFilter(OncePerRequestFilter.java:116)
	at org.springframework.security.web.FilterChainProxy$VirtualFilterChain.doFilter(FilterChainProxy.java:374)
	at org.springframework.security.web.authentication.logout.LogoutFilter.doFilter(LogoutFilter.java:107)
	at org.springframework.security.web.authentication.logout.LogoutFilter.doFilter(LogoutFilter.java:93)
	at org.springframework.security.web.FilterChainProxy$VirtualFilterChain.doFilter(FilterChainProxy.java:374)
	at org.springframework.web.filter.CorsFilter.doFilterInternal(CorsFilter.java:91)
	at org.springframework.web.filter.OncePerRequestFilter.doFilter(OncePerRequestFilter.java:116)
	at org.springframework.security.web.FilterChainProxy$VirtualFilterChain.doFilter(FilterChainProxy.java:374)
	at org.springframework.security.web.header.HeaderWriterFilter.doHeadersAfter(HeaderWriterFilter.java:90)
	at org.springframework.security.web.header.HeaderWriterFilter.doFilterInternal(HeaderWriterFilter.java:75)
	at org.springframework.web.filter.OncePerRequestFilter.doFilter(OncePerRequestFilter.java:116)
	at org.springframework.security.web.FilterChainProxy$VirtualFilterChain.doFilter(FilterChainProxy.java:374)
	at org.springframework.security.web.context.SecurityContextHolderFilter.doFilter(SecurityContextHolderFilter.java:82)
	at org.springframework.security.web.context.SecurityContextHolderFilter.doFilter(SecurityContextHolderFilter.java:69)
	at org.springframework.security.web.FilterChainProxy$VirtualFilterChain.doFilter(FilterChainProxy.java:374)
	at org.springframework.security.web.context.request.async.WebAsyncManagerIntegrationFilter.doFilterInternal(WebAsyncManagerIntegrationFilter.java:62)
	at org.springframework.web.filter.OncePerRequestFilter.doFilter(OncePerRequestFilter.java:116)
	at org.springframework.security.web.FilterChainProxy$VirtualFilterChain.doFilter(FilterChainProxy.java:374)
	at org.springframework.security.web.session.DisableEncodeUrlFilter.doFilterInternal(DisableEncodeUrlFilter.java:42)
	at org.springframework.web.filter.OncePerRequestFilter.doFilter(OncePerRequestFilter.java:116)
	at org.springframework.security.web.FilterChainProxy$VirtualFilterChain.doFilter(FilterChainProxy.java:374)
	at org.springframework.security.web.FilterChainProxy.doFilterInternal(FilterChainProxy.java:233)
	at org.springframework.security.web.FilterChainProxy.doFilter(FilterChainProxy.java:191)
	at org.springframework.web.filter.CompositeFilter$VirtualFilterChain.doFilter(CompositeFilter.java:113)
	at org.springframework.web.servlet.handler.HandlerMappingIntrospector.lambda$createCacheFilter$3(HandlerMappingIntrospector.java:195)
	at org.springframework.web.filter.CompositeFilter$VirtualFilterChain.doFilter(CompositeFilter.java:113)
	at org.springframework.web.filter.CompositeFilter.doFilter(CompositeFilter.java:74)
	at org.springframework.security.config.annotation.web.configuration.WebMvcSecurityConfiguration$CompositeFilterChainProxy.doFilter(WebMvcSecurityConfiguration.java:230)
	at org.springframework.web.filter.DelegatingFilterProxy.invokeDelegate(DelegatingFilterProxy.java:352)
	at org.springframework.web.filter.DelegatingFilterProxy.doFilter(DelegatingFilterProxy.java:268)
	at org.apache.catalina.core.ApplicationFilterChain.internalDoFilter(ApplicationFilterChain.java:175)
	at org.apache.catalina.core.ApplicationFilterChain.doFilter(ApplicationFilterChain.java:150)
	at org.springframework.web.filter.RequestContextFilter.doFilterInternal(RequestContextFilter.java:100)
	at org.springframework.web.filter.OncePerRequestFilter.doFilter(OncePerRequestFilter.java:116)
	at org.apache.catalina.core.ApplicationFilterChain.internalDoFilter(ApplicationFilterChain.java:175)
	at org.apache.catalina.core.ApplicationFilterChain.doFilter(ApplicationFilterChain.java:150)
	at org.springframework.web.filter.FormContentFilter.doFilterInternal(FormContentFilter.java:93)
	at org.springframework.web.filter.OncePerRequestFilter.doFilter(OncePerRequestFilter.java:116)
	at org.apache.catalina.core.ApplicationFilterChain.internalDoFilter(ApplicationFilterChain.java:175)
	at org.apache.catalina.core.ApplicationFilterChain.doFilter(ApplicationFilterChain.java:150)
	at org.springframework.web.filter.CharacterEncodingFilter.doFilterInternal(CharacterEncodingFilter.java:201)
	at org.springframework.web.filter.OncePerRequestFilter.doFilter(OncePerRequestFilter.java:116)
	at org.apache.catalina.core.ApplicationFilterChain.internalDoFilter(ApplicationFilterChain.java:175)
	at org.apache.catalina.core.ApplicationFilterChain.doFilter(ApplicationFilterChain.java:150)
	at org.apache.catalina.core.StandardWrapperValve.invoke(StandardWrapperValve.java:167)
	at org.apache.catalina.core.StandardContextValve.invoke(StandardContextValve.java:90)
	at org.apache.catalina.authenticator.AuthenticatorBase.invoke(AuthenticatorBase.java:482)
	at org.apache.catalina.core.StandardHostValve.invoke(StandardHostValve.java:115)
	at org.apache.catalina.valves.ErrorReportValve.invoke(ErrorReportValve.java:93)
	at org.apache.catalina.core.StandardEngineValve.invoke(StandardEngineValve.java:74)
	at org.apache.catalina.connector.CoyoteAdapter.service(CoyoteAdapter.java:344)
	at org.apache.coyote.http11.Http11Processor.service(Http11Processor.java:391)
	at org.apache.coyote.AbstractProcessorLight.process(AbstractProcessorLight.java:63)
	at org.apache.coyote.AbstractProtocol$ConnectionHandler.process(AbstractProtocol.java:896)
	at org.apache.tomcat.util.net.NioEndpoint$SocketProcessor.doRun(NioEndpoint.java:1736)
	at org.apache.tomcat.util.net.SocketProcessorBase.run(SocketProcessorBase.java:52)
	at org.apache.tomcat.util.threads.ThreadPoolExecutor.runWorker(ThreadPoolExecutor.java:1191)
	at org.apache.tomcat.util.threads.ThreadPoolExecutor$Worker.run(ThreadPoolExecutor.java:659)
	at org.apache.tomcat.util.threads.TaskThread$WrappingRunnable.run(TaskThread.java:63)
	at java.base/java.lang.Thread.run(Thread.java:840)
2024-07-03 09:08:23 - INFO [RMI TCP Connection(3)-127.0.0.1] o.s.b.a.SpringApplicationAdminMXBeanRegistrar$SpringApplicationAdmin - Application shutdown requested.
2024-07-03 09:08:23 - INFO [RMI TCP Connection(3)-127.0.0.1] o.s.o.j.LocalContainerEntityManagerFactoryBean - Closing JPA EntityManagerFactory for persistence unit 'default'
2024-07-03 09:08:23 - INFO [RMI TCP Connection(3)-127.0.0.1] com.zaxxer.hikari.HikariDataSource - HikariPool-1 - Shutdown initiated...
2024-07-03 09:08:23 - INFO [RMI TCP Connection(3)-127.0.0.1] com.zaxxer.hikari.HikariDataSource - HikariPool-1 - Shutdown completed.
2024-07-03 09:08:36 - INFO [main] c.e.market.MarketApplication - Starting MarketApplication using Java 17.0.11 with PID 1832 (/Users/israeldaviddomingueztovar/Documents/workspace-spring-tool-suite-4-4.22.0.RELEASE/market/target/classes started by israeldaviddomingueztovar in /Users/israeldaviddomingueztovar/Documents/workspace-spring-tool-suite-4-4.22.0.RELEASE/market)
2024-07-03 09:08:36 - INFO [main] c.e.market.MarketApplication - No active profile set, falling back to 1 default profile: "default"
2024-07-03 09:08:37 - INFO [main] o.s.d.r.c.RepositoryConfigurationDelegate - Multiple Spring Data modules found, entering strict repository configuration mode
2024-07-03 09:08:37 - INFO [main] o.s.d.r.c.RepositoryConfigurationDelegate - Bootstrapping Spring Data JDBC repositories in DEFAULT mode.
2024-07-03 09:08:38 - INFO [main] o.s.d.r.c.RepositoryConfigurationExtensionSupport - Spring Data JDBC - Could not safely identify store assignment for repository candidate interface com.emprendetech.market.repositorys.CajaRepository; If you want this repository to be a JDBC repository, consider annotating your entities with one of these annotations: org.springframework.data.relational.core.mapping.Table.
2024-07-03 09:08:38 - INFO [main] o.s.d.r.c.RepositoryConfigurationExtensionSupport - Spring Data JDBC - Could not safely identify store assignment for repository candidate interface com.emprendetech.market.repositorys.CategoriasRepository; If you want this repository to be a JDBC repository, consider annotating your entities with one of these annotations: org.springframework.data.relational.core.mapping.Table.
2024-07-03 09:08:38 - INFO [main] o.s.d.r.c.RepositoryConfigurationExtensionSupport - Spring Data JDBC - Could not safely identify store assignment for repository candidate interface com.emprendetech.market.repositorys.ClientesRepository; If you want this repository to be a JDBC repository, consider annotating your entities with one of these annotations: org.springframework.data.relational.core.mapping.Table.
2024-07-03 09:08:38 - INFO [main] o.s.d.r.c.RepositoryConfigurationExtensionSupport - Spring Data JDBC - Could not safely identify store assignment for repository candidate interface com.emprendetech.market.repositorys.DetallespedidoRepository; If you want this repository to be a JDBC repository, consider annotating your entities with one of these annotations: org.springframework.data.relational.core.mapping.Table.
2024-07-03 09:08:38 - INFO [main] o.s.d.r.c.RepositoryConfigurationExtensionSupport - Spring Data JDBC - Could not safely identify store assignment for repository candidate interface com.emprendetech.market.repositorys.EmprendimientosRepository; If you want this repository to be a JDBC repository, consider annotating your entities with one of these annotations: org.springframework.data.relational.core.mapping.Table.
2024-07-03 09:08:38 - INFO [main] o.s.d.r.c.RepositoryConfigurationExtensionSupport - Spring Data JDBC - Could not safely identify store assignment for repository candidate interface com.emprendetech.market.repositorys.IngresosRepository; If you want this repository to be a JDBC repository, consider annotating your entities with one of these annotations: org.springframework.data.relational.core.mapping.Table.
2024-07-03 09:08:38 - INFO [main] o.s.d.r.c.RepositoryConfigurationExtensionSupport - Spring Data JDBC - Could not safely identify store assignment for repository candidate interface com.emprendetech.market.repositorys.MedidasRepository; If you want this repository to be a JDBC repository, consider annotating your entities with one of these annotations: org.springframework.data.relational.core.mapping.Table.
2024-07-03 09:08:38 - INFO [main] o.s.d.r.c.RepositoryConfigurationExtensionSupport - Spring Data JDBC - Could not safely identify store assignment for repository candidate interface com.emprendetech.market.repositorys.MetodospagoRepository; If you want this repository to be a JDBC repository, consider annotating your entities with one of these annotations: org.springframework.data.relational.core.mapping.Table.
2024-07-03 09:08:38 - INFO [main] o.s.d.r.c.RepositoryConfigurationExtensionSupport - Spring Data JDBC - Could not safely identify store assignment for repository candidate interface com.emprendetech.market.repositorys.PedidosRepository; If you want this repository to be a JDBC repository, consider annotating your entities with one of these annotations: org.springframework.data.relational.core.mapping.Table.
2024-07-03 09:08:38 - INFO [main] o.s.d.r.c.RepositoryConfigurationExtensionSupport - Spring Data JDBC - Could not safely identify store assignment for repository candidate interface com.emprendetech.market.repositorys.PerfilesRepository; If you want this repository to be a JDBC repository, consider annotating your entities with one of these annotations: org.springframework.data.relational.core.mapping.Table.
2024-07-03 09:08:38 - INFO [main] o.s.d.r.c.RepositoryConfigurationExtensionSupport - Spring Data JDBC - Could not safely identify store assignment for repository candidate interface com.emprendetech.market.repositorys.PermisosRepository; If you want this repository to be a JDBC repository, consider annotating your entities with one of these annotations: org.springframework.data.relational.core.mapping.Table.
2024-07-03 09:08:38 - INFO [main] o.s.d.r.c.RepositoryConfigurationExtensionSupport - Spring Data JDBC - Could not safely identify store assignment for repository candidate interface com.emprendetech.market.repositorys.PersonasRepository; If you want this repository to be a JDBC repository, consider annotating your entities with one of these annotations: org.springframework.data.relational.core.mapping.Table.
2024-07-03 09:08:38 - INFO [main] o.s.d.r.c.RepositoryConfigurationExtensionSupport - Spring Data JDBC - Could not safely identify store assignment for repository candidate interface com.emprendetech.market.repositorys.ProductosRepository; If you want this repository to be a JDBC repository, consider annotating your entities with one of these annotations: org.springframework.data.relational.core.mapping.Table.
2024-07-03 09:08:38 - INFO [main] o.s.d.r.c.RepositoryConfigurationExtensionSupport - Spring Data JDBC - Could not safely identify store assignment for repository candidate interface com.emprendetech.market.repositorys.ProductosunidadRepository; If you want this repository to be a JDBC repository, consider annotating your entities with one of these annotations: org.springframework.data.relational.core.mapping.Table.
2024-07-03 09:08:38 - INFO [main] o.s.d.r.c.RepositoryConfigurationExtensionSupport - Spring Data JDBC - Could not safely identify store assignment for repository candidate interface com.emprendetech.market.repositorys.RolesRepository; If you want this repository to be a JDBC repository, consider annotating your entities with one of these annotations: org.springframework.data.relational.core.mapping.Table.
2024-07-03 09:08:38 - INFO [main] o.s.d.r.c.RepositoryConfigurationExtensionSupport - Spring Data JDBC - Could not safely identify store assignment for repository candidate interface com.emprendetech.market.repositorys.RolpermisosRepository; If you want this repository to be a JDBC repository, consider annotating your entities with one of these annotations: org.springframework.data.relational.core.mapping.Table.
2024-07-03 09:08:38 - INFO [main] o.s.d.r.c.RepositoryConfigurationExtensionSupport - Spring Data JDBC - Could not safely identify store assignment for repository candidate interface com.emprendetech.market.repositorys.UsuarioRepository; If you want this repository to be a JDBC repository, consider annotating your entities with one of these annotations: org.springframework.data.relational.core.mapping.Table.
2024-07-03 09:08:38 - INFO [main] o.s.d.r.c.RepositoryConfigurationExtensionSupport - Spring Data JDBC - Could not safely identify store assignment for repository candidate interface com.emprendetech.market.repositorys.VentasRepository; If you want this repository to be a JDBC repository, consider annotating your entities with one of these annotations: org.springframework.data.relational.core.mapping.Table.
2024-07-03 09:08:38 - INFO [main] o.s.d.r.c.RepositoryConfigurationDelegate - Finished Spring Data repository scanning in 93 ms. Found 0 JDBC repository interfaces.
2024-07-03 09:08:38 - INFO [main] o.s.d.r.c.RepositoryConfigurationDelegate - Multiple Spring Data modules found, entering strict repository configuration mode
2024-07-03 09:08:38 - INFO [main] o.s.d.r.c.RepositoryConfigurationDelegate - Bootstrapping Spring Data JPA repositories in DEFAULT mode.
2024-07-03 09:08:38 - INFO [main] o.s.d.r.c.RepositoryConfigurationDelegate - Finished Spring Data repository scanning in 103 ms. Found 18 JPA repository interfaces.
2024-07-03 09:08:38 - INFO [main] o.s.b.w.e.tomcat.TomcatWebServer - Tomcat initialized with port 8080 (http)
2024-07-03 09:08:39 - INFO [main] o.a.catalina.core.StandardService - Starting service [Tomcat]
2024-07-03 09:08:39 - INFO [main] o.a.catalina.core.StandardEngine - Starting Servlet engine: [Apache Tomcat/10.1.20]
2024-07-03 09:08:39 - INFO [main] o.a.c.c.C.[Tomcat].[localhost].[/] - Initializing Spring embedded WebApplicationContext
2024-07-03 09:08:39 - INFO [main] o.s.b.w.s.c.ServletWebServerApplicationContext - Root WebApplicationContext: initialization completed in 2430 ms
2024-07-03 09:08:39 - INFO [main] o.h.jpa.internal.util.LogHelper - HHH000204: Processing PersistenceUnitInfo [name: default]
2024-07-03 09:08:39 - INFO [main] org.hibernate.Version - HHH000412: Hibernate ORM core version 6.4.4.Final
2024-07-03 09:08:39 - INFO [main] o.h.c.i.RegionFactoryInitiator - HHH000026: Second-level cache disabled
2024-07-03 09:08:39 - INFO [main] o.s.o.j.p.SpringPersistenceUnitInfo - No LoadTimeWeaver setup: ignoring JPA class transformer
2024-07-03 09:08:39 - INFO [main] com.zaxxer.hikari.HikariDataSource - HikariPool-1 - Starting...
2024-07-03 09:08:40 - INFO [main] com.zaxxer.hikari.pool.HikariPool - HikariPool-1 - Added connection com.mysql.cj.jdbc.ConnectionImpl@2b2b7e3c
2024-07-03 09:08:40 - INFO [main] com.zaxxer.hikari.HikariDataSource - HikariPool-1 - Start completed.
2024-07-03 09:08:40 - WARN [main] org.hibernate.orm.deprecation - HHH90000025: MySQLDialect does not need to be specified explicitly using 'hibernate.dialect' (remove the property setting and it will be selected by default)
2024-07-03 09:08:41 - INFO [main] o.h.e.t.j.p.i.JtaPlatformInitiator - HHH000489: No JTA platform available (set 'hibernate.transaction.jta.platform' to enable JTA platform integration)
2024-07-03 09:08:42 - INFO [main] o.s.o.j.LocalContainerEntityManagerFactoryBean - Initialized JPA EntityManagerFactory for persistence unit 'default'
2024-07-03 09:08:42 - WARN [main] o.s.b.a.o.j.JpaBaseConfiguration$JpaWebConfiguration - spring.jpa.open-in-view is enabled by default. Therefore, database queries may be performed during view rendering. Explicitly configure spring.jpa.open-in-view to disable this warning
2024-07-03 09:08:43 - INFO [main] o.s.s.web.DefaultSecurityFilterChain - Will secure any request with [org.springframework.security.web.session.DisableEncodeUrlFilter@24489d12, org.springframework.security.web.context.request.async.WebAsyncManagerIntegrationFilter@28df2da8, org.springframework.security.web.context.SecurityContextHolderFilter@3ce4b0a8, org.springframework.security.web.header.HeaderWriterFilter@3071d086, org.springframework.web.filter.CorsFilter@30b5f974, org.springframework.security.web.authentication.logout.LogoutFilter@2b33e616, com.emprendetech.market.security.jwtToken.service.JwtAuthFilter@23a78d2e, org.springframework.security.web.authentication.www.BasicAuthenticationFilter@12e3cf1c, org.springframework.security.web.savedrequest.RequestCacheAwareFilter@624baf71, org.springframework.security.web.servletapi.SecurityContextHolderAwareRequestFilter@70799ca7, org.springframework.security.web.authentication.AnonymousAuthenticationFilter@37227aa7, org.springframework.security.web.session.SessionManagementFilter@7926d092, org.springframework.security.web.access.ExceptionTranslationFilter@fffb4a8, org.springframework.security.web.access.intercept.AuthorizationFilter@5ca896af]
2024-07-03 09:08:43 - INFO [main] o.s.b.w.e.tomcat.TomcatWebServer - Tomcat started on port 8080 (http) with context path ''
2024-07-03 09:08:43 - INFO [main] c.e.market.MarketApplication - Started MarketApplication in 7.835 seconds (process running for 13.643)
2024-07-03 09:09:08 - INFO [RMI TCP Connection(3)-127.0.0.1] o.s.b.a.SpringApplicationAdminMXBeanRegistrar$SpringApplicationAdmin - Application shutdown requested.
2024-07-03 09:09:08 - INFO [RMI TCP Connection(3)-127.0.0.1] o.s.o.j.LocalContainerEntityManagerFactoryBean - Closing JPA EntityManagerFactory for persistence unit 'default'
2024-07-03 09:09:08 - INFO [RMI TCP Connection(3)-127.0.0.1] com.zaxxer.hikari.HikariDataSource - HikariPool-1 - Shutdown initiated...
2024-07-03 09:09:08 - INFO [RMI TCP Connection(3)-127.0.0.1] com.zaxxer.hikari.HikariDataSource - HikariPool-1 - Shutdown completed.
2024-07-03 09:09:19 - INFO [main] c.e.market.MarketApplication - Starting MarketApplication using Java 17.0.11 with PID 1834 (/Users/israeldaviddomingueztovar/Documents/workspace-spring-tool-suite-4-4.22.0.RELEASE/market/target/classes started by israeldaviddomingueztovar in /Users/israeldaviddomingueztovar/Documents/workspace-spring-tool-suite-4-4.22.0.RELEASE/market)
2024-07-03 09:09:19 - INFO [main] c.e.market.MarketApplication - No active profile set, falling back to 1 default profile: "default"
2024-07-03 09:09:20 - INFO [main] o.s.d.r.c.RepositoryConfigurationDelegate - Multiple Spring Data modules found, entering strict repository configuration mode
2024-07-03 09:09:20 - INFO [main] o.s.d.r.c.RepositoryConfigurationDelegate - Bootstrapping Spring Data JDBC repositories in DEFAULT mode.
2024-07-03 09:09:20 - INFO [main] o.s.d.r.c.RepositoryConfigurationExtensionSupport - Spring Data JDBC - Could not safely identify store assignment for repository candidate interface com.emprendetech.market.repositorys.CajaRepository; If you want this repository to be a JDBC repository, consider annotating your entities with one of these annotations: org.springframework.data.relational.core.mapping.Table.
2024-07-03 09:09:20 - INFO [main] o.s.d.r.c.RepositoryConfigurationExtensionSupport - Spring Data JDBC - Could not safely identify store assignment for repository candidate interface com.emprendetech.market.repositorys.CategoriasRepository; If you want this repository to be a JDBC repository, consider annotating your entities with one of these annotations: org.springframework.data.relational.core.mapping.Table.
2024-07-03 09:09:20 - INFO [main] o.s.d.r.c.RepositoryConfigurationExtensionSupport - Spring Data JDBC - Could not safely identify store assignment for repository candidate interface com.emprendetech.market.repositorys.ClientesRepository; If you want this repository to be a JDBC repository, consider annotating your entities with one of these annotations: org.springframework.data.relational.core.mapping.Table.
2024-07-03 09:09:20 - INFO [main] o.s.d.r.c.RepositoryConfigurationExtensionSupport - Spring Data JDBC - Could not safely identify store assignment for repository candidate interface com.emprendetech.market.repositorys.DetallespedidoRepository; If you want this repository to be a JDBC repository, consider annotating your entities with one of these annotations: org.springframework.data.relational.core.mapping.Table.
2024-07-03 09:09:20 - INFO [main] o.s.d.r.c.RepositoryConfigurationExtensionSupport - Spring Data JDBC - Could not safely identify store assignment for repository candidate interface com.emprendetech.market.repositorys.EmprendimientosRepository; If you want this repository to be a JDBC repository, consider annotating your entities with one of these annotations: org.springframework.data.relational.core.mapping.Table.
2024-07-03 09:09:20 - INFO [main] o.s.d.r.c.RepositoryConfigurationExtensionSupport - Spring Data JDBC - Could not safely identify store assignment for repository candidate interface com.emprendetech.market.repositorys.IngresosRepository; If you want this repository to be a JDBC repository, consider annotating your entities with one of these annotations: org.springframework.data.relational.core.mapping.Table.
2024-07-03 09:09:20 - INFO [main] o.s.d.r.c.RepositoryConfigurationExtensionSupport - Spring Data JDBC - Could not safely identify store assignment for repository candidate interface com.emprendetech.market.repositorys.MedidasRepository; If you want this repository to be a JDBC repository, consider annotating your entities with one of these annotations: org.springframework.data.relational.core.mapping.Table.
2024-07-03 09:09:20 - INFO [main] o.s.d.r.c.RepositoryConfigurationExtensionSupport - Spring Data JDBC - Could not safely identify store assignment for repository candidate interface com.emprendetech.market.repositorys.MetodospagoRepository; If you want this repository to be a JDBC repository, consider annotating your entities with one of these annotations: org.springframework.data.relational.core.mapping.Table.
2024-07-03 09:09:20 - INFO [main] o.s.d.r.c.RepositoryConfigurationExtensionSupport - Spring Data JDBC - Could not safely identify store assignment for repository candidate interface com.emprendetech.market.repositorys.PedidosRepository; If you want this repository to be a JDBC repository, consider annotating your entities with one of these annotations: org.springframework.data.relational.core.mapping.Table.
2024-07-03 09:09:20 - INFO [main] o.s.d.r.c.RepositoryConfigurationExtensionSupport - Spring Data JDBC - Could not safely identify store assignment for repository candidate interface com.emprendetech.market.repositorys.PerfilesRepository; If you want this repository to be a JDBC repository, consider annotating your entities with one of these annotations: org.springframework.data.relational.core.mapping.Table.
2024-07-03 09:09:20 - INFO [main] o.s.d.r.c.RepositoryConfigurationExtensionSupport - Spring Data JDBC - Could not safely identify store assignment for repository candidate interface com.emprendetech.market.repositorys.PermisosRepository; If you want this repository to be a JDBC repository, consider annotating your entities with one of these annotations: org.springframework.data.relational.core.mapping.Table.
2024-07-03 09:09:20 - INFO [main] o.s.d.r.c.RepositoryConfigurationExtensionSupport - Spring Data JDBC - Could not safely identify store assignment for repository candidate interface com.emprendetech.market.repositorys.PersonasRepository; If you want this repository to be a JDBC repository, consider annotating your entities with one of these annotations: org.springframework.data.relational.core.mapping.Table.
2024-07-03 09:09:20 - INFO [main] o.s.d.r.c.RepositoryConfigurationExtensionSupport - Spring Data JDBC - Could not safely identify store assignment for repository candidate interface com.emprendetech.market.repositorys.ProductosRepository; If you want this repository to be a JDBC repository, consider annotating your entities with one of these annotations: org.springframework.data.relational.core.mapping.Table.
2024-07-03 09:09:20 - INFO [main] o.s.d.r.c.RepositoryConfigurationExtensionSupport - Spring Data JDBC - Could not safely identify store assignment for repository candidate interface com.emprendetech.market.repositorys.ProductosunidadRepository; If you want this repository to be a JDBC repository, consider annotating your entities with one of these annotations: org.springframework.data.relational.core.mapping.Table.
2024-07-03 09:09:20 - INFO [main] o.s.d.r.c.RepositoryConfigurationExtensionSupport - Spring Data JDBC - Could not safely identify store assignment for repository candidate interface com.emprendetech.market.repositorys.RolesRepository; If you want this repository to be a JDBC repository, consider annotating your entities with one of these annotations: org.springframework.data.relational.core.mapping.Table.
2024-07-03 09:09:20 - INFO [main] o.s.d.r.c.RepositoryConfigurationExtensionSupport - Spring Data JDBC - Could not safely identify store assignment for repository candidate interface com.emprendetech.market.repositorys.RolpermisosRepository; If you want this repository to be a JDBC repository, consider annotating your entities with one of these annotations: org.springframework.data.relational.core.mapping.Table.
2024-07-03 09:09:20 - INFO [main] o.s.d.r.c.RepositoryConfigurationExtensionSupport - Spring Data JDBC - Could not safely identify store assignment for repository candidate interface com.emprendetech.market.repositorys.UsuarioRepository; If you want this repository to be a JDBC repository, consider annotating your entities with one of these annotations: org.springframework.data.relational.core.mapping.Table.
2024-07-03 09:09:20 - INFO [main] o.s.d.r.c.RepositoryConfigurationExtensionSupport - Spring Data JDBC - Could not safely identify store assignment for repository candidate interface com.emprendetech.market.repositorys.VentasRepository; If you want this repository to be a JDBC repository, consider annotating your entities with one of these annotations: org.springframework.data.relational.core.mapping.Table.
2024-07-03 09:09:20 - INFO [main] o.s.d.r.c.RepositoryConfigurationDelegate - Finished Spring Data repository scanning in 83 ms. Found 0 JDBC repository interfaces.
2024-07-03 09:09:20 - INFO [main] o.s.d.r.c.RepositoryConfigurationDelegate - Multiple Spring Data modules found, entering strict repository configuration mode
2024-07-03 09:09:20 - INFO [main] o.s.d.r.c.RepositoryConfigurationDelegate - Bootstrapping Spring Data JPA repositories in DEFAULT mode.
2024-07-03 09:09:21 - INFO [main] o.s.d.r.c.RepositoryConfigurationDelegate - Finished Spring Data repository scanning in 82 ms. Found 18 JPA repository interfaces.
2024-07-03 09:09:21 - INFO [main] o.s.b.w.e.tomcat.TomcatWebServer - Tomcat initialized with port 8080 (http)
2024-07-03 09:09:21 - INFO [main] o.a.catalina.core.StandardService - Starting service [Tomcat]
2024-07-03 09:09:21 - INFO [main] o.a.catalina.core.StandardEngine - Starting Servlet engine: [Apache Tomcat/10.1.20]
2024-07-03 09:09:21 - INFO [main] o.a.c.c.C.[Tomcat].[localhost].[/] - Initializing Spring embedded WebApplicationContext
2024-07-03 09:09:21 - INFO [main] o.s.b.w.s.c.ServletWebServerApplicationContext - Root WebApplicationContext: initialization completed in 1916 ms
2024-07-03 09:09:21 - INFO [main] o.h.jpa.internal.util.LogHelper - HHH000204: Processing PersistenceUnitInfo [name: default]
2024-07-03 09:09:21 - INFO [main] org.hibernate.Version - HHH000412: Hibernate ORM core version 6.4.4.Final
2024-07-03 09:09:21 - INFO [main] o.h.c.i.RegionFactoryInitiator - HHH000026: Second-level cache disabled
2024-07-03 09:09:22 - INFO [main] o.s.o.j.p.SpringPersistenceUnitInfo - No LoadTimeWeaver setup: ignoring JPA class transformer
2024-07-03 09:09:22 - INFO [main] com.zaxxer.hikari.HikariDataSource - HikariPool-1 - Starting...
2024-07-03 09:09:22 - INFO [main] com.zaxxer.hikari.pool.HikariPool - HikariPool-1 - Added connection com.mysql.cj.jdbc.ConnectionImpl@628b503a
2024-07-03 09:09:22 - INFO [main] com.zaxxer.hikari.HikariDataSource - HikariPool-1 - Start completed.
2024-07-03 09:09:22 - WARN [main] org.hibernate.orm.deprecation - HHH90000025: MySQLDialect does not need to be specified explicitly using 'hibernate.dialect' (remove the property setting and it will be selected by default)
2024-07-03 09:09:23 - INFO [main] o.h.e.t.j.p.i.JtaPlatformInitiator - HHH000489: No JTA platform available (set 'hibernate.transaction.jta.platform' to enable JTA platform integration)
2024-07-03 09:09:23 - INFO [main] o.s.o.j.LocalContainerEntityManagerFactoryBean - Initialized JPA EntityManagerFactory for persistence unit 'default'
2024-07-03 09:09:24 - WARN [main] o.s.b.a.o.j.JpaBaseConfiguration$JpaWebConfiguration - spring.jpa.open-in-view is enabled by default. Therefore, database queries may be performed during view rendering. Explicitly configure spring.jpa.open-in-view to disable this warning
2024-07-03 09:09:24 - INFO [main] o.s.s.web.DefaultSecurityFilterChain - Will secure any request with [org.springframework.security.web.session.DisableEncodeUrlFilter@4b6ad2eb, org.springframework.security.web.context.request.async.WebAsyncManagerIntegrationFilter@61868687, org.springframework.security.web.context.SecurityContextHolderFilter@2d2afbdf, org.springframework.security.web.header.HeaderWriterFilter@394a7390, org.springframework.web.filter.CorsFilter@2122b4bd, org.springframework.security.web.authentication.logout.LogoutFilter@5aa026e9, com.emprendetech.market.security.jwtToken.service.JwtAuthFilter@7f5c4ff8, org.springframework.security.web.authentication.www.BasicAuthenticationFilter@7c1adb8a, org.springframework.security.web.savedrequest.RequestCacheAwareFilter@3ed1446c, org.springframework.security.web.servletapi.SecurityContextHolderAwareRequestFilter@2e9bff08, org.springframework.security.web.authentication.AnonymousAuthenticationFilter@5dd79a57, org.springframework.security.web.session.SessionManagementFilter@324e62e2, org.springframework.security.web.access.ExceptionTranslationFilter@7d1b96b9, org.springframework.security.web.access.intercept.AuthorizationFilter@22781286]
2024-07-03 09:09:25 - INFO [main] o.s.b.w.e.tomcat.TomcatWebServer - Tomcat started on port 8080 (http) with context path ''
2024-07-03 09:09:25 - INFO [main] c.e.market.MarketApplication - Started MarketApplication in 6.161 seconds (process running for 11.935)
2024-07-03 09:09:37 - INFO [http-nio-8080-exec-1] o.a.c.c.C.[Tomcat].[localhost].[/] - Initializing Spring DispatcherServlet 'dispatcherServlet'
2024-07-03 09:09:37 - INFO [http-nio-8080-exec-1] o.s.web.servlet.DispatcherServlet - Initializing Servlet 'dispatcherServlet'
2024-07-03 09:09:37 - INFO [http-nio-8080-exec-1] o.s.web.servlet.DispatcherServlet - Completed initialization in 2 ms
2024-07-03 09:09:37 - INFO [http-nio-8080-exec-1] c.e.m.s.j.service.JwtAuthFilter - llegue a JwtAuthFilter 
2024-07-03 09:09:38 - INFO [http-nio-8080-exec-1] c.e.m.s.j.service.UserController - llegue a UserController 
2024-07-03 09:09:38 - INFO [http-nio-8080-exec-1] c.e.m.s.j.service.UserController - llegue a UserController datos NombreP1 ApellidoPP1contrasena1
2024-07-03 09:09:38 - ERROR [http-nio-8080-exec-1] o.a.c.c.C.[.[.[.[dispatcherServlet] - Servlet.service() for servlet [dispatcherServlet] in context with path [] threw exception [Request processing failed: org.springframework.dao.IncorrectResultSizeDataAccessException: Incorrect result size: expected 1, actual 2] with root cause
org.springframework.dao.IncorrectResultSizeDataAccessException: Incorrect result size: expected 1, actual 2
	at org.springframework.dao.support.DataAccessUtils.nullableSingleResult(DataAccessUtils.java:193)
	at org.springframework.jdbc.core.JdbcTemplate.queryForObject(JdbcTemplate.java:520)
	at com.emprendetech.market.dao.PlataformaDao.getIdUsuario(PlataformaDao.java:93)
	at java.base/jdk.internal.reflect.NativeMethodAccessorImpl.invoke0(Native Method)
	at java.base/jdk.internal.reflect.NativeMethodAccessorImpl.invoke(NativeMethodAccessorImpl.java:77)
	at java.base/jdk.internal.reflect.DelegatingMethodAccessorImpl.invoke(DelegatingMethodAccessorImpl.java:43)
	at java.base/java.lang.reflect.Method.invoke(Method.java:568)
	at org.springframework.aop.support.AopUtils.invokeJoinpointUsingReflection(AopUtils.java:354)
	at org.springframework.aop.framework.ReflectiveMethodInvocation.invokeJoinpoint(ReflectiveMethodInvocation.java:196)
	at org.springframework.aop.framework.ReflectiveMethodInvocation.proceed(ReflectiveMethodInvocation.java:163)
	at org.springframework.aop.framework.CglibAopProxy$CglibMethodInvocation.proceed(CglibAopProxy.java:768)
	at org.springframework.dao.support.PersistenceExceptionTranslationInterceptor.invoke(PersistenceExceptionTranslationInterceptor.java:137)
	at org.springframework.aop.framework.ReflectiveMethodInvocation.proceed(ReflectiveMethodInvocation.java:184)
	at org.springframework.aop.framework.CglibAopProxy$CglibMethodInvocation.proceed(CglibAopProxy.java:768)
	at org.springframework.aop.framework.CglibAopProxy$DynamicAdvisedInterceptor.intercept(CglibAopProxy.java:720)
	at com.emprendetech.market.dao.PlataformaDao$$SpringCGLIB$$0.getIdUsuario(<generated>)
	at com.emprendetech.market.security.jwtToken.service.UserController.authenticateAndGetToken(UserController.java:40)
	at java.base/jdk.internal.reflect.NativeMethodAccessorImpl.invoke0(Native Method)
	at java.base/jdk.internal.reflect.NativeMethodAccessorImpl.invoke(NativeMethodAccessorImpl.java:77)
	at java.base/jdk.internal.reflect.DelegatingMethodAccessorImpl.invoke(DelegatingMethodAccessorImpl.java:43)
	at java.base/java.lang.reflect.Method.invoke(Method.java:568)
	at org.springframework.web.method.support.InvocableHandlerMethod.doInvoke(InvocableHandlerMethod.java:255)
	at org.springframework.web.method.support.InvocableHandlerMethod.invokeForRequest(InvocableHandlerMethod.java:188)
	at org.springframework.web.servlet.mvc.method.annotation.ServletInvocableHandlerMethod.invokeAndHandle(ServletInvocableHandlerMethod.java:118)
	at org.springframework.web.servlet.mvc.method.annotation.RequestMappingHandlerAdapter.invokeHandlerMethod(RequestMappingHandlerAdapter.java:926)
	at org.springframework.web.servlet.mvc.method.annotation.RequestMappingHandlerAdapter.handleInternal(RequestMappingHandlerAdapter.java:831)
	at org.springframework.web.servlet.mvc.method.AbstractHandlerMethodAdapter.handle(AbstractHandlerMethodAdapter.java:87)
	at org.springframework.web.servlet.DispatcherServlet.doDispatch(DispatcherServlet.java:1089)
	at org.springframework.web.servlet.DispatcherServlet.doService(DispatcherServlet.java:979)
	at org.springframework.web.servlet.FrameworkServlet.processRequest(FrameworkServlet.java:1014)
	at org.springframework.web.servlet.FrameworkServlet.doPost(FrameworkServlet.java:914)
	at jakarta.servlet.http.HttpServlet.service(HttpServlet.java:590)
	at org.springframework.web.servlet.FrameworkServlet.service(FrameworkServlet.java:885)
	at jakarta.servlet.http.HttpServlet.service(HttpServlet.java:658)
	at org.apache.catalina.core.ApplicationFilterChain.internalDoFilter(ApplicationFilterChain.java:206)
	at org.apache.catalina.core.ApplicationFilterChain.doFilter(ApplicationFilterChain.java:150)
	at org.apache.tomcat.websocket.server.WsFilter.doFilter(WsFilter.java:51)
	at org.apache.catalina.core.ApplicationFilterChain.internalDoFilter(ApplicationFilterChain.java:175)
	at org.apache.catalina.core.ApplicationFilterChain.doFilter(ApplicationFilterChain.java:150)
	at org.springframework.web.filter.OncePerRequestFilter.doFilter(OncePerRequestFilter.java:110)
	at org.apache.catalina.core.ApplicationFilterChain.internalDoFilter(ApplicationFilterChain.java:175)
	at org.apache.catalina.core.ApplicationFilterChain.doFilter(ApplicationFilterChain.java:150)
	at org.springframework.web.filter.CompositeFilter$VirtualFilterChain.doFilter(CompositeFilter.java:108)
	at org.springframework.security.web.FilterChainProxy.lambda$doFilterInternal$3(FilterChainProxy.java:231)
	at org.springframework.security.web.FilterChainProxy$VirtualFilterChain.doFilter(FilterChainProxy.java:365)
	at org.springframework.security.web.access.intercept.AuthorizationFilter.doFilter(AuthorizationFilter.java:100)
	at org.springframework.security.web.FilterChainProxy$VirtualFilterChain.doFilter(FilterChainProxy.java:374)
	at org.springframework.security.web.access.ExceptionTranslationFilter.doFilter(ExceptionTranslationFilter.java:126)
	at org.springframework.security.web.access.ExceptionTranslationFilter.doFilter(ExceptionTranslationFilter.java:120)
	at org.springframework.security.web.FilterChainProxy$VirtualFilterChain.doFilter(FilterChainProxy.java:374)
	at org.springframework.security.web.session.SessionManagementFilter.doFilter(SessionManagementFilter.java:131)
	at org.springframework.security.web.session.SessionManagementFilter.doFilter(SessionManagementFilter.java:85)
	at org.springframework.security.web.FilterChainProxy$VirtualFilterChain.doFilter(FilterChainProxy.java:374)
	at org.springframework.security.web.authentication.AnonymousAuthenticationFilter.doFilter(AnonymousAuthenticationFilter.java:100)
	at org.springframework.security.web.FilterChainProxy$VirtualFilterChain.doFilter(FilterChainProxy.java:374)
	at org.springframework.security.web.servletapi.SecurityContextHolderAwareRequestFilter.doFilter(SecurityContextHolderAwareRequestFilter.java:179)
	at org.springframework.security.web.FilterChainProxy$VirtualFilterChain.doFilter(FilterChainProxy.java:374)
	at org.springframework.security.web.savedrequest.RequestCacheAwareFilter.doFilter(RequestCacheAwareFilter.java:63)
	at org.springframework.security.web.FilterChainProxy$VirtualFilterChain.doFilter(FilterChainProxy.java:374)
	at org.springframework.security.web.authentication.www.BasicAuthenticationFilter.doFilterInternal(BasicAuthenticationFilter.java:181)
	at org.springframework.web.filter.OncePerRequestFilter.doFilter(OncePerRequestFilter.java:116)
	at org.springframework.security.web.FilterChainProxy$VirtualFilterChain.doFilter(FilterChainProxy.java:374)
	at com.emprendetech.market.security.jwtToken.service.JwtAuthFilter.doFilterInternal(JwtAuthFilter.java:55)
	at org.springframework.web.filter.OncePerRequestFilter.doFilter(OncePerRequestFilter.java:116)
	at org.springframework.security.web.FilterChainProxy$VirtualFilterChain.doFilter(FilterChainProxy.java:374)
	at org.springframework.security.web.authentication.logout.LogoutFilter.doFilter(LogoutFilter.java:107)
	at org.springframework.security.web.authentication.logout.LogoutFilter.doFilter(LogoutFilter.java:93)
	at org.springframework.security.web.FilterChainProxy$VirtualFilterChain.doFilter(FilterChainProxy.java:374)
	at org.springframework.web.filter.CorsFilter.doFilterInternal(CorsFilter.java:91)
	at org.springframework.web.filter.OncePerRequestFilter.doFilter(OncePerRequestFilter.java:116)
	at org.springframework.security.web.FilterChainProxy$VirtualFilterChain.doFilter(FilterChainProxy.java:374)
	at org.springframework.security.web.header.HeaderWriterFilter.doHeadersAfter(HeaderWriterFilter.java:90)
	at org.springframework.security.web.header.HeaderWriterFilter.doFilterInternal(HeaderWriterFilter.java:75)
	at org.springframework.web.filter.OncePerRequestFilter.doFilter(OncePerRequestFilter.java:116)
	at org.springframework.security.web.FilterChainProxy$VirtualFilterChain.doFilter(FilterChainProxy.java:374)
	at org.springframework.security.web.context.SecurityContextHolderFilter.doFilter(SecurityContextHolderFilter.java:82)
	at org.springframework.security.web.context.SecurityContextHolderFilter.doFilter(SecurityContextHolderFilter.java:69)
	at org.springframework.security.web.FilterChainProxy$VirtualFilterChain.doFilter(FilterChainProxy.java:374)
	at org.springframework.security.web.context.request.async.WebAsyncManagerIntegrationFilter.doFilterInternal(WebAsyncManagerIntegrationFilter.java:62)
	at org.springframework.web.filter.OncePerRequestFilter.doFilter(OncePerRequestFilter.java:116)
	at org.springframework.security.web.FilterChainProxy$VirtualFilterChain.doFilter(FilterChainProxy.java:374)
	at org.springframework.security.web.session.DisableEncodeUrlFilter.doFilterInternal(DisableEncodeUrlFilter.java:42)
	at org.springframework.web.filter.OncePerRequestFilter.doFilter(OncePerRequestFilter.java:116)
	at org.springframework.security.web.FilterChainProxy$VirtualFilterChain.doFilter(FilterChainProxy.java:374)
	at org.springframework.security.web.FilterChainProxy.doFilterInternal(FilterChainProxy.java:233)
	at org.springframework.security.web.FilterChainProxy.doFilter(FilterChainProxy.java:191)
	at org.springframework.web.filter.CompositeFilter$VirtualFilterChain.doFilter(CompositeFilter.java:113)
	at org.springframework.web.servlet.handler.HandlerMappingIntrospector.lambda$createCacheFilter$3(HandlerMappingIntrospector.java:195)
	at org.springframework.web.filter.CompositeFilter$VirtualFilterChain.doFilter(CompositeFilter.java:113)
	at org.springframework.web.filter.CompositeFilter.doFilter(CompositeFilter.java:74)
	at org.springframework.security.config.annotation.web.configuration.WebMvcSecurityConfiguration$CompositeFilterChainProxy.doFilter(WebMvcSecurityConfiguration.java:230)
	at org.springframework.web.filter.DelegatingFilterProxy.invokeDelegate(DelegatingFilterProxy.java:352)
	at org.springframework.web.filter.DelegatingFilterProxy.doFilter(DelegatingFilterProxy.java:268)
	at org.apache.catalina.core.ApplicationFilterChain.internalDoFilter(ApplicationFilterChain.java:175)
	at org.apache.catalina.core.ApplicationFilterChain.doFilter(ApplicationFilterChain.java:150)
	at org.springframework.web.filter.RequestContextFilter.doFilterInternal(RequestContextFilter.java:100)
	at org.springframework.web.filter.OncePerRequestFilter.doFilter(OncePerRequestFilter.java:116)
	at org.apache.catalina.core.ApplicationFilterChain.internalDoFilter(ApplicationFilterChain.java:175)
	at org.apache.catalina.core.ApplicationFilterChain.doFilter(ApplicationFilterChain.java:150)
	at org.springframework.web.filter.FormContentFilter.doFilterInternal(FormContentFilter.java:93)
	at org.springframework.web.filter.OncePerRequestFilter.doFilter(OncePerRequestFilter.java:116)
	at org.apache.catalina.core.ApplicationFilterChain.internalDoFilter(ApplicationFilterChain.java:175)
	at org.apache.catalina.core.ApplicationFilterChain.doFilter(ApplicationFilterChain.java:150)
	at org.springframework.web.filter.CharacterEncodingFilter.doFilterInternal(CharacterEncodingFilter.java:201)
	at org.springframework.web.filter.OncePerRequestFilter.doFilter(OncePerRequestFilter.java:116)
	at org.apache.catalina.core.ApplicationFilterChain.internalDoFilter(ApplicationFilterChain.java:175)
	at org.apache.catalina.core.ApplicationFilterChain.doFilter(ApplicationFilterChain.java:150)
	at org.apache.catalina.core.StandardWrapperValve.invoke(StandardWrapperValve.java:167)
	at org.apache.catalina.core.StandardContextValve.invoke(StandardContextValve.java:90)
	at org.apache.catalina.authenticator.AuthenticatorBase.invoke(AuthenticatorBase.java:482)
	at org.apache.catalina.core.StandardHostValve.invoke(StandardHostValve.java:115)
	at org.apache.catalina.valves.ErrorReportValve.invoke(ErrorReportValve.java:93)
	at org.apache.catalina.core.StandardEngineValve.invoke(StandardEngineValve.java:74)
	at org.apache.catalina.connector.CoyoteAdapter.service(CoyoteAdapter.java:344)
	at org.apache.coyote.http11.Http11Processor.service(Http11Processor.java:391)
	at org.apache.coyote.AbstractProcessorLight.process(AbstractProcessorLight.java:63)
	at org.apache.coyote.AbstractProtocol$ConnectionHandler.process(AbstractProtocol.java:896)
	at org.apache.tomcat.util.net.NioEndpoint$SocketProcessor.doRun(NioEndpoint.java:1736)
	at org.apache.tomcat.util.net.SocketProcessorBase.run(SocketProcessorBase.java:52)
	at org.apache.tomcat.util.threads.ThreadPoolExecutor.runWorker(ThreadPoolExecutor.java:1191)
	at org.apache.tomcat.util.threads.ThreadPoolExecutor$Worker.run(ThreadPoolExecutor.java:659)
	at org.apache.tomcat.util.threads.TaskThread$WrappingRunnable.run(TaskThread.java:63)
	at java.base/java.lang.Thread.run(Thread.java:840)
2024-07-03 09:16:18 - INFO [RMI TCP Connection(11)-127.0.0.1] o.s.b.a.SpringApplicationAdminMXBeanRegistrar$SpringApplicationAdmin - Application shutdown requested.
2024-07-03 09:16:18 - INFO [RMI TCP Connection(11)-127.0.0.1] o.s.o.j.LocalContainerEntityManagerFactoryBean - Closing JPA EntityManagerFactory for persistence unit 'default'
2024-07-03 09:16:18 - INFO [RMI TCP Connection(11)-127.0.0.1] com.zaxxer.hikari.HikariDataSource - HikariPool-1 - Shutdown initiated...
2024-07-03 09:16:18 - INFO [RMI TCP Connection(11)-127.0.0.1] com.zaxxer.hikari.HikariDataSource - HikariPool-1 - Shutdown completed.
2024-07-03 09:16:31 - INFO [main] c.e.market.MarketApplication - Starting MarketApplication using Java 17.0.11 with PID 1904 (/Users/israeldaviddomingueztovar/Documents/workspace-spring-tool-suite-4-4.22.0.RELEASE/market/target/classes started by israeldaviddomingueztovar in /Users/israeldaviddomingueztovar/Documents/workspace-spring-tool-suite-4-4.22.0.RELEASE/market)
2024-07-03 09:16:31 - INFO [main] c.e.market.MarketApplication - No active profile set, falling back to 1 default profile: "default"
2024-07-03 09:16:32 - INFO [main] o.s.d.r.c.RepositoryConfigurationDelegate - Multiple Spring Data modules found, entering strict repository configuration mode
2024-07-03 09:16:32 - INFO [main] o.s.d.r.c.RepositoryConfigurationDelegate - Bootstrapping Spring Data JDBC repositories in DEFAULT mode.
2024-07-03 09:16:32 - INFO [main] o.s.d.r.c.RepositoryConfigurationExtensionSupport - Spring Data JDBC - Could not safely identify store assignment for repository candidate interface com.emprendetech.market.repositorys.CajaRepository; If you want this repository to be a JDBC repository, consider annotating your entities with one of these annotations: org.springframework.data.relational.core.mapping.Table.
2024-07-03 09:16:32 - INFO [main] o.s.d.r.c.RepositoryConfigurationExtensionSupport - Spring Data JDBC - Could not safely identify store assignment for repository candidate interface com.emprendetech.market.repositorys.CategoriasRepository; If you want this repository to be a JDBC repository, consider annotating your entities with one of these annotations: org.springframework.data.relational.core.mapping.Table.
2024-07-03 09:16:32 - INFO [main] o.s.d.r.c.RepositoryConfigurationExtensionSupport - Spring Data JDBC - Could not safely identify store assignment for repository candidate interface com.emprendetech.market.repositorys.ClientesRepository; If you want this repository to be a JDBC repository, consider annotating your entities with one of these annotations: org.springframework.data.relational.core.mapping.Table.
2024-07-03 09:16:32 - INFO [main] o.s.d.r.c.RepositoryConfigurationExtensionSupport - Spring Data JDBC - Could not safely identify store assignment for repository candidate interface com.emprendetech.market.repositorys.DetallespedidoRepository; If you want this repository to be a JDBC repository, consider annotating your entities with one of these annotations: org.springframework.data.relational.core.mapping.Table.
2024-07-03 09:16:32 - INFO [main] o.s.d.r.c.RepositoryConfigurationExtensionSupport - Spring Data JDBC - Could not safely identify store assignment for repository candidate interface com.emprendetech.market.repositorys.EmprendimientosRepository; If you want this repository to be a JDBC repository, consider annotating your entities with one of these annotations: org.springframework.data.relational.core.mapping.Table.
2024-07-03 09:16:32 - INFO [main] o.s.d.r.c.RepositoryConfigurationExtensionSupport - Spring Data JDBC - Could not safely identify store assignment for repository candidate interface com.emprendetech.market.repositorys.IngresosRepository; If you want this repository to be a JDBC repository, consider annotating your entities with one of these annotations: org.springframework.data.relational.core.mapping.Table.
2024-07-03 09:16:32 - INFO [main] o.s.d.r.c.RepositoryConfigurationExtensionSupport - Spring Data JDBC - Could not safely identify store assignment for repository candidate interface com.emprendetech.market.repositorys.MedidasRepository; If you want this repository to be a JDBC repository, consider annotating your entities with one of these annotations: org.springframework.data.relational.core.mapping.Table.
2024-07-03 09:16:32 - INFO [main] o.s.d.r.c.RepositoryConfigurationExtensionSupport - Spring Data JDBC - Could not safely identify store assignment for repository candidate interface com.emprendetech.market.repositorys.MetodospagoRepository; If you want this repository to be a JDBC repository, consider annotating your entities with one of these annotations: org.springframework.data.relational.core.mapping.Table.
2024-07-03 09:16:32 - INFO [main] o.s.d.r.c.RepositoryConfigurationExtensionSupport - Spring Data JDBC - Could not safely identify store assignment for repository candidate interface com.emprendetech.market.repositorys.PedidosRepository; If you want this repository to be a JDBC repository, consider annotating your entities with one of these annotations: org.springframework.data.relational.core.mapping.Table.
2024-07-03 09:16:32 - INFO [main] o.s.d.r.c.RepositoryConfigurationExtensionSupport - Spring Data JDBC - Could not safely identify store assignment for repository candidate interface com.emprendetech.market.repositorys.PerfilesRepository; If you want this repository to be a JDBC repository, consider annotating your entities with one of these annotations: org.springframework.data.relational.core.mapping.Table.
2024-07-03 09:16:32 - INFO [main] o.s.d.r.c.RepositoryConfigurationExtensionSupport - Spring Data JDBC - Could not safely identify store assignment for repository candidate interface com.emprendetech.market.repositorys.PermisosRepository; If you want this repository to be a JDBC repository, consider annotating your entities with one of these annotations: org.springframework.data.relational.core.mapping.Table.
2024-07-03 09:16:32 - INFO [main] o.s.d.r.c.RepositoryConfigurationExtensionSupport - Spring Data JDBC - Could not safely identify store assignment for repository candidate interface com.emprendetech.market.repositorys.PersonasRepository; If you want this repository to be a JDBC repository, consider annotating your entities with one of these annotations: org.springframework.data.relational.core.mapping.Table.
2024-07-03 09:16:32 - INFO [main] o.s.d.r.c.RepositoryConfigurationExtensionSupport - Spring Data JDBC - Could not safely identify store assignment for repository candidate interface com.emprendetech.market.repositorys.ProductosRepository; If you want this repository to be a JDBC repository, consider annotating your entities with one of these annotations: org.springframework.data.relational.core.mapping.Table.
2024-07-03 09:16:32 - INFO [main] o.s.d.r.c.RepositoryConfigurationExtensionSupport - Spring Data JDBC - Could not safely identify store assignment for repository candidate interface com.emprendetech.market.repositorys.ProductosunidadRepository; If you want this repository to be a JDBC repository, consider annotating your entities with one of these annotations: org.springframework.data.relational.core.mapping.Table.
2024-07-03 09:16:32 - INFO [main] o.s.d.r.c.RepositoryConfigurationExtensionSupport - Spring Data JDBC - Could not safely identify store assignment for repository candidate interface com.emprendetech.market.repositorys.RolesRepository; If you want this repository to be a JDBC repository, consider annotating your entities with one of these annotations: org.springframework.data.relational.core.mapping.Table.
2024-07-03 09:16:32 - INFO [main] o.s.d.r.c.RepositoryConfigurationExtensionSupport - Spring Data JDBC - Could not safely identify store assignment for repository candidate interface com.emprendetech.market.repositorys.RolpermisosRepository; If you want this repository to be a JDBC repository, consider annotating your entities with one of these annotations: org.springframework.data.relational.core.mapping.Table.
2024-07-03 09:16:32 - INFO [main] o.s.d.r.c.RepositoryConfigurationExtensionSupport - Spring Data JDBC - Could not safely identify store assignment for repository candidate interface com.emprendetech.market.repositorys.UsuarioRepository; If you want this repository to be a JDBC repository, consider annotating your entities with one of these annotations: org.springframework.data.relational.core.mapping.Table.
2024-07-03 09:16:32 - INFO [main] o.s.d.r.c.RepositoryConfigurationExtensionSupport - Spring Data JDBC - Could not safely identify store assignment for repository candidate interface com.emprendetech.market.repositorys.VentasRepository; If you want this repository to be a JDBC repository, consider annotating your entities with one of these annotations: org.springframework.data.relational.core.mapping.Table.
2024-07-03 09:16:32 - INFO [main] o.s.d.r.c.RepositoryConfigurationDelegate - Finished Spring Data repository scanning in 112 ms. Found 0 JDBC repository interfaces.
2024-07-03 09:16:32 - INFO [main] o.s.d.r.c.RepositoryConfigurationDelegate - Multiple Spring Data modules found, entering strict repository configuration mode
2024-07-03 09:16:32 - INFO [main] o.s.d.r.c.RepositoryConfigurationDelegate - Bootstrapping Spring Data JPA repositories in DEFAULT mode.
2024-07-03 09:16:33 - INFO [main] o.s.d.r.c.RepositoryConfigurationDelegate - Finished Spring Data repository scanning in 115 ms. Found 18 JPA repository interfaces.
2024-07-03 09:16:33 - INFO [main] o.s.b.w.e.tomcat.TomcatWebServer - Tomcat initialized with port 8080 (http)
2024-07-03 09:16:33 - INFO [main] o.a.catalina.core.StandardService - Starting service [Tomcat]
2024-07-03 09:16:33 - INFO [main] o.a.catalina.core.StandardEngine - Starting Servlet engine: [Apache Tomcat/10.1.20]
2024-07-03 09:16:33 - INFO [main] o.a.c.c.C.[Tomcat].[localhost].[/] - Initializing Spring embedded WebApplicationContext
2024-07-03 09:16:33 - INFO [main] o.s.b.w.s.c.ServletWebServerApplicationContext - Root WebApplicationContext: initialization completed in 2386 ms
2024-07-03 09:16:34 - INFO [main] o.h.jpa.internal.util.LogHelper - HHH000204: Processing PersistenceUnitInfo [name: default]
2024-07-03 09:16:34 - INFO [main] org.hibernate.Version - HHH000412: Hibernate ORM core version 6.4.4.Final
2024-07-03 09:16:34 - INFO [main] o.h.c.i.RegionFactoryInitiator - HHH000026: Second-level cache disabled
2024-07-03 09:16:34 - INFO [main] o.s.o.j.p.SpringPersistenceUnitInfo - No LoadTimeWeaver setup: ignoring JPA class transformer
2024-07-03 09:16:34 - INFO [main] com.zaxxer.hikari.HikariDataSource - HikariPool-1 - Starting...
2024-07-03 09:16:34 - INFO [main] com.zaxxer.hikari.pool.HikariPool - HikariPool-1 - Added connection com.mysql.cj.jdbc.ConnectionImpl@7aa15a80
2024-07-03 09:16:34 - INFO [main] com.zaxxer.hikari.HikariDataSource - HikariPool-1 - Start completed.
2024-07-03 09:16:34 - WARN [main] org.hibernate.orm.deprecation - HHH90000025: MySQLDialect does not need to be specified explicitly using 'hibernate.dialect' (remove the property setting and it will be selected by default)
2024-07-03 09:16:36 - INFO [main] o.h.e.t.j.p.i.JtaPlatformInitiator - HHH000489: No JTA platform available (set 'hibernate.transaction.jta.platform' to enable JTA platform integration)
2024-07-03 09:16:36 - INFO [main] o.s.o.j.LocalContainerEntityManagerFactoryBean - Initialized JPA EntityManagerFactory for persistence unit 'default'
2024-07-03 09:16:37 - WARN [main] o.s.b.a.o.j.JpaBaseConfiguration$JpaWebConfiguration - spring.jpa.open-in-view is enabled by default. Therefore, database queries may be performed during view rendering. Explicitly configure spring.jpa.open-in-view to disable this warning
2024-07-03 09:16:37 - INFO [main] o.s.s.web.DefaultSecurityFilterChain - Will secure any request with [org.springframework.security.web.session.DisableEncodeUrlFilter@7bc46dde, org.springframework.security.web.context.request.async.WebAsyncManagerIntegrationFilter@409b1740, org.springframework.security.web.context.SecurityContextHolderFilter@693c7741, org.springframework.security.web.header.HeaderWriterFilter@6cb2d5ea, org.springframework.web.filter.CorsFilter@32dc895e, org.springframework.security.web.authentication.logout.LogoutFilter@173c0722, com.emprendetech.market.security.jwtToken.service.JwtAuthFilter@2472ba04, org.springframework.security.web.authentication.www.BasicAuthenticationFilter@42af2977, org.springframework.security.web.savedrequest.RequestCacheAwareFilter@175c4ae5, org.springframework.security.web.servletapi.SecurityContextHolderAwareRequestFilter@21bf1b1f, org.springframework.security.web.authentication.AnonymousAuthenticationFilter@59e9ba7, org.springframework.security.web.session.SessionManagementFilter@4a2bc71f, org.springframework.security.web.access.ExceptionTranslationFilter@75eca6d8, org.springframework.security.web.access.intercept.AuthorizationFilter@6ad2cb6d]
2024-07-03 09:16:38 - INFO [main] o.s.b.w.e.tomcat.TomcatWebServer - Tomcat started on port 8080 (http) with context path ''
2024-07-03 09:16:38 - INFO [main] c.e.market.MarketApplication - Started MarketApplication in 7.596 seconds (process running for 13.445)
2024-07-03 09:17:29 - INFO [http-nio-8080-exec-1] o.a.c.c.C.[Tomcat].[localhost].[/] - Initializing Spring DispatcherServlet 'dispatcherServlet'
2024-07-03 09:17:29 - INFO [http-nio-8080-exec-1] o.s.web.servlet.DispatcherServlet - Initializing Servlet 'dispatcherServlet'
2024-07-03 09:17:29 - INFO [http-nio-8080-exec-1] o.s.web.servlet.DispatcherServlet - Completed initialization in 3 ms
2024-07-03 09:17:29 - INFO [http-nio-8080-exec-1] c.e.m.s.j.service.JwtAuthFilter - llegue a JwtAuthFilter 
2024-07-03 09:17:30 - INFO [http-nio-8080-exec-1] c.e.m.s.j.service.UserController - llegue a UserController 
2024-07-03 09:17:30 - INFO [http-nio-8080-exec-1] c.e.m.s.j.service.UserController - llegue a UserController datos NombreP1 ApellidoPP1contrasena1
2024-07-03 09:17:30 - ERROR [http-nio-8080-exec-1] o.a.c.c.C.[.[.[.[dispatcherServlet] - Servlet.service() for servlet [dispatcherServlet] in context with path [] threw exception [Request processing failed: org.springframework.jdbc.UncategorizedSQLException: StatementCallback; uncategorized SQLException for SQL [SELECT idusuario FROM emprendetech_market.usuario where nombreusuario='NombreP1 ApellidoPP1';]; SQL state [null]; error code [0]; Can not call getNString() when field's charset isn't UTF-8] with root cause
java.sql.SQLException: Can not call getNString() when field's charset isn't UTF-8
	at com.mysql.cj.jdbc.result.ResultSetImpl.getNString(ResultSetImpl.java:1056)
	at com.mysql.cj.jdbc.result.ResultSetImpl.getNString(ResultSetImpl.java:1063)
	at com.zaxxer.hikari.pool.HikariProxyResultSet.getNString(HikariProxyResultSet.java)
	at com.emprendetech.market.dao.PlataformaDao.lambda$4(PlataformaDao.java:94)
	at org.springframework.jdbc.core.RowMapperResultSetExtractor.extractData(RowMapperResultSetExtractor.java:94)
	at org.springframework.jdbc.core.RowMapperResultSetExtractor.extractData(RowMapperResultSetExtractor.java:61)
	at org.springframework.jdbc.core.JdbcTemplate$1QueryStatementCallback.doInStatement(JdbcTemplate.java:464)
	at org.springframework.jdbc.core.JdbcTemplate.execute(JdbcTemplate.java:393)
	at org.springframework.jdbc.core.JdbcTemplate.query(JdbcTemplate.java:476)
	at org.springframework.jdbc.core.JdbcTemplate.query(JdbcTemplate.java:486)
	at org.springframework.jdbc.core.JdbcTemplate.queryForObject(JdbcTemplate.java:519)
	at com.emprendetech.market.dao.PlataformaDao.getIdUsuario(PlataformaDao.java:93)
	at java.base/jdk.internal.reflect.NativeMethodAccessorImpl.invoke0(Native Method)
	at java.base/jdk.internal.reflect.NativeMethodAccessorImpl.invoke(NativeMethodAccessorImpl.java:77)
	at java.base/jdk.internal.reflect.DelegatingMethodAccessorImpl.invoke(DelegatingMethodAccessorImpl.java:43)
	at java.base/java.lang.reflect.Method.invoke(Method.java:568)
	at org.springframework.aop.support.AopUtils.invokeJoinpointUsingReflection(AopUtils.java:354)
	at org.springframework.aop.framework.ReflectiveMethodInvocation.invokeJoinpoint(ReflectiveMethodInvocation.java:196)
	at org.springframework.aop.framework.ReflectiveMethodInvocation.proceed(ReflectiveMethodInvocation.java:163)
	at org.springframework.aop.framework.CglibAopProxy$CglibMethodInvocation.proceed(CglibAopProxy.java:768)
	at org.springframework.dao.support.PersistenceExceptionTranslationInterceptor.invoke(PersistenceExceptionTranslationInterceptor.java:137)
	at org.springframework.aop.framework.ReflectiveMethodInvocation.proceed(ReflectiveMethodInvocation.java:184)
	at org.springframework.aop.framework.CglibAopProxy$CglibMethodInvocation.proceed(CglibAopProxy.java:768)
	at org.springframework.aop.framework.CglibAopProxy$DynamicAdvisedInterceptor.intercept(CglibAopProxy.java:720)
	at com.emprendetech.market.dao.PlataformaDao$$SpringCGLIB$$0.getIdUsuario(<generated>)
	at com.emprendetech.market.security.jwtToken.service.UserController.authenticateAndGetToken(UserController.java:40)
	at java.base/jdk.internal.reflect.NativeMethodAccessorImpl.invoke0(Native Method)
	at java.base/jdk.internal.reflect.NativeMethodAccessorImpl.invoke(NativeMethodAccessorImpl.java:77)
	at java.base/jdk.internal.reflect.DelegatingMethodAccessorImpl.invoke(DelegatingMethodAccessorImpl.java:43)
	at java.base/java.lang.reflect.Method.invoke(Method.java:568)
	at org.springframework.web.method.support.InvocableHandlerMethod.doInvoke(InvocableHandlerMethod.java:255)
	at org.springframework.web.method.support.InvocableHandlerMethod.invokeForRequest(InvocableHandlerMethod.java:188)
	at org.springframework.web.servlet.mvc.method.annotation.ServletInvocableHandlerMethod.invokeAndHandle(ServletInvocableHandlerMethod.java:118)
	at org.springframework.web.servlet.mvc.method.annotation.RequestMappingHandlerAdapter.invokeHandlerMethod(RequestMappingHandlerAdapter.java:926)
	at org.springframework.web.servlet.mvc.method.annotation.RequestMappingHandlerAdapter.handleInternal(RequestMappingHandlerAdapter.java:831)
	at org.springframework.web.servlet.mvc.method.AbstractHandlerMethodAdapter.handle(AbstractHandlerMethodAdapter.java:87)
	at org.springframework.web.servlet.DispatcherServlet.doDispatch(DispatcherServlet.java:1089)
	at org.springframework.web.servlet.DispatcherServlet.doService(DispatcherServlet.java:979)
	at org.springframework.web.servlet.FrameworkServlet.processRequest(FrameworkServlet.java:1014)
	at org.springframework.web.servlet.FrameworkServlet.doPost(FrameworkServlet.java:914)
	at jakarta.servlet.http.HttpServlet.service(HttpServlet.java:590)
	at org.springframework.web.servlet.FrameworkServlet.service(FrameworkServlet.java:885)
	at jakarta.servlet.http.HttpServlet.service(HttpServlet.java:658)
	at org.apache.catalina.core.ApplicationFilterChain.internalDoFilter(ApplicationFilterChain.java:206)
	at org.apache.catalina.core.ApplicationFilterChain.doFilter(ApplicationFilterChain.java:150)
	at org.apache.tomcat.websocket.server.WsFilter.doFilter(WsFilter.java:51)
	at org.apache.catalina.core.ApplicationFilterChain.internalDoFilter(ApplicationFilterChain.java:175)
	at org.apache.catalina.core.ApplicationFilterChain.doFilter(ApplicationFilterChain.java:150)
	at org.springframework.web.filter.OncePerRequestFilter.doFilter(OncePerRequestFilter.java:110)
	at org.apache.catalina.core.ApplicationFilterChain.internalDoFilter(ApplicationFilterChain.java:175)
	at org.apache.catalina.core.ApplicationFilterChain.doFilter(ApplicationFilterChain.java:150)
	at org.springframework.web.filter.CompositeFilter$VirtualFilterChain.doFilter(CompositeFilter.java:108)
	at org.springframework.security.web.FilterChainProxy.lambda$doFilterInternal$3(FilterChainProxy.java:231)
	at org.springframework.security.web.FilterChainProxy$VirtualFilterChain.doFilter(FilterChainProxy.java:365)
	at org.springframework.security.web.access.intercept.AuthorizationFilter.doFilter(AuthorizationFilter.java:100)
	at org.springframework.security.web.FilterChainProxy$VirtualFilterChain.doFilter(FilterChainProxy.java:374)
	at org.springframework.security.web.access.ExceptionTranslationFilter.doFilter(ExceptionTranslationFilter.java:126)
	at org.springframework.security.web.access.ExceptionTranslationFilter.doFilter(ExceptionTranslationFilter.java:120)
	at org.springframework.security.web.FilterChainProxy$VirtualFilterChain.doFilter(FilterChainProxy.java:374)
	at org.springframework.security.web.session.SessionManagementFilter.doFilter(SessionManagementFilter.java:131)
	at org.springframework.security.web.session.SessionManagementFilter.doFilter(SessionManagementFilter.java:85)
	at org.springframework.security.web.FilterChainProxy$VirtualFilterChain.doFilter(FilterChainProxy.java:374)
	at org.springframework.security.web.authentication.AnonymousAuthenticationFilter.doFilter(AnonymousAuthenticationFilter.java:100)
	at org.springframework.security.web.FilterChainProxy$VirtualFilterChain.doFilter(FilterChainProxy.java:374)
	at org.springframework.security.web.servletapi.SecurityContextHolderAwareRequestFilter.doFilter(SecurityContextHolderAwareRequestFilter.java:179)
	at org.springframework.security.web.FilterChainProxy$VirtualFilterChain.doFilter(FilterChainProxy.java:374)
	at org.springframework.security.web.savedrequest.RequestCacheAwareFilter.doFilter(RequestCacheAwareFilter.java:63)
	at org.springframework.security.web.FilterChainProxy$VirtualFilterChain.doFilter(FilterChainProxy.java:374)
	at org.springframework.security.web.authentication.www.BasicAuthenticationFilter.doFilterInternal(BasicAuthenticationFilter.java:181)
	at org.springframework.web.filter.OncePerRequestFilter.doFilter(OncePerRequestFilter.java:116)
	at org.springframework.security.web.FilterChainProxy$VirtualFilterChain.doFilter(FilterChainProxy.java:374)
	at com.emprendetech.market.security.jwtToken.service.JwtAuthFilter.doFilterInternal(JwtAuthFilter.java:55)
	at org.springframework.web.filter.OncePerRequestFilter.doFilter(OncePerRequestFilter.java:116)
	at org.springframework.security.web.FilterChainProxy$VirtualFilterChain.doFilter(FilterChainProxy.java:374)
	at org.springframework.security.web.authentication.logout.LogoutFilter.doFilter(LogoutFilter.java:107)
	at org.springframework.security.web.authentication.logout.LogoutFilter.doFilter(LogoutFilter.java:93)
	at org.springframework.security.web.FilterChainProxy$VirtualFilterChain.doFilter(FilterChainProxy.java:374)
	at org.springframework.web.filter.CorsFilter.doFilterInternal(CorsFilter.java:91)
	at org.springframework.web.filter.OncePerRequestFilter.doFilter(OncePerRequestFilter.java:116)
	at org.springframework.security.web.FilterChainProxy$VirtualFilterChain.doFilter(FilterChainProxy.java:374)
	at org.springframework.security.web.header.HeaderWriterFilter.doHeadersAfter(HeaderWriterFilter.java:90)
	at org.springframework.security.web.header.HeaderWriterFilter.doFilterInternal(HeaderWriterFilter.java:75)
	at org.springframework.web.filter.OncePerRequestFilter.doFilter(OncePerRequestFilter.java:116)
	at org.springframework.security.web.FilterChainProxy$VirtualFilterChain.doFilter(FilterChainProxy.java:374)
	at org.springframework.security.web.context.SecurityContextHolderFilter.doFilter(SecurityContextHolderFilter.java:82)
	at org.springframework.security.web.context.SecurityContextHolderFilter.doFilter(SecurityContextHolderFilter.java:69)
	at org.springframework.security.web.FilterChainProxy$VirtualFilterChain.doFilter(FilterChainProxy.java:374)
	at org.springframework.security.web.context.request.async.WebAsyncManagerIntegrationFilter.doFilterInternal(WebAsyncManagerIntegrationFilter.java:62)
	at org.springframework.web.filter.OncePerRequestFilter.doFilter(OncePerRequestFilter.java:116)
	at org.springframework.security.web.FilterChainProxy$VirtualFilterChain.doFilter(FilterChainProxy.java:374)
	at org.springframework.security.web.session.DisableEncodeUrlFilter.doFilterInternal(DisableEncodeUrlFilter.java:42)
	at org.springframework.web.filter.OncePerRequestFilter.doFilter(OncePerRequestFilter.java:116)
	at org.springframework.security.web.FilterChainProxy$VirtualFilterChain.doFilter(FilterChainProxy.java:374)
	at org.springframework.security.web.FilterChainProxy.doFilterInternal(FilterChainProxy.java:233)
	at org.springframework.security.web.FilterChainProxy.doFilter(FilterChainProxy.java:191)
	at org.springframework.web.filter.CompositeFilter$VirtualFilterChain.doFilter(CompositeFilter.java:113)
	at org.springframework.web.servlet.handler.HandlerMappingIntrospector.lambda$createCacheFilter$3(HandlerMappingIntrospector.java:195)
	at org.springframework.web.filter.CompositeFilter$VirtualFilterChain.doFilter(CompositeFilter.java:113)
	at org.springframework.web.filter.CompositeFilter.doFilter(CompositeFilter.java:74)
	at org.springframework.security.config.annotation.web.configuration.WebMvcSecurityConfiguration$CompositeFilterChainProxy.doFilter(WebMvcSecurityConfiguration.java:230)
	at org.springframework.web.filter.DelegatingFilterProxy.invokeDelegate(DelegatingFilterProxy.java:352)
	at org.springframework.web.filter.DelegatingFilterProxy.doFilter(DelegatingFilterProxy.java:268)
	at org.apache.catalina.core.ApplicationFilterChain.internalDoFilter(ApplicationFilterChain.java:175)
	at org.apache.catalina.core.ApplicationFilterChain.doFilter(ApplicationFilterChain.java:150)
	at org.springframework.web.filter.RequestContextFilter.doFilterInternal(RequestContextFilter.java:100)
	at org.springframework.web.filter.OncePerRequestFilter.doFilter(OncePerRequestFilter.java:116)
	at org.apache.catalina.core.ApplicationFilterChain.internalDoFilter(ApplicationFilterChain.java:175)
	at org.apache.catalina.core.ApplicationFilterChain.doFilter(ApplicationFilterChain.java:150)
	at org.springframework.web.filter.FormContentFilter.doFilterInternal(FormContentFilter.java:93)
	at org.springframework.web.filter.OncePerRequestFilter.doFilter(OncePerRequestFilter.java:116)
	at org.apache.catalina.core.ApplicationFilterChain.internalDoFilter(ApplicationFilterChain.java:175)
	at org.apache.catalina.core.ApplicationFilterChain.doFilter(ApplicationFilterChain.java:150)
	at org.springframework.web.filter.CharacterEncodingFilter.doFilterInternal(CharacterEncodingFilter.java:201)
	at org.springframework.web.filter.OncePerRequestFilter.doFilter(OncePerRequestFilter.java:116)
	at org.apache.catalina.core.ApplicationFilterChain.internalDoFilter(ApplicationFilterChain.java:175)
	at org.apache.catalina.core.ApplicationFilterChain.doFilter(ApplicationFilterChain.java:150)
	at org.apache.catalina.core.StandardWrapperValve.invoke(StandardWrapperValve.java:167)
	at org.apache.catalina.core.StandardContextValve.invoke(StandardContextValve.java:90)
	at org.apache.catalina.authenticator.AuthenticatorBase.invoke(AuthenticatorBase.java:482)
	at org.apache.catalina.core.StandardHostValve.invoke(StandardHostValve.java:115)
	at org.apache.catalina.valves.ErrorReportValve.invoke(ErrorReportValve.java:93)
	at org.apache.catalina.core.StandardEngineValve.invoke(StandardEngineValve.java:74)
	at org.apache.catalina.connector.CoyoteAdapter.service(CoyoteAdapter.java:344)
	at org.apache.coyote.http11.Http11Processor.service(Http11Processor.java:391)
	at org.apache.coyote.AbstractProcessorLight.process(AbstractProcessorLight.java:63)
	at org.apache.coyote.AbstractProtocol$ConnectionHandler.process(AbstractProtocol.java:896)
	at org.apache.tomcat.util.net.NioEndpoint$SocketProcessor.doRun(NioEndpoint.java:1736)
	at org.apache.tomcat.util.net.SocketProcessorBase.run(SocketProcessorBase.java:52)
	at org.apache.tomcat.util.threads.ThreadPoolExecutor.runWorker(ThreadPoolExecutor.java:1191)
	at org.apache.tomcat.util.threads.ThreadPoolExecutor$Worker.run(ThreadPoolExecutor.java:659)
	at org.apache.tomcat.util.threads.TaskThread$WrappingRunnable.run(TaskThread.java:63)
	at java.base/java.lang.Thread.run(Thread.java:840)
2024-07-03 09:18:36 - INFO [RMI TCP Connection(4)-127.0.0.1] o.s.b.a.SpringApplicationAdminMXBeanRegistrar$SpringApplicationAdmin - Application shutdown requested.
2024-07-03 09:18:36 - INFO [RMI TCP Connection(4)-127.0.0.1] o.s.o.j.LocalContainerEntityManagerFactoryBean - Closing JPA EntityManagerFactory for persistence unit 'default'
2024-07-03 09:18:36 - INFO [RMI TCP Connection(4)-127.0.0.1] com.zaxxer.hikari.HikariDataSource - HikariPool-1 - Shutdown initiated...
2024-07-03 09:18:36 - INFO [RMI TCP Connection(4)-127.0.0.1] com.zaxxer.hikari.HikariDataSource - HikariPool-1 - Shutdown completed.
2024-07-03 09:18:49 - INFO [main] c.e.market.MarketApplication - Starting MarketApplication using Java 17.0.11 with PID 1920 (/Users/israeldaviddomingueztovar/Documents/workspace-spring-tool-suite-4-4.22.0.RELEASE/market/target/classes started by israeldaviddomingueztovar in /Users/israeldaviddomingueztovar/Documents/workspace-spring-tool-suite-4-4.22.0.RELEASE/market)
2024-07-03 09:18:49 - INFO [main] c.e.market.MarketApplication - No active profile set, falling back to 1 default profile: "default"
2024-07-03 09:18:50 - INFO [main] o.s.d.r.c.RepositoryConfigurationDelegate - Multiple Spring Data modules found, entering strict repository configuration mode
2024-07-03 09:18:50 - INFO [main] o.s.d.r.c.RepositoryConfigurationDelegate - Bootstrapping Spring Data JDBC repositories in DEFAULT mode.
2024-07-03 09:18:50 - INFO [main] o.s.d.r.c.RepositoryConfigurationExtensionSupport - Spring Data JDBC - Could not safely identify store assignment for repository candidate interface com.emprendetech.market.repositorys.CajaRepository; If you want this repository to be a JDBC repository, consider annotating your entities with one of these annotations: org.springframework.data.relational.core.mapping.Table.
2024-07-03 09:18:50 - INFO [main] o.s.d.r.c.RepositoryConfigurationExtensionSupport - Spring Data JDBC - Could not safely identify store assignment for repository candidate interface com.emprendetech.market.repositorys.CategoriasRepository; If you want this repository to be a JDBC repository, consider annotating your entities with one of these annotations: org.springframework.data.relational.core.mapping.Table.
2024-07-03 09:18:50 - INFO [main] o.s.d.r.c.RepositoryConfigurationExtensionSupport - Spring Data JDBC - Could not safely identify store assignment for repository candidate interface com.emprendetech.market.repositorys.ClientesRepository; If you want this repository to be a JDBC repository, consider annotating your entities with one of these annotations: org.springframework.data.relational.core.mapping.Table.
2024-07-03 09:18:50 - INFO [main] o.s.d.r.c.RepositoryConfigurationExtensionSupport - Spring Data JDBC - Could not safely identify store assignment for repository candidate interface com.emprendetech.market.repositorys.DetallespedidoRepository; If you want this repository to be a JDBC repository, consider annotating your entities with one of these annotations: org.springframework.data.relational.core.mapping.Table.
2024-07-03 09:18:50 - INFO [main] o.s.d.r.c.RepositoryConfigurationExtensionSupport - Spring Data JDBC - Could not safely identify store assignment for repository candidate interface com.emprendetech.market.repositorys.EmprendimientosRepository; If you want this repository to be a JDBC repository, consider annotating your entities with one of these annotations: org.springframework.data.relational.core.mapping.Table.
2024-07-03 09:18:50 - INFO [main] o.s.d.r.c.RepositoryConfigurationExtensionSupport - Spring Data JDBC - Could not safely identify store assignment for repository candidate interface com.emprendetech.market.repositorys.IngresosRepository; If you want this repository to be a JDBC repository, consider annotating your entities with one of these annotations: org.springframework.data.relational.core.mapping.Table.
2024-07-03 09:18:50 - INFO [main] o.s.d.r.c.RepositoryConfigurationExtensionSupport - Spring Data JDBC - Could not safely identify store assignment for repository candidate interface com.emprendetech.market.repositorys.MedidasRepository; If you want this repository to be a JDBC repository, consider annotating your entities with one of these annotations: org.springframework.data.relational.core.mapping.Table.
2024-07-03 09:18:50 - INFO [main] o.s.d.r.c.RepositoryConfigurationExtensionSupport - Spring Data JDBC - Could not safely identify store assignment for repository candidate interface com.emprendetech.market.repositorys.MetodospagoRepository; If you want this repository to be a JDBC repository, consider annotating your entities with one of these annotations: org.springframework.data.relational.core.mapping.Table.
2024-07-03 09:18:50 - INFO [main] o.s.d.r.c.RepositoryConfigurationExtensionSupport - Spring Data JDBC - Could not safely identify store assignment for repository candidate interface com.emprendetech.market.repositorys.PedidosRepository; If you want this repository to be a JDBC repository, consider annotating your entities with one of these annotations: org.springframework.data.relational.core.mapping.Table.
2024-07-03 09:18:50 - INFO [main] o.s.d.r.c.RepositoryConfigurationExtensionSupport - Spring Data JDBC - Could not safely identify store assignment for repository candidate interface com.emprendetech.market.repositorys.PerfilesRepository; If you want this repository to be a JDBC repository, consider annotating your entities with one of these annotations: org.springframework.data.relational.core.mapping.Table.
2024-07-03 09:18:50 - INFO [main] o.s.d.r.c.RepositoryConfigurationExtensionSupport - Spring Data JDBC - Could not safely identify store assignment for repository candidate interface com.emprendetech.market.repositorys.PermisosRepository; If you want this repository to be a JDBC repository, consider annotating your entities with one of these annotations: org.springframework.data.relational.core.mapping.Table.
2024-07-03 09:18:50 - INFO [main] o.s.d.r.c.RepositoryConfigurationExtensionSupport - Spring Data JDBC - Could not safely identify store assignment for repository candidate interface com.emprendetech.market.repositorys.PersonasRepository; If you want this repository to be a JDBC repository, consider annotating your entities with one of these annotations: org.springframework.data.relational.core.mapping.Table.
2024-07-03 09:18:50 - INFO [main] o.s.d.r.c.RepositoryConfigurationExtensionSupport - Spring Data JDBC - Could not safely identify store assignment for repository candidate interface com.emprendetech.market.repositorys.ProductosRepository; If you want this repository to be a JDBC repository, consider annotating your entities with one of these annotations: org.springframework.data.relational.core.mapping.Table.
2024-07-03 09:18:50 - INFO [main] o.s.d.r.c.RepositoryConfigurationExtensionSupport - Spring Data JDBC - Could not safely identify store assignment for repository candidate interface com.emprendetech.market.repositorys.ProductosunidadRepository; If you want this repository to be a JDBC repository, consider annotating your entities with one of these annotations: org.springframework.data.relational.core.mapping.Table.
2024-07-03 09:18:50 - INFO [main] o.s.d.r.c.RepositoryConfigurationExtensionSupport - Spring Data JDBC - Could not safely identify store assignment for repository candidate interface com.emprendetech.market.repositorys.RolesRepository; If you want this repository to be a JDBC repository, consider annotating your entities with one of these annotations: org.springframework.data.relational.core.mapping.Table.
2024-07-03 09:18:50 - INFO [main] o.s.d.r.c.RepositoryConfigurationExtensionSupport - Spring Data JDBC - Could not safely identify store assignment for repository candidate interface com.emprendetech.market.repositorys.RolpermisosRepository; If you want this repository to be a JDBC repository, consider annotating your entities with one of these annotations: org.springframework.data.relational.core.mapping.Table.
2024-07-03 09:18:50 - INFO [main] o.s.d.r.c.RepositoryConfigurationExtensionSupport - Spring Data JDBC - Could not safely identify store assignment for repository candidate interface com.emprendetech.market.repositorys.UsuarioRepository; If you want this repository to be a JDBC repository, consider annotating your entities with one of these annotations: org.springframework.data.relational.core.mapping.Table.
2024-07-03 09:18:50 - INFO [main] o.s.d.r.c.RepositoryConfigurationExtensionSupport - Spring Data JDBC - Could not safely identify store assignment for repository candidate interface com.emprendetech.market.repositorys.VentasRepository; If you want this repository to be a JDBC repository, consider annotating your entities with one of these annotations: org.springframework.data.relational.core.mapping.Table.
2024-07-03 09:18:50 - INFO [main] o.s.d.r.c.RepositoryConfigurationDelegate - Finished Spring Data repository scanning in 91 ms. Found 0 JDBC repository interfaces.
2024-07-03 09:18:50 - INFO [main] o.s.d.r.c.RepositoryConfigurationDelegate - Multiple Spring Data modules found, entering strict repository configuration mode
2024-07-03 09:18:50 - INFO [main] o.s.d.r.c.RepositoryConfigurationDelegate - Bootstrapping Spring Data JPA repositories in DEFAULT mode.
2024-07-03 09:18:50 - INFO [main] o.s.d.r.c.RepositoryConfigurationDelegate - Finished Spring Data repository scanning in 83 ms. Found 18 JPA repository interfaces.
2024-07-03 09:18:51 - INFO [main] o.s.b.w.e.tomcat.TomcatWebServer - Tomcat initialized with port 8080 (http)
2024-07-03 09:18:51 - INFO [main] o.a.catalina.core.StandardService - Starting service [Tomcat]
2024-07-03 09:18:51 - INFO [main] o.a.catalina.core.StandardEngine - Starting Servlet engine: [Apache Tomcat/10.1.20]
2024-07-03 09:18:51 - INFO [main] o.a.c.c.C.[Tomcat].[localhost].[/] - Initializing Spring embedded WebApplicationContext
2024-07-03 09:18:51 - INFO [main] o.s.b.w.s.c.ServletWebServerApplicationContext - Root WebApplicationContext: initialization completed in 2367 ms
2024-07-03 09:18:51 - INFO [main] o.h.jpa.internal.util.LogHelper - HHH000204: Processing PersistenceUnitInfo [name: default]
2024-07-03 09:18:51 - INFO [main] org.hibernate.Version - HHH000412: Hibernate ORM core version 6.4.4.Final
2024-07-03 09:18:51 - INFO [main] o.h.c.i.RegionFactoryInitiator - HHH000026: Second-level cache disabled
2024-07-03 09:18:52 - INFO [main] o.s.o.j.p.SpringPersistenceUnitInfo - No LoadTimeWeaver setup: ignoring JPA class transformer
2024-07-03 09:18:52 - INFO [main] com.zaxxer.hikari.HikariDataSource - HikariPool-1 - Starting...
2024-07-03 09:18:52 - INFO [main] com.zaxxer.hikari.pool.HikariPool - HikariPool-1 - Added connection com.mysql.cj.jdbc.ConnectionImpl@428eb3d5
2024-07-03 09:18:52 - INFO [main] com.zaxxer.hikari.HikariDataSource - HikariPool-1 - Start completed.
2024-07-03 09:18:52 - WARN [main] org.hibernate.orm.deprecation - HHH90000025: MySQLDialect does not need to be specified explicitly using 'hibernate.dialect' (remove the property setting and it will be selected by default)
2024-07-03 09:18:54 - INFO [main] o.h.e.t.j.p.i.JtaPlatformInitiator - HHH000489: No JTA platform available (set 'hibernate.transaction.jta.platform' to enable JTA platform integration)
2024-07-03 09:18:54 - INFO [main] o.s.o.j.LocalContainerEntityManagerFactoryBean - Initialized JPA EntityManagerFactory for persistence unit 'default'
2024-07-03 09:18:55 - WARN [main] o.s.b.a.o.j.JpaBaseConfiguration$JpaWebConfiguration - spring.jpa.open-in-view is enabled by default. Therefore, database queries may be performed during view rendering. Explicitly configure spring.jpa.open-in-view to disable this warning
2024-07-03 09:18:55 - INFO [main] o.s.s.web.DefaultSecurityFilterChain - Will secure any request with [org.springframework.security.web.session.DisableEncodeUrlFilter@42af2977, org.springframework.security.web.context.request.async.WebAsyncManagerIntegrationFilter@14acc33e, org.springframework.security.web.context.SecurityContextHolderFilter@4a2bc71f, org.springframework.security.web.header.HeaderWriterFilter@1018552d, org.springframework.web.filter.CorsFilter@6cbb79c3, org.springframework.security.web.authentication.logout.LogoutFilter@47184859, com.emprendetech.market.security.jwtToken.service.JwtAuthFilter@64710a6, org.springframework.security.web.authentication.www.BasicAuthenticationFilter@15a87fbb, org.springframework.security.web.savedrequest.RequestCacheAwareFilter@3f213e97, org.springframework.security.web.servletapi.SecurityContextHolderAwareRequestFilter@693c7741, org.springframework.security.web.authentication.AnonymousAuthenticationFilter@7bc46dde, org.springframework.security.web.session.SessionManagementFilter@157ff8f8, org.springframework.security.web.access.ExceptionTranslationFilter@533165e7, org.springframework.security.web.access.intercept.AuthorizationFilter@3d339541]
2024-07-03 09:18:56 - INFO [main] o.s.b.w.e.tomcat.TomcatWebServer - Tomcat started on port 8080 (http) with context path ''
2024-07-03 09:18:56 - INFO [main] c.e.market.MarketApplication - Started MarketApplication in 7.889 seconds (process running for 13.724)
2024-07-03 09:19:03 - INFO [http-nio-8080-exec-1] o.a.c.c.C.[Tomcat].[localhost].[/] - Initializing Spring DispatcherServlet 'dispatcherServlet'
2024-07-03 09:19:03 - INFO [http-nio-8080-exec-1] o.s.web.servlet.DispatcherServlet - Initializing Servlet 'dispatcherServlet'
2024-07-03 09:19:03 - INFO [http-nio-8080-exec-1] o.s.web.servlet.DispatcherServlet - Completed initialization in 3 ms
2024-07-03 09:19:03 - INFO [http-nio-8080-exec-1] c.e.m.s.j.service.JwtAuthFilter - llegue a JwtAuthFilter 
2024-07-03 09:19:03 - INFO [http-nio-8080-exec-1] c.e.m.s.j.service.UserController - llegue a UserController 
2024-07-03 09:19:03 - INFO [http-nio-8080-exec-1] c.e.m.s.j.service.UserController - llegue a UserController datos NombreP1 ApellidoPP1contrasena1
2024-07-03 09:19:04 - ERROR [http-nio-8080-exec-1] o.a.c.c.C.[.[.[.[dispatcherServlet] - Servlet.service() for servlet [dispatcherServlet] in context with path [] threw exception [Request processing failed: org.springframework.dao.IncorrectResultSizeDataAccessException: Incorrect result size: expected 1, actual 2] with root cause
org.springframework.dao.IncorrectResultSizeDataAccessException: Incorrect result size: expected 1, actual 2
	at org.springframework.dao.support.DataAccessUtils.nullableSingleResult(DataAccessUtils.java:193)
	at org.springframework.jdbc.core.JdbcTemplate.queryForObject(JdbcTemplate.java:520)
	at com.emprendetech.market.dao.PlataformaDao.getIdUsuario(PlataformaDao.java:93)
	at java.base/jdk.internal.reflect.NativeMethodAccessorImpl.invoke0(Native Method)
	at java.base/jdk.internal.reflect.NativeMethodAccessorImpl.invoke(NativeMethodAccessorImpl.java:77)
	at java.base/jdk.internal.reflect.DelegatingMethodAccessorImpl.invoke(DelegatingMethodAccessorImpl.java:43)
	at java.base/java.lang.reflect.Method.invoke(Method.java:568)
	at org.springframework.aop.support.AopUtils.invokeJoinpointUsingReflection(AopUtils.java:354)
	at org.springframework.aop.framework.ReflectiveMethodInvocation.invokeJoinpoint(ReflectiveMethodInvocation.java:196)
	at org.springframework.aop.framework.ReflectiveMethodInvocation.proceed(ReflectiveMethodInvocation.java:163)
	at org.springframework.aop.framework.CglibAopProxy$CglibMethodInvocation.proceed(CglibAopProxy.java:768)
	at org.springframework.dao.support.PersistenceExceptionTranslationInterceptor.invoke(PersistenceExceptionTranslationInterceptor.java:137)
	at org.springframework.aop.framework.ReflectiveMethodInvocation.proceed(ReflectiveMethodInvocation.java:184)
	at org.springframework.aop.framework.CglibAopProxy$CglibMethodInvocation.proceed(CglibAopProxy.java:768)
	at org.springframework.aop.framework.CglibAopProxy$DynamicAdvisedInterceptor.intercept(CglibAopProxy.java:720)
	at com.emprendetech.market.dao.PlataformaDao$$SpringCGLIB$$0.getIdUsuario(<generated>)
	at com.emprendetech.market.security.jwtToken.service.UserController.authenticateAndGetToken(UserController.java:40)
	at java.base/jdk.internal.reflect.NativeMethodAccessorImpl.invoke0(Native Method)
	at java.base/jdk.internal.reflect.NativeMethodAccessorImpl.invoke(NativeMethodAccessorImpl.java:77)
	at java.base/jdk.internal.reflect.DelegatingMethodAccessorImpl.invoke(DelegatingMethodAccessorImpl.java:43)
	at java.base/java.lang.reflect.Method.invoke(Method.java:568)
	at org.springframework.web.method.support.InvocableHandlerMethod.doInvoke(InvocableHandlerMethod.java:255)
	at org.springframework.web.method.support.InvocableHandlerMethod.invokeForRequest(InvocableHandlerMethod.java:188)
	at org.springframework.web.servlet.mvc.method.annotation.ServletInvocableHandlerMethod.invokeAndHandle(ServletInvocableHandlerMethod.java:118)
	at org.springframework.web.servlet.mvc.method.annotation.RequestMappingHandlerAdapter.invokeHandlerMethod(RequestMappingHandlerAdapter.java:926)
	at org.springframework.web.servlet.mvc.method.annotation.RequestMappingHandlerAdapter.handleInternal(RequestMappingHandlerAdapter.java:831)
	at org.springframework.web.servlet.mvc.method.AbstractHandlerMethodAdapter.handle(AbstractHandlerMethodAdapter.java:87)
	at org.springframework.web.servlet.DispatcherServlet.doDispatch(DispatcherServlet.java:1089)
	at org.springframework.web.servlet.DispatcherServlet.doService(DispatcherServlet.java:979)
	at org.springframework.web.servlet.FrameworkServlet.processRequest(FrameworkServlet.java:1014)
	at org.springframework.web.servlet.FrameworkServlet.doPost(FrameworkServlet.java:914)
	at jakarta.servlet.http.HttpServlet.service(HttpServlet.java:590)
	at org.springframework.web.servlet.FrameworkServlet.service(FrameworkServlet.java:885)
	at jakarta.servlet.http.HttpServlet.service(HttpServlet.java:658)
	at org.apache.catalina.core.ApplicationFilterChain.internalDoFilter(ApplicationFilterChain.java:206)
	at org.apache.catalina.core.ApplicationFilterChain.doFilter(ApplicationFilterChain.java:150)
	at org.apache.tomcat.websocket.server.WsFilter.doFilter(WsFilter.java:51)
	at org.apache.catalina.core.ApplicationFilterChain.internalDoFilter(ApplicationFilterChain.java:175)
	at org.apache.catalina.core.ApplicationFilterChain.doFilter(ApplicationFilterChain.java:150)
	at org.springframework.web.filter.OncePerRequestFilter.doFilter(OncePerRequestFilter.java:110)
	at org.apache.catalina.core.ApplicationFilterChain.internalDoFilter(ApplicationFilterChain.java:175)
	at org.apache.catalina.core.ApplicationFilterChain.doFilter(ApplicationFilterChain.java:150)
	at org.springframework.web.filter.CompositeFilter$VirtualFilterChain.doFilter(CompositeFilter.java:108)
	at org.springframework.security.web.FilterChainProxy.lambda$doFilterInternal$3(FilterChainProxy.java:231)
	at org.springframework.security.web.FilterChainProxy$VirtualFilterChain.doFilter(FilterChainProxy.java:365)
	at org.springframework.security.web.access.intercept.AuthorizationFilter.doFilter(AuthorizationFilter.java:100)
	at org.springframework.security.web.FilterChainProxy$VirtualFilterChain.doFilter(FilterChainProxy.java:374)
	at org.springframework.security.web.access.ExceptionTranslationFilter.doFilter(ExceptionTranslationFilter.java:126)
	at org.springframework.security.web.access.ExceptionTranslationFilter.doFilter(ExceptionTranslationFilter.java:120)
	at org.springframework.security.web.FilterChainProxy$VirtualFilterChain.doFilter(FilterChainProxy.java:374)
	at org.springframework.security.web.session.SessionManagementFilter.doFilter(SessionManagementFilter.java:131)
	at org.springframework.security.web.session.SessionManagementFilter.doFilter(SessionManagementFilter.java:85)
	at org.springframework.security.web.FilterChainProxy$VirtualFilterChain.doFilter(FilterChainProxy.java:374)
	at org.springframework.security.web.authentication.AnonymousAuthenticationFilter.doFilter(AnonymousAuthenticationFilter.java:100)
	at org.springframework.security.web.FilterChainProxy$VirtualFilterChain.doFilter(FilterChainProxy.java:374)
	at org.springframework.security.web.servletapi.SecurityContextHolderAwareRequestFilter.doFilter(SecurityContextHolderAwareRequestFilter.java:179)
	at org.springframework.security.web.FilterChainProxy$VirtualFilterChain.doFilter(FilterChainProxy.java:374)
	at org.springframework.security.web.savedrequest.RequestCacheAwareFilter.doFilter(RequestCacheAwareFilter.java:63)
	at org.springframework.security.web.FilterChainProxy$VirtualFilterChain.doFilter(FilterChainProxy.java:374)
	at org.springframework.security.web.authentication.www.BasicAuthenticationFilter.doFilterInternal(BasicAuthenticationFilter.java:181)
	at org.springframework.web.filter.OncePerRequestFilter.doFilter(OncePerRequestFilter.java:116)
	at org.springframework.security.web.FilterChainProxy$VirtualFilterChain.doFilter(FilterChainProxy.java:374)
	at com.emprendetech.market.security.jwtToken.service.JwtAuthFilter.doFilterInternal(JwtAuthFilter.java:55)
	at org.springframework.web.filter.OncePerRequestFilter.doFilter(OncePerRequestFilter.java:116)
	at org.springframework.security.web.FilterChainProxy$VirtualFilterChain.doFilter(FilterChainProxy.java:374)
	at org.springframework.security.web.authentication.logout.LogoutFilter.doFilter(LogoutFilter.java:107)
	at org.springframework.security.web.authentication.logout.LogoutFilter.doFilter(LogoutFilter.java:93)
	at org.springframework.security.web.FilterChainProxy$VirtualFilterChain.doFilter(FilterChainProxy.java:374)
	at org.springframework.web.filter.CorsFilter.doFilterInternal(CorsFilter.java:91)
	at org.springframework.web.filter.OncePerRequestFilter.doFilter(OncePerRequestFilter.java:116)
	at org.springframework.security.web.FilterChainProxy$VirtualFilterChain.doFilter(FilterChainProxy.java:374)
	at org.springframework.security.web.header.HeaderWriterFilter.doHeadersAfter(HeaderWriterFilter.java:90)
	at org.springframework.security.web.header.HeaderWriterFilter.doFilterInternal(HeaderWriterFilter.java:75)
	at org.springframework.web.filter.OncePerRequestFilter.doFilter(OncePerRequestFilter.java:116)
	at org.springframework.security.web.FilterChainProxy$VirtualFilterChain.doFilter(FilterChainProxy.java:374)
	at org.springframework.security.web.context.SecurityContextHolderFilter.doFilter(SecurityContextHolderFilter.java:82)
	at org.springframework.security.web.context.SecurityContextHolderFilter.doFilter(SecurityContextHolderFilter.java:69)
	at org.springframework.security.web.FilterChainProxy$VirtualFilterChain.doFilter(FilterChainProxy.java:374)
	at org.springframework.security.web.context.request.async.WebAsyncManagerIntegrationFilter.doFilterInternal(WebAsyncManagerIntegrationFilter.java:62)
	at org.springframework.web.filter.OncePerRequestFilter.doFilter(OncePerRequestFilter.java:116)
	at org.springframework.security.web.FilterChainProxy$VirtualFilterChain.doFilter(FilterChainProxy.java:374)
	at org.springframework.security.web.session.DisableEncodeUrlFilter.doFilterInternal(DisableEncodeUrlFilter.java:42)
	at org.springframework.web.filter.OncePerRequestFilter.doFilter(OncePerRequestFilter.java:116)
	at org.springframework.security.web.FilterChainProxy$VirtualFilterChain.doFilter(FilterChainProxy.java:374)
	at org.springframework.security.web.FilterChainProxy.doFilterInternal(FilterChainProxy.java:233)
	at org.springframework.security.web.FilterChainProxy.doFilter(FilterChainProxy.java:191)
	at org.springframework.web.filter.CompositeFilter$VirtualFilterChain.doFilter(CompositeFilter.java:113)
	at org.springframework.web.servlet.handler.HandlerMappingIntrospector.lambda$createCacheFilter$3(HandlerMappingIntrospector.java:195)
	at org.springframework.web.filter.CompositeFilter$VirtualFilterChain.doFilter(CompositeFilter.java:113)
	at org.springframework.web.filter.CompositeFilter.doFilter(CompositeFilter.java:74)
	at org.springframework.security.config.annotation.web.configuration.WebMvcSecurityConfiguration$CompositeFilterChainProxy.doFilter(WebMvcSecurityConfiguration.java:230)
	at org.springframework.web.filter.DelegatingFilterProxy.invokeDelegate(DelegatingFilterProxy.java:352)
	at org.springframework.web.filter.DelegatingFilterProxy.doFilter(DelegatingFilterProxy.java:268)
	at org.apache.catalina.core.ApplicationFilterChain.internalDoFilter(ApplicationFilterChain.java:175)
	at org.apache.catalina.core.ApplicationFilterChain.doFilter(ApplicationFilterChain.java:150)
	at org.springframework.web.filter.RequestContextFilter.doFilterInternal(RequestContextFilter.java:100)
	at org.springframework.web.filter.OncePerRequestFilter.doFilter(OncePerRequestFilter.java:116)
	at org.apache.catalina.core.ApplicationFilterChain.internalDoFilter(ApplicationFilterChain.java:175)
	at org.apache.catalina.core.ApplicationFilterChain.doFilter(ApplicationFilterChain.java:150)
	at org.springframework.web.filter.FormContentFilter.doFilterInternal(FormContentFilter.java:93)
	at org.springframework.web.filter.OncePerRequestFilter.doFilter(OncePerRequestFilter.java:116)
	at org.apache.catalina.core.ApplicationFilterChain.internalDoFilter(ApplicationFilterChain.java:175)
	at org.apache.catalina.core.ApplicationFilterChain.doFilter(ApplicationFilterChain.java:150)
	at org.springframework.web.filter.CharacterEncodingFilter.doFilterInternal(CharacterEncodingFilter.java:201)
	at org.springframework.web.filter.OncePerRequestFilter.doFilter(OncePerRequestFilter.java:116)
	at org.apache.catalina.core.ApplicationFilterChain.internalDoFilter(ApplicationFilterChain.java:175)
	at org.apache.catalina.core.ApplicationFilterChain.doFilter(ApplicationFilterChain.java:150)
	at org.apache.catalina.core.StandardWrapperValve.invoke(StandardWrapperValve.java:167)
	at org.apache.catalina.core.StandardContextValve.invoke(StandardContextValve.java:90)
	at org.apache.catalina.authenticator.AuthenticatorBase.invoke(AuthenticatorBase.java:482)
	at org.apache.catalina.core.StandardHostValve.invoke(StandardHostValve.java:115)
	at org.apache.catalina.valves.ErrorReportValve.invoke(ErrorReportValve.java:93)
	at org.apache.catalina.core.StandardEngineValve.invoke(StandardEngineValve.java:74)
	at org.apache.catalina.connector.CoyoteAdapter.service(CoyoteAdapter.java:344)
	at org.apache.coyote.http11.Http11Processor.service(Http11Processor.java:391)
	at org.apache.coyote.AbstractProcessorLight.process(AbstractProcessorLight.java:63)
	at org.apache.coyote.AbstractProtocol$ConnectionHandler.process(AbstractProtocol.java:896)
	at org.apache.tomcat.util.net.NioEndpoint$SocketProcessor.doRun(NioEndpoint.java:1736)
	at org.apache.tomcat.util.net.SocketProcessorBase.run(SocketProcessorBase.java:52)
	at org.apache.tomcat.util.threads.ThreadPoolExecutor.runWorker(ThreadPoolExecutor.java:1191)
	at org.apache.tomcat.util.threads.ThreadPoolExecutor$Worker.run(ThreadPoolExecutor.java:659)
	at org.apache.tomcat.util.threads.TaskThread$WrappingRunnable.run(TaskThread.java:63)
	at java.base/java.lang.Thread.run(Thread.java:840)
2024-07-03 09:20:33 - INFO [RMI TCP Connection(5)-127.0.0.1] o.s.b.a.SpringApplicationAdminMXBeanRegistrar$SpringApplicationAdmin - Application shutdown requested.
2024-07-03 09:20:33 - INFO [RMI TCP Connection(5)-127.0.0.1] o.s.o.j.LocalContainerEntityManagerFactoryBean - Closing JPA EntityManagerFactory for persistence unit 'default'
2024-07-03 09:20:33 - INFO [RMI TCP Connection(5)-127.0.0.1] com.zaxxer.hikari.HikariDataSource - HikariPool-1 - Shutdown initiated...
2024-07-03 09:20:33 - INFO [RMI TCP Connection(5)-127.0.0.1] com.zaxxer.hikari.HikariDataSource - HikariPool-1 - Shutdown completed.
2024-07-03 09:20:44 - INFO [main] c.e.market.MarketApplication - Starting MarketApplication using Java 17.0.11 with PID 1935 (/Users/israeldaviddomingueztovar/Documents/workspace-spring-tool-suite-4-4.22.0.RELEASE/market/target/classes started by israeldaviddomingueztovar in /Users/israeldaviddomingueztovar/Documents/workspace-spring-tool-suite-4-4.22.0.RELEASE/market)
2024-07-03 09:20:44 - INFO [main] c.e.market.MarketApplication - No active profile set, falling back to 1 default profile: "default"
2024-07-03 09:20:45 - INFO [main] o.s.d.r.c.RepositoryConfigurationDelegate - Multiple Spring Data modules found, entering strict repository configuration mode
2024-07-03 09:20:45 - INFO [main] o.s.d.r.c.RepositoryConfigurationDelegate - Bootstrapping Spring Data JDBC repositories in DEFAULT mode.
2024-07-03 09:20:45 - INFO [main] o.s.d.r.c.RepositoryConfigurationExtensionSupport - Spring Data JDBC - Could not safely identify store assignment for repository candidate interface com.emprendetech.market.repositorys.CajaRepository; If you want this repository to be a JDBC repository, consider annotating your entities with one of these annotations: org.springframework.data.relational.core.mapping.Table.
2024-07-03 09:20:45 - INFO [main] o.s.d.r.c.RepositoryConfigurationExtensionSupport - Spring Data JDBC - Could not safely identify store assignment for repository candidate interface com.emprendetech.market.repositorys.CategoriasRepository; If you want this repository to be a JDBC repository, consider annotating your entities with one of these annotations: org.springframework.data.relational.core.mapping.Table.
2024-07-03 09:20:45 - INFO [main] o.s.d.r.c.RepositoryConfigurationExtensionSupport - Spring Data JDBC - Could not safely identify store assignment for repository candidate interface com.emprendetech.market.repositorys.ClientesRepository; If you want this repository to be a JDBC repository, consider annotating your entities with one of these annotations: org.springframework.data.relational.core.mapping.Table.
2024-07-03 09:20:45 - INFO [main] o.s.d.r.c.RepositoryConfigurationExtensionSupport - Spring Data JDBC - Could not safely identify store assignment for repository candidate interface com.emprendetech.market.repositorys.DetallespedidoRepository; If you want this repository to be a JDBC repository, consider annotating your entities with one of these annotations: org.springframework.data.relational.core.mapping.Table.
2024-07-03 09:20:45 - INFO [main] o.s.d.r.c.RepositoryConfigurationExtensionSupport - Spring Data JDBC - Could not safely identify store assignment for repository candidate interface com.emprendetech.market.repositorys.EmprendimientosRepository; If you want this repository to be a JDBC repository, consider annotating your entities with one of these annotations: org.springframework.data.relational.core.mapping.Table.
2024-07-03 09:20:45 - INFO [main] o.s.d.r.c.RepositoryConfigurationExtensionSupport - Spring Data JDBC - Could not safely identify store assignment for repository candidate interface com.emprendetech.market.repositorys.IngresosRepository; If you want this repository to be a JDBC repository, consider annotating your entities with one of these annotations: org.springframework.data.relational.core.mapping.Table.
2024-07-03 09:20:45 - INFO [main] o.s.d.r.c.RepositoryConfigurationExtensionSupport - Spring Data JDBC - Could not safely identify store assignment for repository candidate interface com.emprendetech.market.repositorys.MedidasRepository; If you want this repository to be a JDBC repository, consider annotating your entities with one of these annotations: org.springframework.data.relational.core.mapping.Table.
2024-07-03 09:20:45 - INFO [main] o.s.d.r.c.RepositoryConfigurationExtensionSupport - Spring Data JDBC - Could not safely identify store assignment for repository candidate interface com.emprendetech.market.repositorys.MetodospagoRepository; If you want this repository to be a JDBC repository, consider annotating your entities with one of these annotations: org.springframework.data.relational.core.mapping.Table.
2024-07-03 09:20:45 - INFO [main] o.s.d.r.c.RepositoryConfigurationExtensionSupport - Spring Data JDBC - Could not safely identify store assignment for repository candidate interface com.emprendetech.market.repositorys.PedidosRepository; If you want this repository to be a JDBC repository, consider annotating your entities with one of these annotations: org.springframework.data.relational.core.mapping.Table.
2024-07-03 09:20:45 - INFO [main] o.s.d.r.c.RepositoryConfigurationExtensionSupport - Spring Data JDBC - Could not safely identify store assignment for repository candidate interface com.emprendetech.market.repositorys.PerfilesRepository; If you want this repository to be a JDBC repository, consider annotating your entities with one of these annotations: org.springframework.data.relational.core.mapping.Table.
2024-07-03 09:20:45 - INFO [main] o.s.d.r.c.RepositoryConfigurationExtensionSupport - Spring Data JDBC - Could not safely identify store assignment for repository candidate interface com.emprendetech.market.repositorys.PermisosRepository; If you want this repository to be a JDBC repository, consider annotating your entities with one of these annotations: org.springframework.data.relational.core.mapping.Table.
2024-07-03 09:20:45 - INFO [main] o.s.d.r.c.RepositoryConfigurationExtensionSupport - Spring Data JDBC - Could not safely identify store assignment for repository candidate interface com.emprendetech.market.repositorys.PersonasRepository; If you want this repository to be a JDBC repository, consider annotating your entities with one of these annotations: org.springframework.data.relational.core.mapping.Table.
2024-07-03 09:20:45 - INFO [main] o.s.d.r.c.RepositoryConfigurationExtensionSupport - Spring Data JDBC - Could not safely identify store assignment for repository candidate interface com.emprendetech.market.repositorys.ProductosRepository; If you want this repository to be a JDBC repository, consider annotating your entities with one of these annotations: org.springframework.data.relational.core.mapping.Table.
2024-07-03 09:20:45 - INFO [main] o.s.d.r.c.RepositoryConfigurationExtensionSupport - Spring Data JDBC - Could not safely identify store assignment for repository candidate interface com.emprendetech.market.repositorys.ProductosunidadRepository; If you want this repository to be a JDBC repository, consider annotating your entities with one of these annotations: org.springframework.data.relational.core.mapping.Table.
2024-07-03 09:20:45 - INFO [main] o.s.d.r.c.RepositoryConfigurationExtensionSupport - Spring Data JDBC - Could not safely identify store assignment for repository candidate interface com.emprendetech.market.repositorys.RolesRepository; If you want this repository to be a JDBC repository, consider annotating your entities with one of these annotations: org.springframework.data.relational.core.mapping.Table.
2024-07-03 09:20:45 - INFO [main] o.s.d.r.c.RepositoryConfigurationExtensionSupport - Spring Data JDBC - Could not safely identify store assignment for repository candidate interface com.emprendetech.market.repositorys.RolpermisosRepository; If you want this repository to be a JDBC repository, consider annotating your entities with one of these annotations: org.springframework.data.relational.core.mapping.Table.
2024-07-03 09:20:45 - INFO [main] o.s.d.r.c.RepositoryConfigurationExtensionSupport - Spring Data JDBC - Could not safely identify store assignment for repository candidate interface com.emprendetech.market.repositorys.UsuarioRepository; If you want this repository to be a JDBC repository, consider annotating your entities with one of these annotations: org.springframework.data.relational.core.mapping.Table.
2024-07-03 09:20:45 - INFO [main] o.s.d.r.c.RepositoryConfigurationExtensionSupport - Spring Data JDBC - Could not safely identify store assignment for repository candidate interface com.emprendetech.market.repositorys.VentasRepository; If you want this repository to be a JDBC repository, consider annotating your entities with one of these annotations: org.springframework.data.relational.core.mapping.Table.
2024-07-03 09:20:45 - INFO [main] o.s.d.r.c.RepositoryConfigurationDelegate - Finished Spring Data repository scanning in 87 ms. Found 0 JDBC repository interfaces.
2024-07-03 09:20:45 - INFO [main] o.s.d.r.c.RepositoryConfigurationDelegate - Multiple Spring Data modules found, entering strict repository configuration mode
2024-07-03 09:20:45 - INFO [main] o.s.d.r.c.RepositoryConfigurationDelegate - Bootstrapping Spring Data JPA repositories in DEFAULT mode.
2024-07-03 09:20:45 - INFO [main] o.s.d.r.c.RepositoryConfigurationDelegate - Finished Spring Data repository scanning in 76 ms. Found 18 JPA repository interfaces.
2024-07-03 09:20:46 - INFO [main] o.s.b.w.e.tomcat.TomcatWebServer - Tomcat initialized with port 8080 (http)
2024-07-03 09:20:46 - INFO [main] o.a.catalina.core.StandardService - Starting service [Tomcat]
2024-07-03 09:20:46 - INFO [main] o.a.catalina.core.StandardEngine - Starting Servlet engine: [Apache Tomcat/10.1.20]
2024-07-03 09:20:46 - INFO [main] o.a.c.c.C.[Tomcat].[localhost].[/] - Initializing Spring embedded WebApplicationContext
2024-07-03 09:20:46 - INFO [main] o.s.b.w.s.c.ServletWebServerApplicationContext - Root WebApplicationContext: initialization completed in 2294 ms
2024-07-03 09:20:46 - INFO [main] o.h.jpa.internal.util.LogHelper - HHH000204: Processing PersistenceUnitInfo [name: default]
2024-07-03 09:20:46 - INFO [main] org.hibernate.Version - HHH000412: Hibernate ORM core version 6.4.4.Final
2024-07-03 09:20:46 - INFO [main] o.h.c.i.RegionFactoryInitiator - HHH000026: Second-level cache disabled
2024-07-03 09:20:47 - INFO [main] o.s.o.j.p.SpringPersistenceUnitInfo - No LoadTimeWeaver setup: ignoring JPA class transformer
2024-07-03 09:20:47 - INFO [main] com.zaxxer.hikari.HikariDataSource - HikariPool-1 - Starting...
2024-07-03 09:20:47 - INFO [main] com.zaxxer.hikari.pool.HikariPool - HikariPool-1 - Added connection com.mysql.cj.jdbc.ConnectionImpl@11f3400c
2024-07-03 09:20:47 - INFO [main] com.zaxxer.hikari.HikariDataSource - HikariPool-1 - Start completed.
2024-07-03 09:20:47 - WARN [main] org.hibernate.orm.deprecation - HHH90000025: MySQLDialect does not need to be specified explicitly using 'hibernate.dialect' (remove the property setting and it will be selected by default)
2024-07-03 09:20:49 - INFO [main] o.h.e.t.j.p.i.JtaPlatformInitiator - HHH000489: No JTA platform available (set 'hibernate.transaction.jta.platform' to enable JTA platform integration)
2024-07-03 09:20:49 - INFO [main] o.s.o.j.LocalContainerEntityManagerFactoryBean - Initialized JPA EntityManagerFactory for persistence unit 'default'
2024-07-03 09:20:49 - WARN [main] o.s.b.a.o.j.JpaBaseConfiguration$JpaWebConfiguration - spring.jpa.open-in-view is enabled by default. Therefore, database queries may be performed during view rendering. Explicitly configure spring.jpa.open-in-view to disable this warning
2024-07-03 09:20:50 - INFO [main] o.s.s.web.DefaultSecurityFilterChain - Will secure any request with [org.springframework.security.web.session.DisableEncodeUrlFilter@6ad2cb6d, org.springframework.security.web.context.request.async.WebAsyncManagerIntegrationFilter@4b6ad2eb, org.springframework.security.web.context.SecurityContextHolderFilter@75eca6d8, org.springframework.security.web.header.HeaderWriterFilter@505bc480, org.springframework.web.filter.CorsFilter@61868687, org.springframework.security.web.authentication.logout.LogoutFilter@46c47690, com.emprendetech.market.security.jwtToken.service.JwtAuthFilter@6edb093f, org.springframework.security.web.authentication.www.BasicAuthenticationFilter@3d339541, org.springframework.security.web.savedrequest.RequestCacheAwareFilter@6cb2d5ea, org.springframework.security.web.servletapi.SecurityContextHolderAwareRequestFilter@3ed1446c, org.springframework.security.web.authentication.AnonymousAuthenticationFilter@2122b4bd, org.springframework.security.web.session.SessionManagementFilter@533165e7, org.springframework.security.web.access.ExceptionTranslationFilter@282d1023, org.springframework.security.web.access.intercept.AuthorizationFilter@47184859]
2024-07-03 09:20:51 - INFO [main] o.s.b.w.e.tomcat.TomcatWebServer - Tomcat started on port 8080 (http) with context path ''
2024-07-03 09:20:51 - INFO [main] c.e.market.MarketApplication - Started MarketApplication in 7.552 seconds (process running for 13.349)
2024-07-03 09:20:55 - INFO [http-nio-8080-exec-1] o.a.c.c.C.[Tomcat].[localhost].[/] - Initializing Spring DispatcherServlet 'dispatcherServlet'
2024-07-03 09:20:55 - INFO [http-nio-8080-exec-1] o.s.web.servlet.DispatcherServlet - Initializing Servlet 'dispatcherServlet'
2024-07-03 09:20:55 - INFO [http-nio-8080-exec-1] o.s.web.servlet.DispatcherServlet - Completed initialization in 12 ms
2024-07-03 09:20:55 - INFO [http-nio-8080-exec-1] c.e.m.s.j.service.JwtAuthFilter - llegue a JwtAuthFilter 
2024-07-03 09:20:55 - INFO [http-nio-8080-exec-1] c.e.m.s.j.service.UserController - llegue a UserController 
2024-07-03 09:20:55 - INFO [http-nio-8080-exec-1] c.e.m.s.j.service.UserController - llegue a UserController datos NombreP1 ApellidoPP1contrasena1
2024-07-03 09:20:55 - INFO [http-nio-8080-exec-1] c.e.m.s.j.service.UserController - llegue a UserController Id1
2024-07-03 09:20:55 - INFO [http-nio-8080-exec-1] c.e.m.s.j.service.UserController - llegue a UserController autorizacion 
2024-07-03 09:20:55 - INFO [http-nio-8080-exec-1] c.e.m.s.jwtToken.service.JwtService - llegue a JwtService 
2024-07-03 09:20:55 - INFO [http-nio-8080-exec-1] c.e.m.s.j.service.JwtAuthFilter - llegue a JwtAuthFilter responde esto org.springframework.security.web.FilterChainProxy$VirtualFilterChain@42bb4574
2024-07-03 09:46:04 - INFO [http-nio-8080-exec-4] c.e.m.s.j.service.JwtAuthFilter - llegue a JwtAuthFilter 
2024-07-03 09:46:04 - INFO [http-nio-8080-exec-4] c.e.m.s.j.service.UserController - llegue a UserController 
2024-07-03 09:46:04 - INFO [http-nio-8080-exec-4] c.e.m.s.j.service.UserController - llegue a UserController datos NombreP1 ApellidoPP1contrasena1
2024-07-03 09:46:04 - INFO [http-nio-8080-exec-4] c.e.m.s.j.service.UserController - llegue a UserController Id1
2024-07-03 09:46:04 - INFO [http-nio-8080-exec-4] c.e.m.s.j.service.UserController - llegue a UserController autorizacion 
2024-07-03 09:46:04 - INFO [http-nio-8080-exec-4] c.e.m.s.jwtToken.service.JwtService - llegue a JwtService 
2024-07-03 09:46:04 - INFO [http-nio-8080-exec-4] c.e.m.s.j.service.JwtAuthFilter - llegue a JwtAuthFilter responde esto org.springframework.security.web.FilterChainProxy$VirtualFilterChain@4f51957c
2024-07-03 09:46:18 - INFO [http-nio-8080-exec-6] c.e.m.s.j.service.JwtAuthFilter - llegue a JwtAuthFilter 
2024-07-03 09:46:18 - INFO [http-nio-8080-exec-6] c.e.m.s.j.service.JwtAuthFilter - llegue a JwtAuthFilter responde esto org.springframework.security.web.FilterChainProxy$VirtualFilterChain@417cf1e7
2024-07-03 09:46:20 - INFO [http-nio-8080-exec-7] c.e.m.s.j.service.JwtAuthFilter - llegue a JwtAuthFilter 
2024-07-03 09:46:20 - INFO [http-nio-8080-exec-7] c.e.m.s.j.service.JwtAuthFilter - llegue a JwtAuthFilter responde esto org.springframework.security.web.FilterChainProxy$VirtualFilterChain@35ffef0a
2024-07-03 09:47:12 - INFO [http-nio-8080-exec-8] c.e.m.s.j.service.JwtAuthFilter - llegue a JwtAuthFilter 
2024-07-03 09:47:12 - INFO [http-nio-8080-exec-8] c.e.m.s.j.service.UserInfoService - llegue a UserInfoService 
2024-07-03 09:47:12 - INFO [http-nio-8080-exec-8] c.e.m.s.j.service.UserInfoDetails - llegue a UserInfoDetails 
2024-07-03 09:47:12 - INFO [http-nio-8080-exec-8] c.e.m.s.j.service.JwtAuthFilter - llegue a JwtAuthFilter responde esto org.springframework.security.web.FilterChainProxy$VirtualFilterChain@409400c
2024-07-03 09:47:15 - INFO [http-nio-8080-exec-9] c.e.m.s.j.service.JwtAuthFilter - llegue a JwtAuthFilter 
2024-07-03 09:47:15 - INFO [http-nio-8080-exec-9] c.e.m.s.j.service.UserInfoService - llegue a UserInfoService 
2024-07-03 09:47:15 - INFO [http-nio-8080-exec-9] c.e.m.s.j.service.UserInfoDetails - llegue a UserInfoDetails 
2024-07-03 09:47:15 - INFO [http-nio-8080-exec-9] c.e.m.s.j.service.JwtAuthFilter - llegue a JwtAuthFilter responde esto org.springframework.security.web.FilterChainProxy$VirtualFilterChain@4b41dea2
2024-07-03 09:47:16 - INFO [http-nio-8080-exec-10] c.e.m.s.j.service.JwtAuthFilter - llegue a JwtAuthFilter 
2024-07-03 09:47:16 - INFO [http-nio-8080-exec-10] c.e.m.s.j.service.UserInfoService - llegue a UserInfoService 
2024-07-03 09:47:16 - INFO [http-nio-8080-exec-10] c.e.m.s.j.service.UserInfoDetails - llegue a UserInfoDetails 
2024-07-03 09:47:16 - INFO [http-nio-8080-exec-10] c.e.m.s.j.service.JwtAuthFilter - llegue a JwtAuthFilter responde esto org.springframework.security.web.FilterChainProxy$VirtualFilterChain@7cf043e0
2024-07-03 09:47:19 - INFO [http-nio-8080-exec-2] c.e.m.s.j.service.JwtAuthFilter - llegue a JwtAuthFilter 
2024-07-03 09:47:19 - INFO [http-nio-8080-exec-2] c.e.m.s.j.service.UserController - llegue a UserController 
2024-07-03 09:47:19 - INFO [http-nio-8080-exec-2] c.e.m.s.j.service.UserController - llegue a UserController datos NombreP1 ApellidoPP1contrasena1
2024-07-03 09:47:19 - INFO [http-nio-8080-exec-2] c.e.m.s.j.service.UserController - llegue a UserController Id1
2024-07-03 09:47:19 - INFO [http-nio-8080-exec-2] c.e.m.s.j.service.UserController - llegue a UserController autorizacion 
2024-07-03 09:47:19 - INFO [http-nio-8080-exec-2] c.e.m.s.jwtToken.service.JwtService - llegue a JwtService 
2024-07-03 09:47:19 - INFO [http-nio-8080-exec-2] c.e.m.s.j.service.JwtAuthFilter - llegue a JwtAuthFilter responde esto org.springframework.security.web.FilterChainProxy$VirtualFilterChain@4b083bf2
2024-07-03 09:48:36 - INFO [http-nio-8080-exec-3] c.e.m.s.j.service.JwtAuthFilter - llegue a JwtAuthFilter 
2024-07-03 09:48:36 - WARN [http-nio-8080-exec-3] o.s.w.s.m.s.DefaultHandlerExceptionResolver - Resolved [org.springframework.web.HttpRequestMethodNotSupportedException: Request method 'POST' is not supported]
2024-07-03 09:48:36 - INFO [http-nio-8080-exec-3] c.e.m.s.j.service.JwtAuthFilter - llegue a JwtAuthFilter responde esto org.springframework.security.web.FilterChainProxy$VirtualFilterChain@eaea9da
2024-07-03 09:48:51 - INFO [http-nio-8080-exec-4] c.e.m.s.j.service.JwtAuthFilter - llegue a JwtAuthFilter 
2024-07-03 09:48:51 - WARN [http-nio-8080-exec-4] o.s.w.s.m.s.DefaultHandlerExceptionResolver - Resolved [org.springframework.web.HttpRequestMethodNotSupportedException: Request method 'POST' is not supported]
2024-07-03 09:48:51 - INFO [http-nio-8080-exec-4] c.e.m.s.j.service.JwtAuthFilter - llegue a JwtAuthFilter responde esto org.springframework.security.web.FilterChainProxy$VirtualFilterChain@3f6a1e88
2024-07-03 09:49:02 - INFO [http-nio-8080-exec-6] c.e.m.s.j.service.JwtAuthFilter - llegue a JwtAuthFilter 
2024-07-03 09:49:02 - WARN [http-nio-8080-exec-6] o.s.w.s.m.s.DefaultHandlerExceptionResolver - Resolved [org.springframework.web.HttpRequestMethodNotSupportedException: Request method 'POST' is not supported]
2024-07-03 09:49:02 - INFO [http-nio-8080-exec-6] c.e.m.s.j.service.JwtAuthFilter - llegue a JwtAuthFilter responde esto org.springframework.security.web.FilterChainProxy$VirtualFilterChain@28e83d1b
2024-07-03 09:49:03 - INFO [http-nio-8080-exec-7] c.e.m.s.j.service.JwtAuthFilter - llegue a JwtAuthFilter 
2024-07-03 09:49:03 - WARN [http-nio-8080-exec-7] o.s.w.s.m.s.DefaultHandlerExceptionResolver - Resolved [org.springframework.web.HttpRequestMethodNotSupportedException: Request method 'POST' is not supported]
2024-07-03 09:49:03 - INFO [http-nio-8080-exec-7] c.e.m.s.j.service.JwtAuthFilter - llegue a JwtAuthFilter responde esto org.springframework.security.web.FilterChainProxy$VirtualFilterChain@3b3807c5
2024-07-03 09:49:05 - INFO [http-nio-8080-exec-8] c.e.m.s.j.service.JwtAuthFilter - llegue a JwtAuthFilter 
2024-07-03 09:49:05 - WARN [http-nio-8080-exec-8] o.s.w.s.m.s.DefaultHandlerExceptionResolver - Resolved [org.springframework.web.HttpRequestMethodNotSupportedException: Request method 'POST' is not supported]
2024-07-03 09:49:05 - INFO [http-nio-8080-exec-8] c.e.m.s.j.service.JwtAuthFilter - llegue a JwtAuthFilter responde esto org.springframework.security.web.FilterChainProxy$VirtualFilterChain@55015408
2024-07-03 09:49:06 - INFO [http-nio-8080-exec-9] c.e.m.s.j.service.JwtAuthFilter - llegue a JwtAuthFilter 
2024-07-03 09:49:06 - WARN [http-nio-8080-exec-9] o.s.w.s.m.s.DefaultHandlerExceptionResolver - Resolved [org.springframework.web.HttpRequestMethodNotSupportedException: Request method 'POST' is not supported]
2024-07-03 09:49:06 - INFO [http-nio-8080-exec-9] c.e.m.s.j.service.JwtAuthFilter - llegue a JwtAuthFilter responde esto org.springframework.security.web.FilterChainProxy$VirtualFilterChain@1383fd0d
2024-07-03 09:49:13 - INFO [http-nio-8080-exec-10] c.e.m.s.j.service.JwtAuthFilter - llegue a JwtAuthFilter 
2024-07-03 09:49:13 - INFO [http-nio-8080-exec-10] c.e.m.s.j.service.UserInfoService - llegue a UserInfoService 
2024-07-03 09:49:13 - INFO [http-nio-8080-exec-10] c.e.m.s.j.service.UserInfoDetails - llegue a UserInfoDetails 
2024-07-03 09:49:13 - WARN [http-nio-8080-exec-10] o.s.w.s.m.s.DefaultHandlerExceptionResolver - Resolved [org.springframework.web.HttpRequestMethodNotSupportedException: Request method 'POST' is not supported]
2024-07-03 09:49:13 - INFO [http-nio-8080-exec-10] c.e.m.s.j.service.JwtAuthFilter - llegue a JwtAuthFilter responde esto org.springframework.security.web.FilterChainProxy$VirtualFilterChain@6da2c70d
2024-07-03 09:49:15 - INFO [http-nio-8080-exec-2] c.e.m.s.j.service.JwtAuthFilter - llegue a JwtAuthFilter 
2024-07-03 09:49:15 - INFO [http-nio-8080-exec-2] c.e.m.s.j.service.UserInfoService - llegue a UserInfoService 
2024-07-03 09:49:15 - INFO [http-nio-8080-exec-2] c.e.m.s.j.service.UserInfoDetails - llegue a UserInfoDetails 
2024-07-03 09:49:15 - WARN [http-nio-8080-exec-2] o.s.w.s.m.s.DefaultHandlerExceptionResolver - Resolved [org.springframework.web.HttpRequestMethodNotSupportedException: Request method 'POST' is not supported]
2024-07-03 09:49:15 - INFO [http-nio-8080-exec-2] c.e.m.s.j.service.JwtAuthFilter - llegue a JwtAuthFilter responde esto org.springframework.security.web.FilterChainProxy$VirtualFilterChain@536dd90c
2024-07-03 09:49:16 - INFO [http-nio-8080-exec-1] c.e.m.s.j.service.JwtAuthFilter - llegue a JwtAuthFilter 
2024-07-03 09:49:16 - INFO [http-nio-8080-exec-1] c.e.m.s.j.service.UserInfoService - llegue a UserInfoService 
2024-07-03 09:49:16 - INFO [http-nio-8080-exec-1] c.e.m.s.j.service.UserInfoDetails - llegue a UserInfoDetails 
2024-07-03 09:49:16 - WARN [http-nio-8080-exec-1] o.s.w.s.m.s.DefaultHandlerExceptionResolver - Resolved [org.springframework.web.HttpRequestMethodNotSupportedException: Request method 'POST' is not supported]
2024-07-03 09:49:16 - INFO [http-nio-8080-exec-1] c.e.m.s.j.service.JwtAuthFilter - llegue a JwtAuthFilter responde esto org.springframework.security.web.FilterChainProxy$VirtualFilterChain@7755200e
2024-07-03 09:49:17 - INFO [http-nio-8080-exec-5] c.e.m.s.j.service.JwtAuthFilter - llegue a JwtAuthFilter 
2024-07-03 09:49:17 - INFO [http-nio-8080-exec-5] c.e.m.s.j.service.UserInfoService - llegue a UserInfoService 
2024-07-03 09:49:17 - INFO [http-nio-8080-exec-5] c.e.m.s.j.service.UserInfoDetails - llegue a UserInfoDetails 
2024-07-03 09:49:17 - WARN [http-nio-8080-exec-5] o.s.w.s.m.s.DefaultHandlerExceptionResolver - Resolved [org.springframework.web.HttpRequestMethodNotSupportedException: Request method 'POST' is not supported]
2024-07-03 09:49:17 - INFO [http-nio-8080-exec-5] c.e.m.s.j.service.JwtAuthFilter - llegue a JwtAuthFilter responde esto org.springframework.security.web.FilterChainProxy$VirtualFilterChain@5aabe9f3
2024-07-03 09:49:18 - INFO [http-nio-8080-exec-3] c.e.m.s.j.service.JwtAuthFilter - llegue a JwtAuthFilter 
2024-07-03 09:49:18 - INFO [http-nio-8080-exec-3] c.e.m.s.j.service.UserInfoService - llegue a UserInfoService 
2024-07-03 09:49:18 - INFO [http-nio-8080-exec-3] c.e.m.s.j.service.UserInfoDetails - llegue a UserInfoDetails 
2024-07-03 09:49:18 - WARN [http-nio-8080-exec-3] o.s.w.s.m.s.DefaultHandlerExceptionResolver - Resolved [org.springframework.web.HttpRequestMethodNotSupportedException: Request method 'POST' is not supported]
2024-07-03 09:49:18 - INFO [http-nio-8080-exec-3] c.e.m.s.j.service.JwtAuthFilter - llegue a JwtAuthFilter responde esto org.springframework.security.web.FilterChainProxy$VirtualFilterChain@768440c1
2024-07-03 09:49:20 - INFO [http-nio-8080-exec-4] c.e.m.s.j.service.JwtAuthFilter - llegue a JwtAuthFilter 
2024-07-03 09:49:20 - INFO [http-nio-8080-exec-4] c.e.m.s.j.service.UserInfoService - llegue a UserInfoService 
2024-07-03 09:49:20 - INFO [http-nio-8080-exec-4] c.e.m.s.j.service.UserInfoDetails - llegue a UserInfoDetails 
2024-07-03 09:49:20 - WARN [http-nio-8080-exec-4] o.s.w.s.m.s.DefaultHandlerExceptionResolver - Resolved [org.springframework.web.HttpRequestMethodNotSupportedException: Request method 'POST' is not supported]
2024-07-03 09:49:20 - INFO [http-nio-8080-exec-4] c.e.m.s.j.service.JwtAuthFilter - llegue a JwtAuthFilter responde esto org.springframework.security.web.FilterChainProxy$VirtualFilterChain@186487a9
2024-07-03 09:49:24 - INFO [RMI TCP Connection(32)-127.0.0.1] o.s.b.a.SpringApplicationAdminMXBeanRegistrar$SpringApplicationAdmin - Application shutdown requested.
2024-07-03 09:49:24 - INFO [RMI TCP Connection(32)-127.0.0.1] o.s.o.j.LocalContainerEntityManagerFactoryBean - Closing JPA EntityManagerFactory for persistence unit 'default'
2024-07-03 09:49:24 - INFO [RMI TCP Connection(32)-127.0.0.1] com.zaxxer.hikari.HikariDataSource - HikariPool-1 - Shutdown initiated...
2024-07-03 09:49:24 - INFO [RMI TCP Connection(32)-127.0.0.1] com.zaxxer.hikari.HikariDataSource - HikariPool-1 - Shutdown completed.
2024-07-03 09:49:39 - INFO [main] c.e.market.MarketApplication - Starting MarketApplication using Java 17.0.11 with PID 2241 (/Users/israeldaviddomingueztovar/Documents/workspace-spring-tool-suite-4-4.22.0.RELEASE/market/target/classes started by israeldaviddomingueztovar in /Users/israeldaviddomingueztovar/Documents/workspace-spring-tool-suite-4-4.22.0.RELEASE/market)
2024-07-03 09:49:39 - INFO [main] c.e.market.MarketApplication - No active profile set, falling back to 1 default profile: "default"
2024-07-03 09:49:41 - INFO [main] o.s.d.r.c.RepositoryConfigurationDelegate - Multiple Spring Data modules found, entering strict repository configuration mode
2024-07-03 09:49:41 - INFO [main] o.s.d.r.c.RepositoryConfigurationDelegate - Bootstrapping Spring Data JDBC repositories in DEFAULT mode.
2024-07-03 09:49:41 - INFO [main] o.s.d.r.c.RepositoryConfigurationExtensionSupport - Spring Data JDBC - Could not safely identify store assignment for repository candidate interface com.emprendetech.market.repositorys.CajaRepository; If you want this repository to be a JDBC repository, consider annotating your entities with one of these annotations: org.springframework.data.relational.core.mapping.Table.
2024-07-03 09:49:41 - INFO [main] o.s.d.r.c.RepositoryConfigurationExtensionSupport - Spring Data JDBC - Could not safely identify store assignment for repository candidate interface com.emprendetech.market.repositorys.CategoriasRepository; If you want this repository to be a JDBC repository, consider annotating your entities with one of these annotations: org.springframework.data.relational.core.mapping.Table.
2024-07-03 09:49:41 - INFO [main] o.s.d.r.c.RepositoryConfigurationExtensionSupport - Spring Data JDBC - Could not safely identify store assignment for repository candidate interface com.emprendetech.market.repositorys.ClientesRepository; If you want this repository to be a JDBC repository, consider annotating your entities with one of these annotations: org.springframework.data.relational.core.mapping.Table.
2024-07-03 09:49:41 - INFO [main] o.s.d.r.c.RepositoryConfigurationExtensionSupport - Spring Data JDBC - Could not safely identify store assignment for repository candidate interface com.emprendetech.market.repositorys.DetallespedidoRepository; If you want this repository to be a JDBC repository, consider annotating your entities with one of these annotations: org.springframework.data.relational.core.mapping.Table.
2024-07-03 09:49:41 - INFO [main] o.s.d.r.c.RepositoryConfigurationExtensionSupport - Spring Data JDBC - Could not safely identify store assignment for repository candidate interface com.emprendetech.market.repositorys.EmprendimientosRepository; If you want this repository to be a JDBC repository, consider annotating your entities with one of these annotations: org.springframework.data.relational.core.mapping.Table.
2024-07-03 09:49:41 - INFO [main] o.s.d.r.c.RepositoryConfigurationExtensionSupport - Spring Data JDBC - Could not safely identify store assignment for repository candidate interface com.emprendetech.market.repositorys.IngresosRepository; If you want this repository to be a JDBC repository, consider annotating your entities with one of these annotations: org.springframework.data.relational.core.mapping.Table.
2024-07-03 09:49:41 - INFO [main] o.s.d.r.c.RepositoryConfigurationExtensionSupport - Spring Data JDBC - Could not safely identify store assignment for repository candidate interface com.emprendetech.market.repositorys.MedidasRepository; If you want this repository to be a JDBC repository, consider annotating your entities with one of these annotations: org.springframework.data.relational.core.mapping.Table.
2024-07-03 09:49:41 - INFO [main] o.s.d.r.c.RepositoryConfigurationExtensionSupport - Spring Data JDBC - Could not safely identify store assignment for repository candidate interface com.emprendetech.market.repositorys.MetodospagoRepository; If you want this repository to be a JDBC repository, consider annotating your entities with one of these annotations: org.springframework.data.relational.core.mapping.Table.
2024-07-03 09:49:41 - INFO [main] o.s.d.r.c.RepositoryConfigurationExtensionSupport - Spring Data JDBC - Could not safely identify store assignment for repository candidate interface com.emprendetech.market.repositorys.PedidosRepository; If you want this repository to be a JDBC repository, consider annotating your entities with one of these annotations: org.springframework.data.relational.core.mapping.Table.
2024-07-03 09:49:41 - INFO [main] o.s.d.r.c.RepositoryConfigurationExtensionSupport - Spring Data JDBC - Could not safely identify store assignment for repository candidate interface com.emprendetech.market.repositorys.PerfilesRepository; If you want this repository to be a JDBC repository, consider annotating your entities with one of these annotations: org.springframework.data.relational.core.mapping.Table.
2024-07-03 09:49:41 - INFO [main] o.s.d.r.c.RepositoryConfigurationExtensionSupport - Spring Data JDBC - Could not safely identify store assignment for repository candidate interface com.emprendetech.market.repositorys.PermisosRepository; If you want this repository to be a JDBC repository, consider annotating your entities with one of these annotations: org.springframework.data.relational.core.mapping.Table.
2024-07-03 09:49:41 - INFO [main] o.s.d.r.c.RepositoryConfigurationExtensionSupport - Spring Data JDBC - Could not safely identify store assignment for repository candidate interface com.emprendetech.market.repositorys.PersonasRepository; If you want this repository to be a JDBC repository, consider annotating your entities with one of these annotations: org.springframework.data.relational.core.mapping.Table.
2024-07-03 09:49:41 - INFO [main] o.s.d.r.c.RepositoryConfigurationExtensionSupport - Spring Data JDBC - Could not safely identify store assignment for repository candidate interface com.emprendetech.market.repositorys.ProductosRepository; If you want this repository to be a JDBC repository, consider annotating your entities with one of these annotations: org.springframework.data.relational.core.mapping.Table.
2024-07-03 09:49:41 - INFO [main] o.s.d.r.c.RepositoryConfigurationExtensionSupport - Spring Data JDBC - Could not safely identify store assignment for repository candidate interface com.emprendetech.market.repositorys.ProductosunidadRepository; If you want this repository to be a JDBC repository, consider annotating your entities with one of these annotations: org.springframework.data.relational.core.mapping.Table.
2024-07-03 09:49:41 - INFO [main] o.s.d.r.c.RepositoryConfigurationExtensionSupport - Spring Data JDBC - Could not safely identify store assignment for repository candidate interface com.emprendetech.market.repositorys.RolesRepository; If you want this repository to be a JDBC repository, consider annotating your entities with one of these annotations: org.springframework.data.relational.core.mapping.Table.
2024-07-03 09:49:42 - INFO [main] o.s.d.r.c.RepositoryConfigurationExtensionSupport - Spring Data JDBC - Could not safely identify store assignment for repository candidate interface com.emprendetech.market.repositorys.RolpermisosRepository; If you want this repository to be a JDBC repository, consider annotating your entities with one of these annotations: org.springframework.data.relational.core.mapping.Table.
2024-07-03 09:49:42 - INFO [main] o.s.d.r.c.RepositoryConfigurationExtensionSupport - Spring Data JDBC - Could not safely identify store assignment for repository candidate interface com.emprendetech.market.repositorys.UsuarioRepository; If you want this repository to be a JDBC repository, consider annotating your entities with one of these annotations: org.springframework.data.relational.core.mapping.Table.
2024-07-03 09:49:42 - INFO [main] o.s.d.r.c.RepositoryConfigurationExtensionSupport - Spring Data JDBC - Could not safely identify store assignment for repository candidate interface com.emprendetech.market.repositorys.VentasRepository; If you want this repository to be a JDBC repository, consider annotating your entities with one of these annotations: org.springframework.data.relational.core.mapping.Table.
2024-07-03 09:49:42 - INFO [main] o.s.d.r.c.RepositoryConfigurationDelegate - Finished Spring Data repository scanning in 196 ms. Found 0 JDBC repository interfaces.
2024-07-03 09:49:42 - INFO [main] o.s.d.r.c.RepositoryConfigurationDelegate - Multiple Spring Data modules found, entering strict repository configuration mode
2024-07-03 09:49:42 - INFO [main] o.s.d.r.c.RepositoryConfigurationDelegate - Bootstrapping Spring Data JPA repositories in DEFAULT mode.
2024-07-03 09:49:42 - INFO [main] o.s.d.r.c.RepositoryConfigurationDelegate - Finished Spring Data repository scanning in 85 ms. Found 18 JPA repository interfaces.
2024-07-03 09:49:43 - INFO [main] o.s.b.w.e.tomcat.TomcatWebServer - Tomcat initialized with port 8080 (http)
2024-07-03 09:49:43 - INFO [main] o.a.catalina.core.StandardService - Starting service [Tomcat]
2024-07-03 09:49:43 - INFO [main] o.a.catalina.core.StandardEngine - Starting Servlet engine: [Apache Tomcat/10.1.20]
2024-07-03 09:49:43 - INFO [main] o.a.c.c.C.[Tomcat].[localhost].[/] - Initializing Spring embedded WebApplicationContext
2024-07-03 09:49:43 - INFO [main] o.s.b.w.s.c.ServletWebServerApplicationContext - Root WebApplicationContext: initialization completed in 3317 ms
2024-07-03 09:49:43 - INFO [main] o.h.jpa.internal.util.LogHelper - HHH000204: Processing PersistenceUnitInfo [name: default]
2024-07-03 09:49:43 - INFO [main] org.hibernate.Version - HHH000412: Hibernate ORM core version 6.4.4.Final
2024-07-03 09:49:43 - INFO [main] o.h.c.i.RegionFactoryInitiator - HHH000026: Second-level cache disabled
2024-07-03 09:49:44 - INFO [main] o.s.o.j.p.SpringPersistenceUnitInfo - No LoadTimeWeaver setup: ignoring JPA class transformer
2024-07-03 09:49:44 - INFO [main] com.zaxxer.hikari.HikariDataSource - HikariPool-1 - Starting...
2024-07-03 09:49:44 - INFO [main] com.zaxxer.hikari.pool.HikariPool - HikariPool-1 - Added connection com.mysql.cj.jdbc.ConnectionImpl@66a472b9
2024-07-03 09:49:44 - INFO [main] com.zaxxer.hikari.HikariDataSource - HikariPool-1 - Start completed.
2024-07-03 09:49:45 - WARN [main] org.hibernate.orm.deprecation - HHH90000025: MySQLDialect does not need to be specified explicitly using 'hibernate.dialect' (remove the property setting and it will be selected by default)
2024-07-03 09:49:48 - INFO [main] o.h.e.t.j.p.i.JtaPlatformInitiator - HHH000489: No JTA platform available (set 'hibernate.transaction.jta.platform' to enable JTA platform integration)
2024-07-03 09:49:48 - INFO [main] o.s.o.j.LocalContainerEntityManagerFactoryBean - Initialized JPA EntityManagerFactory for persistence unit 'default'
2024-07-03 09:49:50 - WARN [main] o.s.b.a.o.j.JpaBaseConfiguration$JpaWebConfiguration - spring.jpa.open-in-view is enabled by default. Therefore, database queries may be performed during view rendering. Explicitly configure spring.jpa.open-in-view to disable this warning
2024-07-03 09:49:51 - INFO [main] o.s.s.web.DefaultSecurityFilterChain - Will secure any request with [org.springframework.security.web.session.DisableEncodeUrlFilter@a23b96b, org.springframework.security.web.context.request.async.WebAsyncManagerIntegrationFilter@42af2977, org.springframework.security.web.context.SecurityContextHolderFilter@67263db7, org.springframework.security.web.header.HeaderWriterFilter@324e62e2, org.springframework.web.filter.CorsFilter@14acc33e, org.springframework.security.web.authentication.logout.LogoutFilter@1f832df0, com.emprendetech.market.security.jwtToken.service.JwtAuthFilter@45f4c27c, org.springframework.security.web.authentication.www.BasicAuthenticationFilter@2dacad1d, org.springframework.security.web.savedrequest.RequestCacheAwareFilter@20f94e9a, org.springframework.security.web.servletapi.SecurityContextHolderAwareRequestFilter@3f213e97, org.springframework.security.web.authentication.AnonymousAuthenticationFilter@6cbb79c3, org.springframework.security.web.session.SessionManagementFilter@2d10160a, org.springframework.security.web.access.ExceptionTranslationFilter@6f915016, org.springframework.security.web.access.intercept.AuthorizationFilter@19e03398]
2024-07-03 09:49:52 - INFO [main] o.s.b.w.e.tomcat.TomcatWebServer - Tomcat started on port 8080 (http) with context path ''
2024-07-03 09:49:52 - INFO [main] c.e.market.MarketApplication - Started MarketApplication in 13.564 seconds (process running for 19.675)
2024-07-03 09:50:34 - INFO [http-nio-8080-exec-1] o.a.c.c.C.[Tomcat].[localhost].[/] - Initializing Spring DispatcherServlet 'dispatcherServlet'
2024-07-03 09:50:34 - INFO [http-nio-8080-exec-1] o.s.web.servlet.DispatcherServlet - Initializing Servlet 'dispatcherServlet'
2024-07-03 09:50:34 - INFO [http-nio-8080-exec-1] o.s.web.servlet.DispatcherServlet - Completed initialization in 5 ms
2024-07-03 09:50:34 - INFO [http-nio-8080-exec-1] c.e.m.s.j.service.JwtAuthFilter - llegue a JwtAuthFilter 
2024-07-03 09:50:34 - INFO [http-nio-8080-exec-1] c.e.m.s.j.service.UserInfoService - llegue a UserInfoService 
2024-07-03 09:50:34 - INFO [http-nio-8080-exec-1] c.e.m.s.j.service.UserInfoDetails - llegue a UserInfoDetails 
2024-07-03 09:50:34 - WARN [http-nio-8080-exec-1] o.s.w.s.m.s.DefaultHandlerExceptionResolver - Resolved [org.springframework.web.HttpRequestMethodNotSupportedException: Request method 'POST' is not supported]
2024-07-03 09:50:34 - INFO [http-nio-8080-exec-1] c.e.m.s.j.service.JwtAuthFilter - llegue a JwtAuthFilter responde esto org.springframework.security.web.FilterChainProxy$VirtualFilterChain@33fb4075
2024-07-03 09:50:38 - INFO [http-nio-8080-exec-3] c.e.m.s.j.service.JwtAuthFilter - llegue a JwtAuthFilter 
2024-07-03 09:50:38 - INFO [http-nio-8080-exec-3] c.e.m.s.j.service.UserController - llegue a UserController 
2024-07-03 09:50:38 - INFO [http-nio-8080-exec-3] c.e.m.s.j.service.UserController - llegue a UserController datos NombreP1 ApellidoPP1contrasena1
2024-07-03 09:50:38 - INFO [http-nio-8080-exec-3] c.e.m.s.j.service.UserController - llegue a UserController Id1
2024-07-03 09:50:38 - INFO [http-nio-8080-exec-3] c.e.m.s.j.service.UserController - llegue a UserController autorizacion 
2024-07-03 09:50:38 - INFO [http-nio-8080-exec-3] c.e.m.s.jwtToken.service.JwtService - llegue a JwtService 
2024-07-03 09:50:38 - INFO [http-nio-8080-exec-3] c.e.m.s.j.service.JwtAuthFilter - llegue a JwtAuthFilter responde esto org.springframework.security.web.FilterChainProxy$VirtualFilterChain@5a19215f
2024-07-03 09:50:52 - INFO [http-nio-8080-exec-4] c.e.m.s.j.service.JwtAuthFilter - llegue a JwtAuthFilter 
2024-07-03 09:50:52 - INFO [http-nio-8080-exec-4] c.e.m.s.j.service.UserInfoService - llegue a UserInfoService 
2024-07-03 09:50:52 - INFO [http-nio-8080-exec-4] c.e.m.s.j.service.UserInfoDetails - llegue a UserInfoDetails 
2024-07-03 09:50:52 - WARN [http-nio-8080-exec-4] o.s.w.s.m.s.DefaultHandlerExceptionResolver - Resolved [org.springframework.web.HttpRequestMethodNotSupportedException: Request method 'POST' is not supported]
2024-07-03 09:50:52 - INFO [http-nio-8080-exec-4] c.e.m.s.j.service.JwtAuthFilter - llegue a JwtAuthFilter responde esto org.springframework.security.web.FilterChainProxy$VirtualFilterChain@4bdbe44e
2024-07-03 09:51:33 - INFO [http-nio-8080-exec-5] c.e.m.s.j.service.JwtAuthFilter - llegue a JwtAuthFilter 
2024-07-03 09:51:33 - INFO [http-nio-8080-exec-5] c.e.m.s.j.service.UserController - llegue a UserController 
2024-07-03 09:51:33 - INFO [http-nio-8080-exec-5] c.e.m.s.j.service.UserController - llegue a UserController datos NombreP1 ApellidoPP1contrasena1
2024-07-03 09:51:33 - INFO [http-nio-8080-exec-5] c.e.m.s.j.service.UserController - llegue a UserController Id1
2024-07-03 09:51:33 - INFO [http-nio-8080-exec-5] c.e.m.s.j.service.UserController - llegue a UserController autorizacion 
2024-07-03 09:51:33 - INFO [http-nio-8080-exec-5] c.e.m.s.jwtToken.service.JwtService - llegue a JwtService 
2024-07-03 09:51:33 - INFO [http-nio-8080-exec-5] c.e.m.s.j.service.JwtAuthFilter - llegue a JwtAuthFilter responde esto org.springframework.security.web.FilterChainProxy$VirtualFilterChain@453d1d9
2024-07-03 09:52:49 - INFO [http-nio-8080-exec-8] c.e.m.s.j.service.JwtAuthFilter - llegue a JwtAuthFilter 
2024-07-03 09:52:49 - INFO [http-nio-8080-exec-8] c.e.m.s.j.service.UserInfoService - llegue a UserInfoService 
2024-07-03 09:52:49 - INFO [http-nio-8080-exec-8] c.e.m.s.j.service.UserInfoDetails - llegue a UserInfoDetails 
2024-07-03 09:52:49 - WARN [http-nio-8080-exec-8] o.s.w.s.m.s.DefaultHandlerExceptionResolver - Resolved [org.springframework.web.HttpRequestMethodNotSupportedException: Request method 'POST' is not supported]
2024-07-03 09:52:49 - INFO [http-nio-8080-exec-8] c.e.m.s.j.service.JwtAuthFilter - llegue a JwtAuthFilter responde esto org.springframework.security.web.FilterChainProxy$VirtualFilterChain@64e3ccb6
2024-07-03 09:52:50 - INFO [http-nio-8080-exec-9] c.e.m.s.j.service.JwtAuthFilter - llegue a JwtAuthFilter 
2024-07-03 09:52:50 - INFO [http-nio-8080-exec-9] c.e.m.s.j.service.UserInfoService - llegue a UserInfoService 
2024-07-03 09:52:50 - INFO [http-nio-8080-exec-9] c.e.m.s.j.service.UserInfoDetails - llegue a UserInfoDetails 
2024-07-03 09:52:50 - WARN [http-nio-8080-exec-9] o.s.w.s.m.s.DefaultHandlerExceptionResolver - Resolved [org.springframework.web.HttpRequestMethodNotSupportedException: Request method 'POST' is not supported]
2024-07-03 09:52:50 - INFO [http-nio-8080-exec-9] c.e.m.s.j.service.JwtAuthFilter - llegue a JwtAuthFilter responde esto org.springframework.security.web.FilterChainProxy$VirtualFilterChain@4f492624
2024-07-03 09:52:51 - INFO [http-nio-8080-exec-10] c.e.m.s.j.service.JwtAuthFilter - llegue a JwtAuthFilter 
2024-07-03 09:52:51 - INFO [http-nio-8080-exec-10] c.e.m.s.j.service.UserInfoService - llegue a UserInfoService 
2024-07-03 09:52:51 - INFO [http-nio-8080-exec-10] c.e.m.s.j.service.UserInfoDetails - llegue a UserInfoDetails 
2024-07-03 09:52:51 - WARN [http-nio-8080-exec-10] o.s.w.s.m.s.DefaultHandlerExceptionResolver - Resolved [org.springframework.web.HttpRequestMethodNotSupportedException: Request method 'POST' is not supported]
2024-07-03 09:52:51 - INFO [http-nio-8080-exec-10] c.e.m.s.j.service.JwtAuthFilter - llegue a JwtAuthFilter responde esto org.springframework.security.web.FilterChainProxy$VirtualFilterChain@38977a5c
2024-07-03 09:52:52 - INFO [http-nio-8080-exec-2] c.e.m.s.j.service.JwtAuthFilter - llegue a JwtAuthFilter 
2024-07-03 09:52:52 - INFO [http-nio-8080-exec-2] c.e.m.s.j.service.UserInfoService - llegue a UserInfoService 
2024-07-03 09:52:52 - INFO [http-nio-8080-exec-2] c.e.m.s.j.service.UserInfoDetails - llegue a UserInfoDetails 
2024-07-03 09:52:52 - WARN [http-nio-8080-exec-2] o.s.w.s.m.s.DefaultHandlerExceptionResolver - Resolved [org.springframework.web.HttpRequestMethodNotSupportedException: Request method 'POST' is not supported]
2024-07-03 09:52:52 - INFO [http-nio-8080-exec-2] c.e.m.s.j.service.JwtAuthFilter - llegue a JwtAuthFilter responde esto org.springframework.security.web.FilterChainProxy$VirtualFilterChain@2a90fb2e
2024-07-03 09:52:53 - INFO [http-nio-8080-exec-1] c.e.m.s.j.service.JwtAuthFilter - llegue a JwtAuthFilter 
2024-07-03 09:52:53 - INFO [http-nio-8080-exec-1] c.e.m.s.j.service.UserInfoService - llegue a UserInfoService 
2024-07-03 09:52:53 - INFO [http-nio-8080-exec-1] c.e.m.s.j.service.UserInfoDetails - llegue a UserInfoDetails 
2024-07-03 09:52:53 - WARN [http-nio-8080-exec-1] o.s.w.s.m.s.DefaultHandlerExceptionResolver - Resolved [org.springframework.web.HttpRequestMethodNotSupportedException: Request method 'POST' is not supported]
2024-07-03 09:52:53 - INFO [http-nio-8080-exec-1] c.e.m.s.j.service.JwtAuthFilter - llegue a JwtAuthFilter responde esto org.springframework.security.web.FilterChainProxy$VirtualFilterChain@7bf0e0a4
2024-07-03 09:54:34 - INFO [http-nio-8080-exec-5] c.e.m.s.j.service.JwtAuthFilter - llegue a JwtAuthFilter 
2024-07-03 09:54:34 - INFO [http-nio-8080-exec-5] c.e.m.s.j.service.UserInfoService - llegue a UserInfoService 
2024-07-03 09:54:34 - INFO [http-nio-8080-exec-5] c.e.m.s.j.service.UserInfoDetails - llegue a UserInfoDetails 
2024-07-03 09:54:34 - WARN [http-nio-8080-exec-5] o.s.w.s.m.s.DefaultHandlerExceptionResolver - Resolved [org.springframework.web.HttpRequestMethodNotSupportedException: Request method 'POST' is not supported]
2024-07-03 09:54:34 - INFO [http-nio-8080-exec-5] c.e.m.s.j.service.JwtAuthFilter - llegue a JwtAuthFilter responde esto org.springframework.security.web.FilterChainProxy$VirtualFilterChain@1bb0b0f
2024-07-03 09:54:35 - INFO [http-nio-8080-exec-6] c.e.m.s.j.service.JwtAuthFilter - llegue a JwtAuthFilter 
2024-07-03 09:54:35 - INFO [http-nio-8080-exec-6] c.e.m.s.j.service.UserInfoService - llegue a UserInfoService 
2024-07-03 09:54:35 - INFO [http-nio-8080-exec-6] c.e.m.s.j.service.UserInfoDetails - llegue a UserInfoDetails 
2024-07-03 09:54:35 - WARN [http-nio-8080-exec-6] o.s.w.s.m.s.DefaultHandlerExceptionResolver - Resolved [org.springframework.web.HttpRequestMethodNotSupportedException: Request method 'POST' is not supported]
2024-07-03 09:54:35 - INFO [http-nio-8080-exec-6] c.e.m.s.j.service.JwtAuthFilter - llegue a JwtAuthFilter responde esto org.springframework.security.web.FilterChainProxy$VirtualFilterChain@22655af4
2024-07-03 09:54:36 - INFO [http-nio-8080-exec-7] c.e.m.s.j.service.JwtAuthFilter - llegue a JwtAuthFilter 
2024-07-03 09:54:36 - INFO [http-nio-8080-exec-7] c.e.m.s.j.service.UserInfoService - llegue a UserInfoService 
2024-07-03 09:54:36 - INFO [http-nio-8080-exec-7] c.e.m.s.j.service.UserInfoDetails - llegue a UserInfoDetails 
2024-07-03 09:54:36 - WARN [http-nio-8080-exec-7] o.s.w.s.m.s.DefaultHandlerExceptionResolver - Resolved [org.springframework.web.HttpRequestMethodNotSupportedException: Request method 'POST' is not supported]
2024-07-03 09:54:36 - INFO [http-nio-8080-exec-7] c.e.m.s.j.service.JwtAuthFilter - llegue a JwtAuthFilter responde esto org.springframework.security.web.FilterChainProxy$VirtualFilterChain@2fb98ad3
2024-07-03 09:54:38 - INFO [http-nio-8080-exec-8] c.e.m.s.j.service.JwtAuthFilter - llegue a JwtAuthFilter 
2024-07-03 09:54:38 - INFO [http-nio-8080-exec-8] c.e.m.s.j.service.UserInfoService - llegue a UserInfoService 
2024-07-03 09:54:38 - INFO [http-nio-8080-exec-8] c.e.m.s.j.service.UserInfoDetails - llegue a UserInfoDetails 
2024-07-03 09:54:38 - WARN [http-nio-8080-exec-8] o.s.w.s.m.s.DefaultHandlerExceptionResolver - Resolved [org.springframework.web.HttpRequestMethodNotSupportedException: Request method 'POST' is not supported]
2024-07-03 09:54:38 - INFO [http-nio-8080-exec-8] c.e.m.s.j.service.JwtAuthFilter - llegue a JwtAuthFilter responde esto org.springframework.security.web.FilterChainProxy$VirtualFilterChain@1fd0a5e3
2024-07-03 09:54:41 - INFO [http-nio-8080-exec-9] c.e.m.s.j.service.JwtAuthFilter - llegue a JwtAuthFilter 
2024-07-03 09:54:41 - INFO [http-nio-8080-exec-9] c.e.m.s.j.service.UserInfoService - llegue a UserInfoService 
2024-07-03 09:54:41 - INFO [http-nio-8080-exec-9] c.e.m.s.j.service.UserInfoDetails - llegue a UserInfoDetails 
2024-07-03 09:54:41 - WARN [http-nio-8080-exec-9] o.s.w.s.m.s.DefaultHandlerExceptionResolver - Resolved [org.springframework.web.HttpRequestMethodNotSupportedException: Request method 'POST' is not supported]
2024-07-03 09:54:41 - INFO [http-nio-8080-exec-9] c.e.m.s.j.service.JwtAuthFilter - llegue a JwtAuthFilter responde esto org.springframework.security.web.FilterChainProxy$VirtualFilterChain@359a27cd
2024-07-03 09:54:42 - INFO [http-nio-8080-exec-10] c.e.m.s.j.service.JwtAuthFilter - llegue a JwtAuthFilter 
2024-07-03 09:54:42 - INFO [http-nio-8080-exec-10] c.e.m.s.j.service.UserInfoService - llegue a UserInfoService 
2024-07-03 09:54:42 - INFO [http-nio-8080-exec-10] c.e.m.s.j.service.UserInfoDetails - llegue a UserInfoDetails 
2024-07-03 09:54:42 - WARN [http-nio-8080-exec-10] o.s.w.s.m.s.DefaultHandlerExceptionResolver - Resolved [org.springframework.web.HttpRequestMethodNotSupportedException: Request method 'POST' is not supported]
2024-07-03 09:54:42 - INFO [http-nio-8080-exec-10] c.e.m.s.j.service.JwtAuthFilter - llegue a JwtAuthFilter responde esto org.springframework.security.web.FilterChainProxy$VirtualFilterChain@74f786fa
2024-07-03 09:54:54 - INFO [http-nio-8080-exec-2] c.e.m.s.j.service.JwtAuthFilter - llegue a JwtAuthFilter 
2024-07-03 09:54:54 - INFO [http-nio-8080-exec-2] c.e.m.s.j.service.UserController - llegue a UserController 
2024-07-03 09:54:54 - INFO [http-nio-8080-exec-2] c.e.m.s.j.service.UserController - llegue a UserController datos NombreP1 ApellidoPP1contrasena1
2024-07-03 09:54:54 - INFO [http-nio-8080-exec-2] c.e.m.s.j.service.UserController - llegue a UserController Id1
2024-07-03 09:54:54 - INFO [http-nio-8080-exec-2] c.e.m.s.j.service.UserController - llegue a UserController autorizacion 
2024-07-03 09:54:54 - INFO [http-nio-8080-exec-2] c.e.m.s.jwtToken.service.JwtService - llegue a JwtService 
2024-07-03 09:54:54 - INFO [http-nio-8080-exec-2] c.e.m.s.j.service.JwtAuthFilter - llegue a JwtAuthFilter responde esto org.springframework.security.web.FilterChainProxy$VirtualFilterChain@66b2f5a3
2024-07-03 09:57:09 - INFO [RMI TCP Connection(11)-127.0.0.1] o.s.b.a.SpringApplicationAdminMXBeanRegistrar$SpringApplicationAdmin - Application shutdown requested.
2024-07-03 09:57:09 - INFO [RMI TCP Connection(11)-127.0.0.1] o.s.o.j.LocalContainerEntityManagerFactoryBean - Closing JPA EntityManagerFactory for persistence unit 'default'
2024-07-03 09:57:09 - INFO [RMI TCP Connection(11)-127.0.0.1] com.zaxxer.hikari.HikariDataSource - HikariPool-1 - Shutdown initiated...
2024-07-03 09:57:09 - INFO [RMI TCP Connection(11)-127.0.0.1] com.zaxxer.hikari.HikariDataSource - HikariPool-1 - Shutdown completed.
2024-07-03 09:57:25 - INFO [main] c.e.market.MarketApplication - Starting MarketApplication using Java 17.0.11 with PID 2308 (/Users/israeldaviddomingueztovar/Documents/workspace-spring-tool-suite-4-4.22.0.RELEASE/market/target/classes started by israeldaviddomingueztovar in /Users/israeldaviddomingueztovar/Documents/workspace-spring-tool-suite-4-4.22.0.RELEASE/market)
2024-07-03 09:57:25 - INFO [main] c.e.market.MarketApplication - No active profile set, falling back to 1 default profile: "default"
2024-07-03 09:57:27 - INFO [main] o.s.d.r.c.RepositoryConfigurationDelegate - Multiple Spring Data modules found, entering strict repository configuration mode
2024-07-03 09:57:27 - INFO [main] o.s.d.r.c.RepositoryConfigurationDelegate - Bootstrapping Spring Data JDBC repositories in DEFAULT mode.
2024-07-03 09:57:27 - INFO [main] o.s.d.r.c.RepositoryConfigurationExtensionSupport - Spring Data JDBC - Could not safely identify store assignment for repository candidate interface com.emprendetech.market.repositorys.CajaRepository; If you want this repository to be a JDBC repository, consider annotating your entities with one of these annotations: org.springframework.data.relational.core.mapping.Table.
2024-07-03 09:57:27 - INFO [main] o.s.d.r.c.RepositoryConfigurationExtensionSupport - Spring Data JDBC - Could not safely identify store assignment for repository candidate interface com.emprendetech.market.repositorys.CategoriasRepository; If you want this repository to be a JDBC repository, consider annotating your entities with one of these annotations: org.springframework.data.relational.core.mapping.Table.
2024-07-03 09:57:27 - INFO [main] o.s.d.r.c.RepositoryConfigurationExtensionSupport - Spring Data JDBC - Could not safely identify store assignment for repository candidate interface com.emprendetech.market.repositorys.ClientesRepository; If you want this repository to be a JDBC repository, consider annotating your entities with one of these annotations: org.springframework.data.relational.core.mapping.Table.
2024-07-03 09:57:27 - INFO [main] o.s.d.r.c.RepositoryConfigurationExtensionSupport - Spring Data JDBC - Could not safely identify store assignment for repository candidate interface com.emprendetech.market.repositorys.DetallespedidoRepository; If you want this repository to be a JDBC repository, consider annotating your entities with one of these annotations: org.springframework.data.relational.core.mapping.Table.
2024-07-03 09:57:27 - INFO [main] o.s.d.r.c.RepositoryConfigurationExtensionSupport - Spring Data JDBC - Could not safely identify store assignment for repository candidate interface com.emprendetech.market.repositorys.EmprendimientosRepository; If you want this repository to be a JDBC repository, consider annotating your entities with one of these annotations: org.springframework.data.relational.core.mapping.Table.
2024-07-03 09:57:27 - INFO [main] o.s.d.r.c.RepositoryConfigurationExtensionSupport - Spring Data JDBC - Could not safely identify store assignment for repository candidate interface com.emprendetech.market.repositorys.IngresosRepository; If you want this repository to be a JDBC repository, consider annotating your entities with one of these annotations: org.springframework.data.relational.core.mapping.Table.
2024-07-03 09:57:27 - INFO [main] o.s.d.r.c.RepositoryConfigurationExtensionSupport - Spring Data JDBC - Could not safely identify store assignment for repository candidate interface com.emprendetech.market.repositorys.MedidasRepository; If you want this repository to be a JDBC repository, consider annotating your entities with one of these annotations: org.springframework.data.relational.core.mapping.Table.
2024-07-03 09:57:27 - INFO [main] o.s.d.r.c.RepositoryConfigurationExtensionSupport - Spring Data JDBC - Could not safely identify store assignment for repository candidate interface com.emprendetech.market.repositorys.MetodospagoRepository; If you want this repository to be a JDBC repository, consider annotating your entities with one of these annotations: org.springframework.data.relational.core.mapping.Table.
2024-07-03 09:57:27 - INFO [main] o.s.d.r.c.RepositoryConfigurationExtensionSupport - Spring Data JDBC - Could not safely identify store assignment for repository candidate interface com.emprendetech.market.repositorys.PedidosRepository; If you want this repository to be a JDBC repository, consider annotating your entities with one of these annotations: org.springframework.data.relational.core.mapping.Table.
2024-07-03 09:57:27 - INFO [main] o.s.d.r.c.RepositoryConfigurationExtensionSupport - Spring Data JDBC - Could not safely identify store assignment for repository candidate interface com.emprendetech.market.repositorys.PerfilesRepository; If you want this repository to be a JDBC repository, consider annotating your entities with one of these annotations: org.springframework.data.relational.core.mapping.Table.
2024-07-03 09:57:27 - INFO [main] o.s.d.r.c.RepositoryConfigurationExtensionSupport - Spring Data JDBC - Could not safely identify store assignment for repository candidate interface com.emprendetech.market.repositorys.PermisosRepository; If you want this repository to be a JDBC repository, consider annotating your entities with one of these annotations: org.springframework.data.relational.core.mapping.Table.
2024-07-03 09:57:27 - INFO [main] o.s.d.r.c.RepositoryConfigurationExtensionSupport - Spring Data JDBC - Could not safely identify store assignment for repository candidate interface com.emprendetech.market.repositorys.PersonasRepository; If you want this repository to be a JDBC repository, consider annotating your entities with one of these annotations: org.springframework.data.relational.core.mapping.Table.
2024-07-03 09:57:27 - INFO [main] o.s.d.r.c.RepositoryConfigurationExtensionSupport - Spring Data JDBC - Could not safely identify store assignment for repository candidate interface com.emprendetech.market.repositorys.ProductosRepository; If you want this repository to be a JDBC repository, consider annotating your entities with one of these annotations: org.springframework.data.relational.core.mapping.Table.
2024-07-03 09:57:27 - INFO [main] o.s.d.r.c.RepositoryConfigurationExtensionSupport - Spring Data JDBC - Could not safely identify store assignment for repository candidate interface com.emprendetech.market.repositorys.ProductosunidadRepository; If you want this repository to be a JDBC repository, consider annotating your entities with one of these annotations: org.springframework.data.relational.core.mapping.Table.
2024-07-03 09:57:27 - INFO [main] o.s.d.r.c.RepositoryConfigurationExtensionSupport - Spring Data JDBC - Could not safely identify store assignment for repository candidate interface com.emprendetech.market.repositorys.RolesRepository; If you want this repository to be a JDBC repository, consider annotating your entities with one of these annotations: org.springframework.data.relational.core.mapping.Table.
2024-07-03 09:57:27 - INFO [main] o.s.d.r.c.RepositoryConfigurationExtensionSupport - Spring Data JDBC - Could not safely identify store assignment for repository candidate interface com.emprendetech.market.repositorys.RolpermisosRepository; If you want this repository to be a JDBC repository, consider annotating your entities with one of these annotations: org.springframework.data.relational.core.mapping.Table.
2024-07-03 09:57:27 - INFO [main] o.s.d.r.c.RepositoryConfigurationExtensionSupport - Spring Data JDBC - Could not safely identify store assignment for repository candidate interface com.emprendetech.market.repositorys.UsuarioRepository; If you want this repository to be a JDBC repository, consider annotating your entities with one of these annotations: org.springframework.data.relational.core.mapping.Table.
2024-07-03 09:57:27 - INFO [main] o.s.d.r.c.RepositoryConfigurationExtensionSupport - Spring Data JDBC - Could not safely identify store assignment for repository candidate interface com.emprendetech.market.repositorys.VentasRepository; If you want this repository to be a JDBC repository, consider annotating your entities with one of these annotations: org.springframework.data.relational.core.mapping.Table.
2024-07-03 09:57:27 - INFO [main] o.s.d.r.c.RepositoryConfigurationDelegate - Finished Spring Data repository scanning in 149 ms. Found 0 JDBC repository interfaces.
2024-07-03 09:57:27 - INFO [main] o.s.d.r.c.RepositoryConfigurationDelegate - Multiple Spring Data modules found, entering strict repository configuration mode
2024-07-03 09:57:27 - INFO [main] o.s.d.r.c.RepositoryConfigurationDelegate - Bootstrapping Spring Data JPA repositories in DEFAULT mode.
2024-07-03 09:57:27 - INFO [main] o.s.d.r.c.RepositoryConfigurationDelegate - Finished Spring Data repository scanning in 352 ms. Found 18 JPA repository interfaces.
2024-07-03 09:57:29 - INFO [main] o.s.b.w.e.tomcat.TomcatWebServer - Tomcat initialized with port 8080 (http)
2024-07-03 09:57:29 - INFO [main] o.a.catalina.core.StandardService - Starting service [Tomcat]
2024-07-03 09:57:29 - INFO [main] o.a.catalina.core.StandardEngine - Starting Servlet engine: [Apache Tomcat/10.1.20]
2024-07-03 09:57:29 - INFO [main] o.a.c.c.C.[Tomcat].[localhost].[/] - Initializing Spring embedded WebApplicationContext
2024-07-03 09:57:29 - INFO [main] o.s.b.w.s.c.ServletWebServerApplicationContext - Root WebApplicationContext: initialization completed in 4496 ms
2024-07-03 09:57:30 - INFO [main] o.h.jpa.internal.util.LogHelper - HHH000204: Processing PersistenceUnitInfo [name: default]
2024-07-03 09:57:30 - INFO [main] org.hibernate.Version - HHH000412: Hibernate ORM core version 6.4.4.Final
2024-07-03 09:57:30 - INFO [main] o.h.c.i.RegionFactoryInitiator - HHH000026: Second-level cache disabled
2024-07-03 09:57:30 - INFO [main] o.s.o.j.p.SpringPersistenceUnitInfo - No LoadTimeWeaver setup: ignoring JPA class transformer
2024-07-03 09:57:31 - INFO [main] com.zaxxer.hikari.HikariDataSource - HikariPool-1 - Starting...
2024-07-03 09:57:31 - INFO [main] com.zaxxer.hikari.pool.HikariPool - HikariPool-1 - Added connection com.mysql.cj.jdbc.ConnectionImpl@2bb3f39e
2024-07-03 09:57:31 - INFO [main] com.zaxxer.hikari.HikariDataSource - HikariPool-1 - Start completed.
2024-07-03 09:57:31 - WARN [main] org.hibernate.orm.deprecation - HHH90000025: MySQLDialect does not need to be specified explicitly using 'hibernate.dialect' (remove the property setting and it will be selected by default)
2024-07-03 09:57:33 - INFO [main] o.h.e.t.j.p.i.JtaPlatformInitiator - HHH000489: No JTA platform available (set 'hibernate.transaction.jta.platform' to enable JTA platform integration)
2024-07-03 09:57:33 - INFO [main] o.s.o.j.LocalContainerEntityManagerFactoryBean - Initialized JPA EntityManagerFactory for persistence unit 'default'
2024-07-03 09:57:35 - WARN [main] o.s.b.a.o.j.JpaBaseConfiguration$JpaWebConfiguration - spring.jpa.open-in-view is enabled by default. Therefore, database queries may be performed during view rendering. Explicitly configure spring.jpa.open-in-view to disable this warning
2024-07-03 09:57:36 - INFO [main] o.s.s.web.DefaultSecurityFilterChain - Will secure any request with [org.springframework.security.web.session.DisableEncodeUrlFilter@6ad2cb6d, org.springframework.security.web.context.request.async.WebAsyncManagerIntegrationFilter@4b6ad2eb, org.springframework.security.web.context.SecurityContextHolderFilter@75eca6d8, org.springframework.security.web.header.HeaderWriterFilter@505bc480, org.springframework.web.filter.CorsFilter@61868687, org.springframework.security.web.authentication.logout.LogoutFilter@46c47690, com.emprendetech.market.security.jwtToken.service.JwtAuthFilter@4f0f56f5, org.springframework.security.web.authentication.www.BasicAuthenticationFilter@3d339541, org.springframework.security.web.savedrequest.RequestCacheAwareFilter@6cb2d5ea, org.springframework.security.web.servletapi.SecurityContextHolderAwareRequestFilter@3ed1446c, org.springframework.security.web.authentication.AnonymousAuthenticationFilter@2122b4bd, org.springframework.security.web.session.SessionManagementFilter@533165e7, org.springframework.security.web.access.ExceptionTranslationFilter@282d1023, org.springframework.security.web.access.intercept.AuthorizationFilter@47184859]
2024-07-03 09:57:38 - INFO [main] o.s.b.w.e.tomcat.TomcatWebServer - Tomcat started on port 8080 (http) with context path ''
2024-07-03 09:57:38 - INFO [main] c.e.market.MarketApplication - Started MarketApplication in 14.579 seconds (process running for 21.363)
2024-07-03 09:59:24 - INFO [RMI TCP Connection(4)-127.0.0.1] o.s.b.a.SpringApplicationAdminMXBeanRegistrar$SpringApplicationAdmin - Application shutdown requested.
2024-07-03 09:59:24 - INFO [RMI TCP Connection(4)-127.0.0.1] o.s.o.j.LocalContainerEntityManagerFactoryBean - Closing JPA EntityManagerFactory for persistence unit 'default'
2024-07-03 09:59:24 - INFO [RMI TCP Connection(4)-127.0.0.1] com.zaxxer.hikari.HikariDataSource - HikariPool-1 - Shutdown initiated...
2024-07-03 09:59:24 - INFO [RMI TCP Connection(4)-127.0.0.1] com.zaxxer.hikari.HikariDataSource - HikariPool-1 - Shutdown completed.
2024-07-03 09:59:36 - INFO [main] c.e.market.MarketApplication - Starting MarketApplication using Java 17.0.11 with PID 2352 (/Users/israeldaviddomingueztovar/Documents/workspace-spring-tool-suite-4-4.22.0.RELEASE/market/target/classes started by israeldaviddomingueztovar in /Users/israeldaviddomingueztovar/Documents/workspace-spring-tool-suite-4-4.22.0.RELEASE/market)
2024-07-03 09:59:36 - INFO [main] c.e.market.MarketApplication - No active profile set, falling back to 1 default profile: "default"
2024-07-03 09:59:37 - INFO [main] o.s.d.r.c.RepositoryConfigurationDelegate - Multiple Spring Data modules found, entering strict repository configuration mode
2024-07-03 09:59:37 - INFO [main] o.s.d.r.c.RepositoryConfigurationDelegate - Bootstrapping Spring Data JDBC repositories in DEFAULT mode.
2024-07-03 09:59:37 - INFO [main] o.s.d.r.c.RepositoryConfigurationExtensionSupport - Spring Data JDBC - Could not safely identify store assignment for repository candidate interface com.emprendetech.market.repositorys.CajaRepository; If you want this repository to be a JDBC repository, consider annotating your entities with one of these annotations: org.springframework.data.relational.core.mapping.Table.
2024-07-03 09:59:37 - INFO [main] o.s.d.r.c.RepositoryConfigurationExtensionSupport - Spring Data JDBC - Could not safely identify store assignment for repository candidate interface com.emprendetech.market.repositorys.CategoriasRepository; If you want this repository to be a JDBC repository, consider annotating your entities with one of these annotations: org.springframework.data.relational.core.mapping.Table.
2024-07-03 09:59:37 - INFO [main] o.s.d.r.c.RepositoryConfigurationExtensionSupport - Spring Data JDBC - Could not safely identify store assignment for repository candidate interface com.emprendetech.market.repositorys.ClientesRepository; If you want this repository to be a JDBC repository, consider annotating your entities with one of these annotations: org.springframework.data.relational.core.mapping.Table.
2024-07-03 09:59:37 - INFO [main] o.s.d.r.c.RepositoryConfigurationExtensionSupport - Spring Data JDBC - Could not safely identify store assignment for repository candidate interface com.emprendetech.market.repositorys.DetallespedidoRepository; If you want this repository to be a JDBC repository, consider annotating your entities with one of these annotations: org.springframework.data.relational.core.mapping.Table.
2024-07-03 09:59:37 - INFO [main] o.s.d.r.c.RepositoryConfigurationExtensionSupport - Spring Data JDBC - Could not safely identify store assignment for repository candidate interface com.emprendetech.market.repositorys.EmprendimientosRepository; If you want this repository to be a JDBC repository, consider annotating your entities with one of these annotations: org.springframework.data.relational.core.mapping.Table.
2024-07-03 09:59:37 - INFO [main] o.s.d.r.c.RepositoryConfigurationExtensionSupport - Spring Data JDBC - Could not safely identify store assignment for repository candidate interface com.emprendetech.market.repositorys.IngresosRepository; If you want this repository to be a JDBC repository, consider annotating your entities with one of these annotations: org.springframework.data.relational.core.mapping.Table.
2024-07-03 09:59:37 - INFO [main] o.s.d.r.c.RepositoryConfigurationExtensionSupport - Spring Data JDBC - Could not safely identify store assignment for repository candidate interface com.emprendetech.market.repositorys.MedidasRepository; If you want this repository to be a JDBC repository, consider annotating your entities with one of these annotations: org.springframework.data.relational.core.mapping.Table.
2024-07-03 09:59:37 - INFO [main] o.s.d.r.c.RepositoryConfigurationExtensionSupport - Spring Data JDBC - Could not safely identify store assignment for repository candidate interface com.emprendetech.market.repositorys.MetodospagoRepository; If you want this repository to be a JDBC repository, consider annotating your entities with one of these annotations: org.springframework.data.relational.core.mapping.Table.
2024-07-03 09:59:37 - INFO [main] o.s.d.r.c.RepositoryConfigurationExtensionSupport - Spring Data JDBC - Could not safely identify store assignment for repository candidate interface com.emprendetech.market.repositorys.PedidosRepository; If you want this repository to be a JDBC repository, consider annotating your entities with one of these annotations: org.springframework.data.relational.core.mapping.Table.
2024-07-03 09:59:37 - INFO [main] o.s.d.r.c.RepositoryConfigurationExtensionSupport - Spring Data JDBC - Could not safely identify store assignment for repository candidate interface com.emprendetech.market.repositorys.PerfilesRepository; If you want this repository to be a JDBC repository, consider annotating your entities with one of these annotations: org.springframework.data.relational.core.mapping.Table.
2024-07-03 09:59:37 - INFO [main] o.s.d.r.c.RepositoryConfigurationExtensionSupport - Spring Data JDBC - Could not safely identify store assignment for repository candidate interface com.emprendetech.market.repositorys.PermisosRepository; If you want this repository to be a JDBC repository, consider annotating your entities with one of these annotations: org.springframework.data.relational.core.mapping.Table.
2024-07-03 09:59:37 - INFO [main] o.s.d.r.c.RepositoryConfigurationExtensionSupport - Spring Data JDBC - Could not safely identify store assignment for repository candidate interface com.emprendetech.market.repositorys.PersonasRepository; If you want this repository to be a JDBC repository, consider annotating your entities with one of these annotations: org.springframework.data.relational.core.mapping.Table.
2024-07-03 09:59:37 - INFO [main] o.s.d.r.c.RepositoryConfigurationExtensionSupport - Spring Data JDBC - Could not safely identify store assignment for repository candidate interface com.emprendetech.market.repositorys.ProductosRepository; If you want this repository to be a JDBC repository, consider annotating your entities with one of these annotations: org.springframework.data.relational.core.mapping.Table.
2024-07-03 09:59:37 - INFO [main] o.s.d.r.c.RepositoryConfigurationExtensionSupport - Spring Data JDBC - Could not safely identify store assignment for repository candidate interface com.emprendetech.market.repositorys.ProductosunidadRepository; If you want this repository to be a JDBC repository, consider annotating your entities with one of these annotations: org.springframework.data.relational.core.mapping.Table.
2024-07-03 09:59:37 - INFO [main] o.s.d.r.c.RepositoryConfigurationExtensionSupport - Spring Data JDBC - Could not safely identify store assignment for repository candidate interface com.emprendetech.market.repositorys.RolesRepository; If you want this repository to be a JDBC repository, consider annotating your entities with one of these annotations: org.springframework.data.relational.core.mapping.Table.
2024-07-03 09:59:37 - INFO [main] o.s.d.r.c.RepositoryConfigurationExtensionSupport - Spring Data JDBC - Could not safely identify store assignment for repository candidate interface com.emprendetech.market.repositorys.RolpermisosRepository; If you want this repository to be a JDBC repository, consider annotating your entities with one of these annotations: org.springframework.data.relational.core.mapping.Table.
2024-07-03 09:59:37 - INFO [main] o.s.d.r.c.RepositoryConfigurationExtensionSupport - Spring Data JDBC - Could not safely identify store assignment for repository candidate interface com.emprendetech.market.repositorys.UsuarioRepository; If you want this repository to be a JDBC repository, consider annotating your entities with one of these annotations: org.springframework.data.relational.core.mapping.Table.
2024-07-03 09:59:37 - INFO [main] o.s.d.r.c.RepositoryConfigurationExtensionSupport - Spring Data JDBC - Could not safely identify store assignment for repository candidate interface com.emprendetech.market.repositorys.VentasRepository; If you want this repository to be a JDBC repository, consider annotating your entities with one of these annotations: org.springframework.data.relational.core.mapping.Table.
2024-07-03 09:59:37 - INFO [main] o.s.d.r.c.RepositoryConfigurationDelegate - Finished Spring Data repository scanning in 88 ms. Found 0 JDBC repository interfaces.
2024-07-03 09:59:37 - INFO [main] o.s.d.r.c.RepositoryConfigurationDelegate - Multiple Spring Data modules found, entering strict repository configuration mode
2024-07-03 09:59:37 - INFO [main] o.s.d.r.c.RepositoryConfigurationDelegate - Bootstrapping Spring Data JPA repositories in DEFAULT mode.
2024-07-03 09:59:37 - INFO [main] o.s.d.r.c.RepositoryConfigurationDelegate - Finished Spring Data repository scanning in 85 ms. Found 18 JPA repository interfaces.
2024-07-03 09:59:38 - INFO [main] o.s.b.w.e.tomcat.TomcatWebServer - Tomcat initialized with port 8080 (http)
2024-07-03 09:59:38 - INFO [main] o.a.catalina.core.StandardService - Starting service [Tomcat]
2024-07-03 09:59:38 - INFO [main] o.a.catalina.core.StandardEngine - Starting Servlet engine: [Apache Tomcat/10.1.20]
2024-07-03 09:59:38 - INFO [main] o.a.c.c.C.[Tomcat].[localhost].[/] - Initializing Spring embedded WebApplicationContext
2024-07-03 09:59:38 - INFO [main] o.s.b.w.s.c.ServletWebServerApplicationContext - Root WebApplicationContext: initialization completed in 2367 ms
2024-07-03 09:59:39 - INFO [main] o.h.jpa.internal.util.LogHelper - HHH000204: Processing PersistenceUnitInfo [name: default]
2024-07-03 09:59:39 - INFO [main] org.hibernate.Version - HHH000412: Hibernate ORM core version 6.4.4.Final
2024-07-03 09:59:39 - INFO [main] o.h.c.i.RegionFactoryInitiator - HHH000026: Second-level cache disabled
2024-07-03 09:59:39 - INFO [main] o.s.o.j.p.SpringPersistenceUnitInfo - No LoadTimeWeaver setup: ignoring JPA class transformer
2024-07-03 09:59:39 - INFO [main] com.zaxxer.hikari.HikariDataSource - HikariPool-1 - Starting...
2024-07-03 09:59:40 - INFO [main] com.zaxxer.hikari.pool.HikariPool - HikariPool-1 - Added connection com.mysql.cj.jdbc.ConnectionImpl@2558f65c
2024-07-03 09:59:40 - INFO [main] com.zaxxer.hikari.HikariDataSource - HikariPool-1 - Start completed.
2024-07-03 09:59:40 - WARN [main] org.hibernate.orm.deprecation - HHH90000025: MySQLDialect does not need to be specified explicitly using 'hibernate.dialect' (remove the property setting and it will be selected by default)
2024-07-03 09:59:42 - INFO [main] o.h.e.t.j.p.i.JtaPlatformInitiator - HHH000489: No JTA platform available (set 'hibernate.transaction.jta.platform' to enable JTA platform integration)
2024-07-03 09:59:42 - INFO [main] o.s.o.j.LocalContainerEntityManagerFactoryBean - Initialized JPA EntityManagerFactory for persistence unit 'default'
2024-07-03 09:59:43 - WARN [main] o.s.b.a.o.j.JpaBaseConfiguration$JpaWebConfiguration - spring.jpa.open-in-view is enabled by default. Therefore, database queries may be performed during view rendering. Explicitly configure spring.jpa.open-in-view to disable this warning
2024-07-03 09:59:43 - INFO [main] o.s.s.web.DefaultSecurityFilterChain - Will secure any request with [org.springframework.security.web.session.DisableEncodeUrlFilter@2122b4bd, org.springframework.security.web.context.request.async.WebAsyncManagerIntegrationFilter@5dd79a57, org.springframework.security.web.context.SecurityContextHolderFilter@3ed1446c, org.springframework.security.web.header.HeaderWriterFilter@58a93f51, org.springframework.web.filter.CorsFilter@40b7e68c, org.springframework.security.web.authentication.logout.LogoutFilter@39bd07fe, com.emprendetech.market.security.jwtToken.service.JwtAuthFilter@7692c0e9, org.springframework.security.web.authentication.www.BasicAuthenticationFilter@6ad2cb6d, org.springframework.security.web.savedrequest.RequestCacheAwareFilter@54151d07, org.springframework.security.web.servletapi.SecurityContextHolderAwareRequestFilter@2e729fea, org.springframework.security.web.authentication.AnonymousAuthenticationFilter@15d0f2a3, org.springframework.security.web.session.SessionManagementFilter@75eca6d8, org.springframework.security.web.access.ExceptionTranslationFilter@394a7390, org.springframework.security.web.access.intercept.AuthorizationFilter@173c0722]
2024-07-03 09:59:44 - INFO [main] o.s.b.w.e.tomcat.TomcatWebServer - Tomcat started on port 8080 (http) with context path ''
2024-07-03 09:59:44 - INFO [main] c.e.market.MarketApplication - Started MarketApplication in 8.406 seconds (process running for 14.169)
2024-07-03 09:59:53 - INFO [http-nio-8080-exec-1] o.a.c.c.C.[Tomcat].[localhost].[/] - Initializing Spring DispatcherServlet 'dispatcherServlet'
2024-07-03 09:59:53 - INFO [http-nio-8080-exec-1] o.s.web.servlet.DispatcherServlet - Initializing Servlet 'dispatcherServlet'
2024-07-03 09:59:53 - INFO [http-nio-8080-exec-1] o.s.web.servlet.DispatcherServlet - Completed initialization in 1 ms
2024-07-03 09:59:53 - INFO [http-nio-8080-exec-1] c.e.m.s.j.service.JwtAuthFilter - llegue a JwtAuthFilter 
2024-07-03 09:59:54 - INFO [http-nio-8080-exec-1] c.e.m.s.j.service.UserController - llegue a UserController 
2024-07-03 09:59:54 - INFO [http-nio-8080-exec-1] c.e.m.s.j.service.UserController - llegue a UserController datos NombreP1 ApellidoPP1contrasena1
2024-07-03 09:59:54 - INFO [http-nio-8080-exec-1] c.e.m.s.j.service.UserController - llegue a UserController Id1
2024-07-03 09:59:54 - INFO [http-nio-8080-exec-1] c.e.m.s.j.service.UserController - llegue a UserController autorizacion 
2024-07-03 09:59:54 - INFO [http-nio-8080-exec-1] c.e.m.s.jwtToken.service.JwtService - llegue a JwtService 
2024-07-03 09:59:54 - INFO [http-nio-8080-exec-1] c.e.m.s.j.service.JwtAuthFilter - llegue a JwtAuthFilter responde esto org.springframework.security.web.FilterChainProxy$VirtualFilterChain@3249b488
2024-07-03 10:00:15 - INFO [http-nio-8080-exec-3] c.e.m.s.j.service.JwtAuthFilter - llegue a JwtAuthFilter 
2024-07-03 10:00:15 - INFO [http-nio-8080-exec-3] c.e.m.s.j.service.UserInfoService - llegue a UserInfoService 
2024-07-03 10:00:15 - INFO [http-nio-8080-exec-3] c.e.m.s.j.service.UserInfoDetails - llegue a UserInfoDetails 
2024-07-03 10:00:15 - INFO [http-nio-8080-exec-3] c.e.m.s.f.i.PlataformaVentaPedidoImpl - get VentaDetalleventa -  get VentaDetalleventa() Method
2024-07-03 10:00:15 - INFO [http-nio-8080-exec-3] c.e.m.s.j.service.JwtAuthFilter - llegue a JwtAuthFilter responde esto org.springframework.security.web.FilterChainProxy$VirtualFilterChain@1b53263f
2024-07-03 10:00:26 - INFO [RMI TCP Connection(3)-127.0.0.1] o.s.b.a.SpringApplicationAdminMXBeanRegistrar$SpringApplicationAdmin - Application shutdown requested.
2024-07-03 10:00:26 - INFO [RMI TCP Connection(3)-127.0.0.1] o.s.o.j.LocalContainerEntityManagerFactoryBean - Closing JPA EntityManagerFactory for persistence unit 'default'
2024-07-03 10:00:26 - INFO [RMI TCP Connection(3)-127.0.0.1] com.zaxxer.hikari.HikariDataSource - HikariPool-1 - Shutdown initiated...
2024-07-03 10:00:26 - INFO [RMI TCP Connection(3)-127.0.0.1] com.zaxxer.hikari.HikariDataSource - HikariPool-1 - Shutdown completed.
2024-07-03 10:44:11 - INFO [main] c.e.market.MarketApplication - Starting MarketApplication using Java 17.0.11 with PID 2470 (/Users/israeldaviddomingueztovar/Documents/workspace-spring-tool-suite-4-4.22.0.RELEASE/market/target/classes started by israeldaviddomingueztovar in /Users/israeldaviddomingueztovar/Documents/workspace-spring-tool-suite-4-4.22.0.RELEASE/market)
2024-07-03 10:44:11 - INFO [main] c.e.market.MarketApplication - No active profile set, falling back to 1 default profile: "default"
2024-07-03 10:44:12 - INFO [main] o.s.d.r.c.RepositoryConfigurationDelegate - Multiple Spring Data modules found, entering strict repository configuration mode
2024-07-03 10:44:12 - INFO [main] o.s.d.r.c.RepositoryConfigurationDelegate - Bootstrapping Spring Data JDBC repositories in DEFAULT mode.
2024-07-03 10:44:13 - INFO [main] o.s.d.r.c.RepositoryConfigurationExtensionSupport - Spring Data JDBC - Could not safely identify store assignment for repository candidate interface com.emprendetech.market.repositorys.CajaRepository; If you want this repository to be a JDBC repository, consider annotating your entities with one of these annotations: org.springframework.data.relational.core.mapping.Table.
2024-07-03 10:44:13 - INFO [main] o.s.d.r.c.RepositoryConfigurationExtensionSupport - Spring Data JDBC - Could not safely identify store assignment for repository candidate interface com.emprendetech.market.repositorys.CategoriasRepository; If you want this repository to be a JDBC repository, consider annotating your entities with one of these annotations: org.springframework.data.relational.core.mapping.Table.
2024-07-03 10:44:13 - INFO [main] o.s.d.r.c.RepositoryConfigurationExtensionSupport - Spring Data JDBC - Could not safely identify store assignment for repository candidate interface com.emprendetech.market.repositorys.ClientesRepository; If you want this repository to be a JDBC repository, consider annotating your entities with one of these annotations: org.springframework.data.relational.core.mapping.Table.
2024-07-03 10:44:13 - INFO [main] o.s.d.r.c.RepositoryConfigurationExtensionSupport - Spring Data JDBC - Could not safely identify store assignment for repository candidate interface com.emprendetech.market.repositorys.DetallespedidoRepository; If you want this repository to be a JDBC repository, consider annotating your entities with one of these annotations: org.springframework.data.relational.core.mapping.Table.
2024-07-03 10:44:13 - INFO [main] o.s.d.r.c.RepositoryConfigurationExtensionSupport - Spring Data JDBC - Could not safely identify store assignment for repository candidate interface com.emprendetech.market.repositorys.EmprendimientosRepository; If you want this repository to be a JDBC repository, consider annotating your entities with one of these annotations: org.springframework.data.relational.core.mapping.Table.
2024-07-03 10:44:13 - INFO [main] o.s.d.r.c.RepositoryConfigurationExtensionSupport - Spring Data JDBC - Could not safely identify store assignment for repository candidate interface com.emprendetech.market.repositorys.IngresosRepository; If you want this repository to be a JDBC repository, consider annotating your entities with one of these annotations: org.springframework.data.relational.core.mapping.Table.
2024-07-03 10:44:13 - INFO [main] o.s.d.r.c.RepositoryConfigurationExtensionSupport - Spring Data JDBC - Could not safely identify store assignment for repository candidate interface com.emprendetech.market.repositorys.MedidasRepository; If you want this repository to be a JDBC repository, consider annotating your entities with one of these annotations: org.springframework.data.relational.core.mapping.Table.
2024-07-03 10:44:13 - INFO [main] o.s.d.r.c.RepositoryConfigurationExtensionSupport - Spring Data JDBC - Could not safely identify store assignment for repository candidate interface com.emprendetech.market.repositorys.MetodospagoRepository; If you want this repository to be a JDBC repository, consider annotating your entities with one of these annotations: org.springframework.data.relational.core.mapping.Table.
2024-07-03 10:44:13 - INFO [main] o.s.d.r.c.RepositoryConfigurationExtensionSupport - Spring Data JDBC - Could not safely identify store assignment for repository candidate interface com.emprendetech.market.repositorys.PedidosRepository; If you want this repository to be a JDBC repository, consider annotating your entities with one of these annotations: org.springframework.data.relational.core.mapping.Table.
2024-07-03 10:44:13 - INFO [main] o.s.d.r.c.RepositoryConfigurationExtensionSupport - Spring Data JDBC - Could not safely identify store assignment for repository candidate interface com.emprendetech.market.repositorys.PerfilesRepository; If you want this repository to be a JDBC repository, consider annotating your entities with one of these annotations: org.springframework.data.relational.core.mapping.Table.
2024-07-03 10:44:13 - INFO [main] o.s.d.r.c.RepositoryConfigurationExtensionSupport - Spring Data JDBC - Could not safely identify store assignment for repository candidate interface com.emprendetech.market.repositorys.PermisosRepository; If you want this repository to be a JDBC repository, consider annotating your entities with one of these annotations: org.springframework.data.relational.core.mapping.Table.
2024-07-03 10:44:13 - INFO [main] o.s.d.r.c.RepositoryConfigurationExtensionSupport - Spring Data JDBC - Could not safely identify store assignment for repository candidate interface com.emprendetech.market.repositorys.PersonasRepository; If you want this repository to be a JDBC repository, consider annotating your entities with one of these annotations: org.springframework.data.relational.core.mapping.Table.
2024-07-03 10:44:13 - INFO [main] o.s.d.r.c.RepositoryConfigurationExtensionSupport - Spring Data JDBC - Could not safely identify store assignment for repository candidate interface com.emprendetech.market.repositorys.ProductosRepository; If you want this repository to be a JDBC repository, consider annotating your entities with one of these annotations: org.springframework.data.relational.core.mapping.Table.
2024-07-03 10:44:13 - INFO [main] o.s.d.r.c.RepositoryConfigurationExtensionSupport - Spring Data JDBC - Could not safely identify store assignment for repository candidate interface com.emprendetech.market.repositorys.ProductosunidadRepository; If you want this repository to be a JDBC repository, consider annotating your entities with one of these annotations: org.springframework.data.relational.core.mapping.Table.
2024-07-03 10:44:13 - INFO [main] o.s.d.r.c.RepositoryConfigurationExtensionSupport - Spring Data JDBC - Could not safely identify store assignment for repository candidate interface com.emprendetech.market.repositorys.RolesRepository; If you want this repository to be a JDBC repository, consider annotating your entities with one of these annotations: org.springframework.data.relational.core.mapping.Table.
2024-07-03 10:44:13 - INFO [main] o.s.d.r.c.RepositoryConfigurationExtensionSupport - Spring Data JDBC - Could not safely identify store assignment for repository candidate interface com.emprendetech.market.repositorys.RolpermisosRepository; If you want this repository to be a JDBC repository, consider annotating your entities with one of these annotations: org.springframework.data.relational.core.mapping.Table.
2024-07-03 10:44:13 - INFO [main] o.s.d.r.c.RepositoryConfigurationExtensionSupport - Spring Data JDBC - Could not safely identify store assignment for repository candidate interface com.emprendetech.market.repositorys.UsuarioRepository; If you want this repository to be a JDBC repository, consider annotating your entities with one of these annotations: org.springframework.data.relational.core.mapping.Table.
2024-07-03 10:44:13 - INFO [main] o.s.d.r.c.RepositoryConfigurationExtensionSupport - Spring Data JDBC - Could not safely identify store assignment for repository candidate interface com.emprendetech.market.repositorys.VentasRepository; If you want this repository to be a JDBC repository, consider annotating your entities with one of these annotations: org.springframework.data.relational.core.mapping.Table.
2024-07-03 10:44:13 - INFO [main] o.s.d.r.c.RepositoryConfigurationDelegate - Finished Spring Data repository scanning in 92 ms. Found 0 JDBC repository interfaces.
2024-07-03 10:44:13 - INFO [main] o.s.d.r.c.RepositoryConfigurationDelegate - Multiple Spring Data modules found, entering strict repository configuration mode
2024-07-03 10:44:13 - INFO [main] o.s.d.r.c.RepositoryConfigurationDelegate - Bootstrapping Spring Data JPA repositories in DEFAULT mode.
2024-07-03 10:44:13 - INFO [main] o.s.d.r.c.RepositoryConfigurationDelegate - Finished Spring Data repository scanning in 100 ms. Found 18 JPA repository interfaces.
2024-07-03 10:44:13 - INFO [main] o.s.b.w.e.tomcat.TomcatWebServer - Tomcat initialized with port 8080 (http)
2024-07-03 10:44:13 - INFO [main] o.a.catalina.core.StandardService - Starting service [Tomcat]
2024-07-03 10:44:13 - INFO [main] o.a.catalina.core.StandardEngine - Starting Servlet engine: [Apache Tomcat/10.1.20]
2024-07-03 10:44:13 - INFO [main] o.a.c.c.C.[Tomcat].[localhost].[/] - Initializing Spring embedded WebApplicationContext
2024-07-03 10:44:13 - INFO [main] o.s.b.w.s.c.ServletWebServerApplicationContext - Root WebApplicationContext: initialization completed in 2260 ms
2024-07-03 10:44:14 - INFO [main] o.h.jpa.internal.util.LogHelper - HHH000204: Processing PersistenceUnitInfo [name: default]
2024-07-03 10:44:14 - INFO [main] org.hibernate.Version - HHH000412: Hibernate ORM core version 6.4.4.Final
2024-07-03 10:44:14 - INFO [main] o.h.c.i.RegionFactoryInitiator - HHH000026: Second-level cache disabled
2024-07-03 10:44:14 - INFO [main] o.s.o.j.p.SpringPersistenceUnitInfo - No LoadTimeWeaver setup: ignoring JPA class transformer
2024-07-03 10:44:14 - INFO [main] com.zaxxer.hikari.HikariDataSource - HikariPool-1 - Starting...
2024-07-03 10:44:15 - INFO [main] com.zaxxer.hikari.pool.HikariPool - HikariPool-1 - Added connection com.mysql.cj.jdbc.ConnectionImpl@636fccb0
2024-07-03 10:44:15 - INFO [main] com.zaxxer.hikari.HikariDataSource - HikariPool-1 - Start completed.
2024-07-03 10:44:15 - WARN [main] org.hibernate.orm.deprecation - HHH90000025: MySQLDialect does not need to be specified explicitly using 'hibernate.dialect' (remove the property setting and it will be selected by default)
2024-07-03 10:44:16 - INFO [main] o.h.e.t.j.p.i.JtaPlatformInitiator - HHH000489: No JTA platform available (set 'hibernate.transaction.jta.platform' to enable JTA platform integration)
2024-07-03 10:44:16 - INFO [main] o.s.o.j.LocalContainerEntityManagerFactoryBean - Initialized JPA EntityManagerFactory for persistence unit 'default'
2024-07-03 10:44:17 - WARN [main] o.s.b.a.o.j.JpaBaseConfiguration$JpaWebConfiguration - spring.jpa.open-in-view is enabled by default. Therefore, database queries may be performed during view rendering. Explicitly configure spring.jpa.open-in-view to disable this warning
2024-07-03 10:44:18 - INFO [main] o.s.s.web.DefaultSecurityFilterChain - Will secure any request with [org.springframework.security.web.session.DisableEncodeUrlFilter@2dacad1d, org.springframework.security.web.context.request.async.WebAsyncManagerIntegrationFilter@15a87fbb, org.springframework.security.web.context.SecurityContextHolderFilter@2d10160a, org.springframework.security.web.header.HeaderWriterFilter@509e4d53, org.springframework.web.filter.CorsFilter@6d92bfaf, org.springframework.security.web.authentication.logout.LogoutFilter@1ae8556c, com.emprendetech.market.security.jwtToken.service.JwtAuthFilter@5f510929, org.springframework.security.web.authentication.www.BasicAuthenticationFilter@21632bf8, org.springframework.security.web.savedrequest.RequestCacheAwareFilter@4a1abba1, org.springframework.security.web.servletapi.SecurityContextHolderAwareRequestFilter@67263db7, org.springframework.security.web.authentication.AnonymousAuthenticationFilter@a23b96b, org.springframework.security.web.session.SessionManagementFilter@1a345c6c, org.springframework.security.web.access.ExceptionTranslationFilter@70799ca7, org.springframework.security.web.access.intercept.AuthorizationFilter@37227aa7]
2024-07-03 10:44:18 - INFO [main] o.s.b.w.e.tomcat.TomcatWebServer - Tomcat started on port 8080 (http) with context path ''
2024-07-03 10:44:18 - INFO [main] c.e.market.MarketApplication - Started MarketApplication in 7.703 seconds (process running for 13.4)
2024-07-03 10:44:25 - INFO [http-nio-8080-exec-1] o.a.c.c.C.[Tomcat].[localhost].[/] - Initializing Spring DispatcherServlet 'dispatcherServlet'
2024-07-03 10:44:25 - INFO [http-nio-8080-exec-1] o.s.web.servlet.DispatcherServlet - Initializing Servlet 'dispatcherServlet'
2024-07-03 10:44:25 - INFO [http-nio-8080-exec-1] o.s.web.servlet.DispatcherServlet - Completed initialization in 6 ms
2024-07-03 10:44:25 - INFO [http-nio-8080-exec-1] c.e.m.s.j.service.JwtAuthFilter - llegue a JwtAuthFilter 
2024-07-03 10:44:25 - INFO [http-nio-8080-exec-1] c.e.m.s.j.service.UserController - llegue a UserController datos NombreP1 ApellidoPP1contrasena1
2024-07-03 10:44:25 - INFO [http-nio-8080-exec-1] c.e.m.s.jwtToken.service.JwtService - llegue a JwtService 
2024-07-03 10:44:25 - INFO [http-nio-8080-exec-1] c.e.m.s.j.service.JwtAuthFilter - llegue a JwtAuthFilter responde esto org.springframework.security.web.FilterChainProxy$VirtualFilterChain@562eea33
2024-07-03 10:54:26 - INFO [RMI TCP Connection(13)-127.0.0.1] o.s.b.a.SpringApplicationAdminMXBeanRegistrar$SpringApplicationAdmin - Application shutdown requested.
2024-07-03 10:54:26 - INFO [RMI TCP Connection(13)-127.0.0.1] o.s.o.j.LocalContainerEntityManagerFactoryBean - Closing JPA EntityManagerFactory for persistence unit 'default'
2024-07-03 10:54:26 - INFO [RMI TCP Connection(13)-127.0.0.1] com.zaxxer.hikari.HikariDataSource - HikariPool-1 - Shutdown initiated...
2024-07-03 10:54:26 - INFO [RMI TCP Connection(13)-127.0.0.1] com.zaxxer.hikari.HikariDataSource - HikariPool-1 - Shutdown completed.
2024-07-03 10:54:48 - INFO [main] c.e.market.MarketApplication - Starting MarketApplication using Java 17.0.11 with PID 2515 (/Users/israeldaviddomingueztovar/Documents/workspace-spring-tool-suite-4-4.22.0.RELEASE/market/target/classes started by israeldaviddomingueztovar in /Users/israeldaviddomingueztovar/Documents/workspace-spring-tool-suite-4-4.22.0.RELEASE/market)
2024-07-03 10:54:48 - INFO [main] c.e.market.MarketApplication - No active profile set, falling back to 1 default profile: "default"
2024-07-03 10:54:49 - INFO [main] o.s.d.r.c.RepositoryConfigurationDelegate - Multiple Spring Data modules found, entering strict repository configuration mode
2024-07-03 10:54:49 - INFO [main] o.s.d.r.c.RepositoryConfigurationDelegate - Bootstrapping Spring Data JDBC repositories in DEFAULT mode.
2024-07-03 10:54:49 - INFO [main] o.s.d.r.c.RepositoryConfigurationExtensionSupport - Spring Data JDBC - Could not safely identify store assignment for repository candidate interface com.emprendetech.market.repositorys.CajaRepository; If you want this repository to be a JDBC repository, consider annotating your entities with one of these annotations: org.springframework.data.relational.core.mapping.Table.
2024-07-03 10:54:49 - INFO [main] o.s.d.r.c.RepositoryConfigurationExtensionSupport - Spring Data JDBC - Could not safely identify store assignment for repository candidate interface com.emprendetech.market.repositorys.CategoriasRepository; If you want this repository to be a JDBC repository, consider annotating your entities with one of these annotations: org.springframework.data.relational.core.mapping.Table.
2024-07-03 10:54:49 - INFO [main] o.s.d.r.c.RepositoryConfigurationExtensionSupport - Spring Data JDBC - Could not safely identify store assignment for repository candidate interface com.emprendetech.market.repositorys.ClientesRepository; If you want this repository to be a JDBC repository, consider annotating your entities with one of these annotations: org.springframework.data.relational.core.mapping.Table.
2024-07-03 10:54:49 - INFO [main] o.s.d.r.c.RepositoryConfigurationExtensionSupport - Spring Data JDBC - Could not safely identify store assignment for repository candidate interface com.emprendetech.market.repositorys.DetallespedidoRepository; If you want this repository to be a JDBC repository, consider annotating your entities with one of these annotations: org.springframework.data.relational.core.mapping.Table.
2024-07-03 10:54:49 - INFO [main] o.s.d.r.c.RepositoryConfigurationExtensionSupport - Spring Data JDBC - Could not safely identify store assignment for repository candidate interface com.emprendetech.market.repositorys.EmprendimientosRepository; If you want this repository to be a JDBC repository, consider annotating your entities with one of these annotations: org.springframework.data.relational.core.mapping.Table.
2024-07-03 10:54:49 - INFO [main] o.s.d.r.c.RepositoryConfigurationExtensionSupport - Spring Data JDBC - Could not safely identify store assignment for repository candidate interface com.emprendetech.market.repositorys.IngresosRepository; If you want this repository to be a JDBC repository, consider annotating your entities with one of these annotations: org.springframework.data.relational.core.mapping.Table.
2024-07-03 10:54:49 - INFO [main] o.s.d.r.c.RepositoryConfigurationExtensionSupport - Spring Data JDBC - Could not safely identify store assignment for repository candidate interface com.emprendetech.market.repositorys.MedidasRepository; If you want this repository to be a JDBC repository, consider annotating your entities with one of these annotations: org.springframework.data.relational.core.mapping.Table.
2024-07-03 10:54:49 - INFO [main] o.s.d.r.c.RepositoryConfigurationExtensionSupport - Spring Data JDBC - Could not safely identify store assignment for repository candidate interface com.emprendetech.market.repositorys.MetodospagoRepository; If you want this repository to be a JDBC repository, consider annotating your entities with one of these annotations: org.springframework.data.relational.core.mapping.Table.
2024-07-03 10:54:49 - INFO [main] o.s.d.r.c.RepositoryConfigurationExtensionSupport - Spring Data JDBC - Could not safely identify store assignment for repository candidate interface com.emprendetech.market.repositorys.PedidosRepository; If you want this repository to be a JDBC repository, consider annotating your entities with one of these annotations: org.springframework.data.relational.core.mapping.Table.
2024-07-03 10:54:49 - INFO [main] o.s.d.r.c.RepositoryConfigurationExtensionSupport - Spring Data JDBC - Could not safely identify store assignment for repository candidate interface com.emprendetech.market.repositorys.PerfilesRepository; If you want this repository to be a JDBC repository, consider annotating your entities with one of these annotations: org.springframework.data.relational.core.mapping.Table.
2024-07-03 10:54:49 - INFO [main] o.s.d.r.c.RepositoryConfigurationExtensionSupport - Spring Data JDBC - Could not safely identify store assignment for repository candidate interface com.emprendetech.market.repositorys.PermisosRepository; If you want this repository to be a JDBC repository, consider annotating your entities with one of these annotations: org.springframework.data.relational.core.mapping.Table.
2024-07-03 10:54:49 - INFO [main] o.s.d.r.c.RepositoryConfigurationExtensionSupport - Spring Data JDBC - Could not safely identify store assignment for repository candidate interface com.emprendetech.market.repositorys.PersonasRepository; If you want this repository to be a JDBC repository, consider annotating your entities with one of these annotations: org.springframework.data.relational.core.mapping.Table.
2024-07-03 10:54:49 - INFO [main] o.s.d.r.c.RepositoryConfigurationExtensionSupport - Spring Data JDBC - Could not safely identify store assignment for repository candidate interface com.emprendetech.market.repositorys.ProductosRepository; If you want this repository to be a JDBC repository, consider annotating your entities with one of these annotations: org.springframework.data.relational.core.mapping.Table.
2024-07-03 10:54:49 - INFO [main] o.s.d.r.c.RepositoryConfigurationExtensionSupport - Spring Data JDBC - Could not safely identify store assignment for repository candidate interface com.emprendetech.market.repositorys.ProductosunidadRepository; If you want this repository to be a JDBC repository, consider annotating your entities with one of these annotations: org.springframework.data.relational.core.mapping.Table.
2024-07-03 10:54:49 - INFO [main] o.s.d.r.c.RepositoryConfigurationExtensionSupport - Spring Data JDBC - Could not safely identify store assignment for repository candidate interface com.emprendetech.market.repositorys.RolesRepository; If you want this repository to be a JDBC repository, consider annotating your entities with one of these annotations: org.springframework.data.relational.core.mapping.Table.
2024-07-03 10:54:49 - INFO [main] o.s.d.r.c.RepositoryConfigurationExtensionSupport - Spring Data JDBC - Could not safely identify store assignment for repository candidate interface com.emprendetech.market.repositorys.RolpermisosRepository; If you want this repository to be a JDBC repository, consider annotating your entities with one of these annotations: org.springframework.data.relational.core.mapping.Table.
2024-07-03 10:54:49 - INFO [main] o.s.d.r.c.RepositoryConfigurationExtensionSupport - Spring Data JDBC - Could not safely identify store assignment for repository candidate interface com.emprendetech.market.repositorys.UsuarioRepository; If you want this repository to be a JDBC repository, consider annotating your entities with one of these annotations: org.springframework.data.relational.core.mapping.Table.
2024-07-03 10:54:49 - INFO [main] o.s.d.r.c.RepositoryConfigurationExtensionSupport - Spring Data JDBC - Could not safely identify store assignment for repository candidate interface com.emprendetech.market.repositorys.VentasRepository; If you want this repository to be a JDBC repository, consider annotating your entities with one of these annotations: org.springframework.data.relational.core.mapping.Table.
2024-07-03 10:54:49 - INFO [main] o.s.d.r.c.RepositoryConfigurationDelegate - Finished Spring Data repository scanning in 86 ms. Found 0 JDBC repository interfaces.
2024-07-03 10:54:49 - INFO [main] o.s.d.r.c.RepositoryConfigurationDelegate - Multiple Spring Data modules found, entering strict repository configuration mode
2024-07-03 10:54:49 - INFO [main] o.s.d.r.c.RepositoryConfigurationDelegate - Bootstrapping Spring Data JPA repositories in DEFAULT mode.
2024-07-03 10:54:49 - INFO [main] o.s.d.r.c.RepositoryConfigurationDelegate - Finished Spring Data repository scanning in 83 ms. Found 18 JPA repository interfaces.
2024-07-03 10:54:50 - INFO [main] o.s.b.w.e.tomcat.TomcatWebServer - Tomcat initialized with port 8080 (http)
2024-07-03 10:54:50 - INFO [main] o.a.catalina.core.StandardService - Starting service [Tomcat]
2024-07-03 10:54:50 - INFO [main] o.a.catalina.core.StandardEngine - Starting Servlet engine: [Apache Tomcat/10.1.20]
2024-07-03 10:54:50 - INFO [main] o.a.c.c.C.[Tomcat].[localhost].[/] - Initializing Spring embedded WebApplicationContext
2024-07-03 10:54:50 - INFO [main] o.s.b.w.s.c.ServletWebServerApplicationContext - Root WebApplicationContext: initialization completed in 2252 ms
2024-07-03 10:54:50 - INFO [main] o.h.jpa.internal.util.LogHelper - HHH000204: Processing PersistenceUnitInfo [name: default]
2024-07-03 10:54:51 - INFO [main] org.hibernate.Version - HHH000412: Hibernate ORM core version 6.4.4.Final
2024-07-03 10:54:51 - INFO [main] o.h.c.i.RegionFactoryInitiator - HHH000026: Second-level cache disabled
2024-07-03 10:54:51 - INFO [main] o.s.o.j.p.SpringPersistenceUnitInfo - No LoadTimeWeaver setup: ignoring JPA class transformer
2024-07-03 10:54:51 - INFO [main] com.zaxxer.hikari.HikariDataSource - HikariPool-1 - Starting...
2024-07-03 10:54:51 - INFO [main] com.zaxxer.hikari.pool.HikariPool - HikariPool-1 - Added connection com.mysql.cj.jdbc.ConnectionImpl@2bb3f39e
2024-07-03 10:54:51 - INFO [main] com.zaxxer.hikari.HikariDataSource - HikariPool-1 - Start completed.
2024-07-03 10:54:51 - WARN [main] org.hibernate.orm.deprecation - HHH90000025: MySQLDialect does not need to be specified explicitly using 'hibernate.dialect' (remove the property setting and it will be selected by default)
2024-07-03 10:54:53 - INFO [main] o.h.e.t.j.p.i.JtaPlatformInitiator - HHH000489: No JTA platform available (set 'hibernate.transaction.jta.platform' to enable JTA platform integration)
2024-07-03 10:54:53 - INFO [main] o.s.o.j.LocalContainerEntityManagerFactoryBean - Initialized JPA EntityManagerFactory for persistence unit 'default'
2024-07-03 10:54:54 - WARN [main] o.s.b.a.o.j.JpaBaseConfiguration$JpaWebConfiguration - spring.jpa.open-in-view is enabled by default. Therefore, database queries may be performed during view rendering. Explicitly configure spring.jpa.open-in-view to disable this warning
2024-07-03 10:54:54 - INFO [main] o.s.s.web.DefaultSecurityFilterChain - Will secure any request with [org.springframework.security.web.session.DisableEncodeUrlFilter@6ad2cb6d, org.springframework.security.web.context.request.async.WebAsyncManagerIntegrationFilter@4b6ad2eb, org.springframework.security.web.context.SecurityContextHolderFilter@75eca6d8, org.springframework.security.web.header.HeaderWriterFilter@505bc480, org.springframework.web.filter.CorsFilter@61868687, org.springframework.security.web.authentication.logout.LogoutFilter@46c47690, com.emprendetech.market.security.jwtToken.service.JwtAuthFilter@4f0f56f5, org.springframework.security.web.authentication.www.BasicAuthenticationFilter@3d339541, org.springframework.security.web.savedrequest.RequestCacheAwareFilter@6cb2d5ea, org.springframework.security.web.servletapi.SecurityContextHolderAwareRequestFilter@3ed1446c, org.springframework.security.web.authentication.AnonymousAuthenticationFilter@2122b4bd, org.springframework.security.web.session.SessionManagementFilter@533165e7, org.springframework.security.web.access.ExceptionTranslationFilter@282d1023, org.springframework.security.web.access.intercept.AuthorizationFilter@47184859]
2024-07-03 10:54:55 - INFO [main] o.s.b.w.e.tomcat.TomcatWebServer - Tomcat started on port 8080 (http) with context path ''
2024-07-03 10:54:55 - INFO [main] c.e.market.MarketApplication - Started MarketApplication in 7.489 seconds (process running for 13.284)
2024-07-03 10:55:02 - INFO [http-nio-8080-exec-1] o.a.c.c.C.[Tomcat].[localhost].[/] - Initializing Spring DispatcherServlet 'dispatcherServlet'
2024-07-03 10:55:02 - INFO [http-nio-8080-exec-1] o.s.web.servlet.DispatcherServlet - Initializing Servlet 'dispatcherServlet'
2024-07-03 10:55:02 - INFO [http-nio-8080-exec-1] o.s.web.servlet.DispatcherServlet - Completed initialization in 1 ms
2024-07-03 10:55:02 - INFO [http-nio-8080-exec-1] c.e.m.s.j.service.JwtAuthFilter - llegue a JwtAuthFilter 
2024-07-03 10:55:02 - INFO [http-nio-8080-exec-1] c.e.m.s.j.service.UserController - llegue a UserController datos NombreP1 ApellidoPP1contrasena1
2024-07-03 10:55:02 - INFO [http-nio-8080-exec-1] c.e.m.s.jwtToken.service.JwtService - llegue a JwtService 
2024-07-03 10:55:02 - INFO [http-nio-8080-exec-1] c.e.m.s.j.service.JwtAuthFilter - llegue a JwtAuthFilter responde esto org.springframework.security.web.FilterChainProxy$VirtualFilterChain@3e29e2a8
2024-07-03 10:57:42 - INFO [RMI TCP Connection(6)-127.0.0.1] o.s.b.a.SpringApplicationAdminMXBeanRegistrar$SpringApplicationAdmin - Application shutdown requested.
2024-07-03 10:57:42 - INFO [RMI TCP Connection(6)-127.0.0.1] o.s.o.j.LocalContainerEntityManagerFactoryBean - Closing JPA EntityManagerFactory for persistence unit 'default'
2024-07-03 10:57:42 - INFO [RMI TCP Connection(6)-127.0.0.1] com.zaxxer.hikari.HikariDataSource - HikariPool-1 - Shutdown initiated...
2024-07-03 10:57:42 - INFO [RMI TCP Connection(6)-127.0.0.1] com.zaxxer.hikari.HikariDataSource - HikariPool-1 - Shutdown completed.
2024-07-03 10:58:00 - INFO [main] c.e.market.MarketApplication - Starting MarketApplication using Java 17.0.11 with PID 2526 (/Users/israeldaviddomingueztovar/Documents/workspace-spring-tool-suite-4-4.22.0.RELEASE/market/target/classes started by israeldaviddomingueztovar in /Users/israeldaviddomingueztovar/Documents/workspace-spring-tool-suite-4-4.22.0.RELEASE/market)
2024-07-03 10:58:00 - INFO [main] c.e.market.MarketApplication - No active profile set, falling back to 1 default profile: "default"
2024-07-03 10:58:01 - INFO [main] o.s.d.r.c.RepositoryConfigurationDelegate - Multiple Spring Data modules found, entering strict repository configuration mode
2024-07-03 10:58:01 - INFO [main] o.s.d.r.c.RepositoryConfigurationDelegate - Bootstrapping Spring Data JDBC repositories in DEFAULT mode.
2024-07-03 10:58:01 - INFO [main] o.s.d.r.c.RepositoryConfigurationExtensionSupport - Spring Data JDBC - Could not safely identify store assignment for repository candidate interface com.emprendetech.market.repositorys.CajaRepository; If you want this repository to be a JDBC repository, consider annotating your entities with one of these annotations: org.springframework.data.relational.core.mapping.Table.
2024-07-03 10:58:01 - INFO [main] o.s.d.r.c.RepositoryConfigurationExtensionSupport - Spring Data JDBC - Could not safely identify store assignment for repository candidate interface com.emprendetech.market.repositorys.CategoriasRepository; If you want this repository to be a JDBC repository, consider annotating your entities with one of these annotations: org.springframework.data.relational.core.mapping.Table.
2024-07-03 10:58:01 - INFO [main] o.s.d.r.c.RepositoryConfigurationExtensionSupport - Spring Data JDBC - Could not safely identify store assignment for repository candidate interface com.emprendetech.market.repositorys.ClientesRepository; If you want this repository to be a JDBC repository, consider annotating your entities with one of these annotations: org.springframework.data.relational.core.mapping.Table.
2024-07-03 10:58:01 - INFO [main] o.s.d.r.c.RepositoryConfigurationExtensionSupport - Spring Data JDBC - Could not safely identify store assignment for repository candidate interface com.emprendetech.market.repositorys.DetallespedidoRepository; If you want this repository to be a JDBC repository, consider annotating your entities with one of these annotations: org.springframework.data.relational.core.mapping.Table.
2024-07-03 10:58:01 - INFO [main] o.s.d.r.c.RepositoryConfigurationExtensionSupport - Spring Data JDBC - Could not safely identify store assignment for repository candidate interface com.emprendetech.market.repositorys.EmprendimientosRepository; If you want this repository to be a JDBC repository, consider annotating your entities with one of these annotations: org.springframework.data.relational.core.mapping.Table.
2024-07-03 10:58:01 - INFO [main] o.s.d.r.c.RepositoryConfigurationExtensionSupport - Spring Data JDBC - Could not safely identify store assignment for repository candidate interface com.emprendetech.market.repositorys.IngresosRepository; If you want this repository to be a JDBC repository, consider annotating your entities with one of these annotations: org.springframework.data.relational.core.mapping.Table.
2024-07-03 10:58:01 - INFO [main] o.s.d.r.c.RepositoryConfigurationExtensionSupport - Spring Data JDBC - Could not safely identify store assignment for repository candidate interface com.emprendetech.market.repositorys.MedidasRepository; If you want this repository to be a JDBC repository, consider annotating your entities with one of these annotations: org.springframework.data.relational.core.mapping.Table.
2024-07-03 10:58:01 - INFO [main] o.s.d.r.c.RepositoryConfigurationExtensionSupport - Spring Data JDBC - Could not safely identify store assignment for repository candidate interface com.emprendetech.market.repositorys.MetodospagoRepository; If you want this repository to be a JDBC repository, consider annotating your entities with one of these annotations: org.springframework.data.relational.core.mapping.Table.
2024-07-03 10:58:01 - INFO [main] o.s.d.r.c.RepositoryConfigurationExtensionSupport - Spring Data JDBC - Could not safely identify store assignment for repository candidate interface com.emprendetech.market.repositorys.PedidosRepository; If you want this repository to be a JDBC repository, consider annotating your entities with one of these annotations: org.springframework.data.relational.core.mapping.Table.
2024-07-03 10:58:01 - INFO [main] o.s.d.r.c.RepositoryConfigurationExtensionSupport - Spring Data JDBC - Could not safely identify store assignment for repository candidate interface com.emprendetech.market.repositorys.PerfilesRepository; If you want this repository to be a JDBC repository, consider annotating your entities with one of these annotations: org.springframework.data.relational.core.mapping.Table.
2024-07-03 10:58:01 - INFO [main] o.s.d.r.c.RepositoryConfigurationExtensionSupport - Spring Data JDBC - Could not safely identify store assignment for repository candidate interface com.emprendetech.market.repositorys.PermisosRepository; If you want this repository to be a JDBC repository, consider annotating your entities with one of these annotations: org.springframework.data.relational.core.mapping.Table.
2024-07-03 10:58:01 - INFO [main] o.s.d.r.c.RepositoryConfigurationExtensionSupport - Spring Data JDBC - Could not safely identify store assignment for repository candidate interface com.emprendetech.market.repositorys.PersonasRepository; If you want this repository to be a JDBC repository, consider annotating your entities with one of these annotations: org.springframework.data.relational.core.mapping.Table.
2024-07-03 10:58:01 - INFO [main] o.s.d.r.c.RepositoryConfigurationExtensionSupport - Spring Data JDBC - Could not safely identify store assignment for repository candidate interface com.emprendetech.market.repositorys.ProductosRepository; If you want this repository to be a JDBC repository, consider annotating your entities with one of these annotations: org.springframework.data.relational.core.mapping.Table.
2024-07-03 10:58:01 - INFO [main] o.s.d.r.c.RepositoryConfigurationExtensionSupport - Spring Data JDBC - Could not safely identify store assignment for repository candidate interface com.emprendetech.market.repositorys.ProductosunidadRepository; If you want this repository to be a JDBC repository, consider annotating your entities with one of these annotations: org.springframework.data.relational.core.mapping.Table.
2024-07-03 10:58:01 - INFO [main] o.s.d.r.c.RepositoryConfigurationExtensionSupport - Spring Data JDBC - Could not safely identify store assignment for repository candidate interface com.emprendetech.market.repositorys.RolesRepository; If you want this repository to be a JDBC repository, consider annotating your entities with one of these annotations: org.springframework.data.relational.core.mapping.Table.
2024-07-03 10:58:01 - INFO [main] o.s.d.r.c.RepositoryConfigurationExtensionSupport - Spring Data JDBC - Could not safely identify store assignment for repository candidate interface com.emprendetech.market.repositorys.RolpermisosRepository; If you want this repository to be a JDBC repository, consider annotating your entities with one of these annotations: org.springframework.data.relational.core.mapping.Table.
2024-07-03 10:58:01 - INFO [main] o.s.d.r.c.RepositoryConfigurationExtensionSupport - Spring Data JDBC - Could not safely identify store assignment for repository candidate interface com.emprendetech.market.repositorys.UsuarioRepository; If you want this repository to be a JDBC repository, consider annotating your entities with one of these annotations: org.springframework.data.relational.core.mapping.Table.
2024-07-03 10:58:01 - INFO [main] o.s.d.r.c.RepositoryConfigurationExtensionSupport - Spring Data JDBC - Could not safely identify store assignment for repository candidate interface com.emprendetech.market.repositorys.VentasRepository; If you want this repository to be a JDBC repository, consider annotating your entities with one of these annotations: org.springframework.data.relational.core.mapping.Table.
2024-07-03 10:58:01 - INFO [main] o.s.d.r.c.RepositoryConfigurationDelegate - Finished Spring Data repository scanning in 89 ms. Found 0 JDBC repository interfaces.
2024-07-03 10:58:01 - INFO [main] o.s.d.r.c.RepositoryConfigurationDelegate - Multiple Spring Data modules found, entering strict repository configuration mode
2024-07-03 10:58:01 - INFO [main] o.s.d.r.c.RepositoryConfigurationDelegate - Bootstrapping Spring Data JPA repositories in DEFAULT mode.
2024-07-03 10:58:02 - INFO [main] o.s.d.r.c.RepositoryConfigurationDelegate - Finished Spring Data repository scanning in 84 ms. Found 18 JPA repository interfaces.
2024-07-03 10:58:02 - INFO [main] o.s.b.w.e.tomcat.TomcatWebServer - Tomcat initialized with port 8080 (http)
2024-07-03 10:58:02 - INFO [main] o.a.catalina.core.StandardService - Starting service [Tomcat]
2024-07-03 10:58:02 - INFO [main] o.a.catalina.core.StandardEngine - Starting Servlet engine: [Apache Tomcat/10.1.20]
2024-07-03 10:58:02 - INFO [main] o.a.c.c.C.[Tomcat].[localhost].[/] - Initializing Spring embedded WebApplicationContext
2024-07-03 10:58:02 - INFO [main] o.s.b.w.s.c.ServletWebServerApplicationContext - Root WebApplicationContext: initialization completed in 2249 ms
2024-07-03 10:58:03 - INFO [main] o.h.jpa.internal.util.LogHelper - HHH000204: Processing PersistenceUnitInfo [name: default]
2024-07-03 10:58:03 - INFO [main] org.hibernate.Version - HHH000412: Hibernate ORM core version 6.4.4.Final
2024-07-03 10:58:03 - INFO [main] o.h.c.i.RegionFactoryInitiator - HHH000026: Second-level cache disabled
2024-07-03 10:58:03 - INFO [main] o.s.o.j.p.SpringPersistenceUnitInfo - No LoadTimeWeaver setup: ignoring JPA class transformer
2024-07-03 10:58:03 - INFO [main] com.zaxxer.hikari.HikariDataSource - HikariPool-1 - Starting...
2024-07-03 10:58:03 - INFO [main] com.zaxxer.hikari.pool.HikariPool - HikariPool-1 - Added connection com.mysql.cj.jdbc.ConnectionImpl@dbc7e0a
2024-07-03 10:58:03 - INFO [main] com.zaxxer.hikari.HikariDataSource - HikariPool-1 - Start completed.
2024-07-03 10:58:03 - WARN [main] org.hibernate.orm.deprecation - HHH90000025: MySQLDialect does not need to be specified explicitly using 'hibernate.dialect' (remove the property setting and it will be selected by default)
2024-07-03 10:58:05 - INFO [main] o.h.e.t.j.p.i.JtaPlatformInitiator - HHH000489: No JTA platform available (set 'hibernate.transaction.jta.platform' to enable JTA platform integration)
2024-07-03 10:58:05 - INFO [main] o.s.o.j.LocalContainerEntityManagerFactoryBean - Initialized JPA EntityManagerFactory for persistence unit 'default'
2024-07-03 10:58:06 - WARN [main] o.s.b.a.o.j.JpaBaseConfiguration$JpaWebConfiguration - spring.jpa.open-in-view is enabled by default. Therefore, database queries may be performed during view rendering. Explicitly configure spring.jpa.open-in-view to disable this warning
2024-07-03 10:58:06 - INFO [main] o.s.s.web.DefaultSecurityFilterChain - Will secure any request with [org.springframework.security.web.session.DisableEncodeUrlFilter@3f7b15bb, org.springframework.security.web.context.request.async.WebAsyncManagerIntegrationFilter@2dacad1d, org.springframework.security.web.context.SecurityContextHolderFilter@17a756db, org.springframework.security.web.header.HeaderWriterFilter@690113f0, org.springframework.web.filter.CorsFilter@15a87fbb, org.springframework.security.web.authentication.logout.LogoutFilter@5f7dbdfa, com.emprendetech.market.security.jwtToken.service.JwtAuthFilter@1d9cac6e, org.springframework.security.web.authentication.www.BasicAuthenticationFilter@15d0f2a3, org.springframework.security.web.savedrequest.RequestCacheAwareFilter@157ff8f8, org.springframework.security.web.servletapi.SecurityContextHolderAwareRequestFilter@4a1abba1, org.springframework.security.web.authentication.AnonymousAuthenticationFilter@6d92bfaf, org.springframework.security.web.session.SessionManagementFilter@2e729fea, org.springframework.security.web.access.ExceptionTranslationFilter@624baf71, org.springframework.security.web.access.intercept.AuthorizationFilter@30b5f974]
2024-07-03 10:58:07 - INFO [main] o.s.b.w.e.tomcat.TomcatWebServer - Tomcat started on port 8080 (http) with context path ''
2024-07-03 10:58:07 - INFO [main] c.e.market.MarketApplication - Started MarketApplication in 7.463 seconds (process running for 13.23)
2024-07-03 10:58:19 - INFO [http-nio-8080-exec-2] o.a.c.c.C.[Tomcat].[localhost].[/] - Initializing Spring DispatcherServlet 'dispatcherServlet'
2024-07-03 10:58:19 - INFO [http-nio-8080-exec-2] o.s.web.servlet.DispatcherServlet - Initializing Servlet 'dispatcherServlet'
2024-07-03 10:58:19 - INFO [http-nio-8080-exec-2] o.s.web.servlet.DispatcherServlet - Completed initialization in 2 ms
2024-07-03 10:58:19 - INFO [http-nio-8080-exec-2] c.e.m.s.j.service.JwtAuthFilter - llegue a JwtAuthFilter 
2024-07-03 10:58:19 - INFO [http-nio-8080-exec-2] c.e.m.s.j.service.UserController - llegue a UserController datos NombreP1 ApellidoPP1contrasena1
2024-07-03 10:58:19 - INFO [http-nio-8080-exec-2] c.e.m.s.jwtToken.service.JwtService - llegue a JwtService 
2024-07-03 10:58:19 - INFO [http-nio-8080-exec-2] c.e.m.s.j.service.JwtAuthFilter - llegue a JwtAuthFilter responde esto org.springframework.security.web.FilterChainProxy$VirtualFilterChain@7aae65a3
2024-07-03 10:58:39 - INFO [http-nio-8080-exec-3] c.e.m.s.j.service.JwtAuthFilter - llegue a JwtAuthFilter 
2024-07-03 10:58:39 - INFO [http-nio-8080-exec-3] c.e.m.s.j.service.UserInfoService - llegue a UserInfoService 
2024-07-03 10:58:40 - INFO [http-nio-8080-exec-3] c.e.m.s.j.service.UserInfoDetails - llegue a UserInfoDetails 
2024-07-03 10:58:40 - INFO [http-nio-8080-exec-3] c.e.m.s.f.i.PlataformaVentaPedidoImpl - get VentaDetalleventa -  get VentaDetalleventa() Method
2024-07-03 10:58:40 - INFO [http-nio-8080-exec-3] c.e.m.s.j.service.JwtAuthFilter - llegue a JwtAuthFilter responde esto org.springframework.security.web.FilterChainProxy$VirtualFilterChain@45873dc0
2024-07-03 10:58:44 - INFO [http-nio-8080-exec-4] c.e.m.s.j.service.JwtAuthFilter - llegue a JwtAuthFilter 
2024-07-03 10:58:44 - ERROR [http-nio-8080-exec-4] o.a.c.c.C.[.[.[.[dispatcherServlet] - Servlet.service() for servlet [dispatcherServlet] in context with path [] threw exception
io.jsonwebtoken.MalformedJwtException: JWT string has a digest/signature, but the header does not reference a valid signature algorithm.
	at io.jsonwebtoken.impl.DefaultJwtParser.parse(DefaultJwtParser.java:336)
	at io.jsonwebtoken.impl.DefaultJwtParser.parse(DefaultJwtParser.java:529)
	at io.jsonwebtoken.impl.DefaultJwtParser.parseClaimsJws(DefaultJwtParser.java:589)
	at io.jsonwebtoken.impl.ImmutableJwtParser.parseClaimsJws(ImmutableJwtParser.java:173)
	at com.emprendetech.market.security.jwtToken.service.JwtService.extractAllClaims(JwtService.java:72)
	at com.emprendetech.market.security.jwtToken.service.JwtService.extractClaim(JwtService.java:63)
	at com.emprendetech.market.security.jwtToken.service.JwtService.extractUsername(JwtService.java:53)
	at com.emprendetech.market.security.jwtToken.service.JwtAuthFilter.doFilterInternal(JwtAuthFilter.java:44)
	at org.springframework.web.filter.OncePerRequestFilter.doFilter(OncePerRequestFilter.java:116)
	at org.springframework.security.web.FilterChainProxy$VirtualFilterChain.doFilter(FilterChainProxy.java:374)
	at org.springframework.security.web.authentication.logout.LogoutFilter.doFilter(LogoutFilter.java:107)
	at org.springframework.security.web.authentication.logout.LogoutFilter.doFilter(LogoutFilter.java:93)
	at org.springframework.security.web.FilterChainProxy$VirtualFilterChain.doFilter(FilterChainProxy.java:374)
	at org.springframework.web.filter.CorsFilter.doFilterInternal(CorsFilter.java:91)
	at org.springframework.web.filter.OncePerRequestFilter.doFilter(OncePerRequestFilter.java:116)
	at org.springframework.security.web.FilterChainProxy$VirtualFilterChain.doFilter(FilterChainProxy.java:374)
	at org.springframework.security.web.header.HeaderWriterFilter.doHeadersAfter(HeaderWriterFilter.java:90)
	at org.springframework.security.web.header.HeaderWriterFilter.doFilterInternal(HeaderWriterFilter.java:75)
	at org.springframework.web.filter.OncePerRequestFilter.doFilter(OncePerRequestFilter.java:116)
	at org.springframework.security.web.FilterChainProxy$VirtualFilterChain.doFilter(FilterChainProxy.java:374)
	at org.springframework.security.web.context.SecurityContextHolderFilter.doFilter(SecurityContextHolderFilter.java:82)
	at org.springframework.security.web.context.SecurityContextHolderFilter.doFilter(SecurityContextHolderFilter.java:69)
	at org.springframework.security.web.FilterChainProxy$VirtualFilterChain.doFilter(FilterChainProxy.java:374)
	at org.springframework.security.web.context.request.async.WebAsyncManagerIntegrationFilter.doFilterInternal(WebAsyncManagerIntegrationFilter.java:62)
	at org.springframework.web.filter.OncePerRequestFilter.doFilter(OncePerRequestFilter.java:116)
	at org.springframework.security.web.FilterChainProxy$VirtualFilterChain.doFilter(FilterChainProxy.java:374)
	at org.springframework.security.web.session.DisableEncodeUrlFilter.doFilterInternal(DisableEncodeUrlFilter.java:42)
	at org.springframework.web.filter.OncePerRequestFilter.doFilter(OncePerRequestFilter.java:116)
	at org.springframework.security.web.FilterChainProxy$VirtualFilterChain.doFilter(FilterChainProxy.java:374)
	at org.springframework.security.web.FilterChainProxy.doFilterInternal(FilterChainProxy.java:233)
	at org.springframework.security.web.FilterChainProxy.doFilter(FilterChainProxy.java:191)
	at org.springframework.web.filter.CompositeFilter$VirtualFilterChain.doFilter(CompositeFilter.java:113)
	at org.springframework.web.servlet.handler.HandlerMappingIntrospector.lambda$createCacheFilter$3(HandlerMappingIntrospector.java:195)
	at org.springframework.web.filter.CompositeFilter$VirtualFilterChain.doFilter(CompositeFilter.java:113)
	at org.springframework.web.filter.CompositeFilter.doFilter(CompositeFilter.java:74)
	at org.springframework.security.config.annotation.web.configuration.WebMvcSecurityConfiguration$CompositeFilterChainProxy.doFilter(WebMvcSecurityConfiguration.java:230)
	at org.springframework.web.filter.DelegatingFilterProxy.invokeDelegate(DelegatingFilterProxy.java:352)
	at org.springframework.web.filter.DelegatingFilterProxy.doFilter(DelegatingFilterProxy.java:268)
	at org.apache.catalina.core.ApplicationFilterChain.internalDoFilter(ApplicationFilterChain.java:175)
	at org.apache.catalina.core.ApplicationFilterChain.doFilter(ApplicationFilterChain.java:150)
	at org.springframework.web.filter.RequestContextFilter.doFilterInternal(RequestContextFilter.java:100)
	at org.springframework.web.filter.OncePerRequestFilter.doFilter(OncePerRequestFilter.java:116)
	at org.apache.catalina.core.ApplicationFilterChain.internalDoFilter(ApplicationFilterChain.java:175)
	at org.apache.catalina.core.ApplicationFilterChain.doFilter(ApplicationFilterChain.java:150)
	at org.springframework.web.filter.FormContentFilter.doFilterInternal(FormContentFilter.java:93)
	at org.springframework.web.filter.OncePerRequestFilter.doFilter(OncePerRequestFilter.java:116)
	at org.apache.catalina.core.ApplicationFilterChain.internalDoFilter(ApplicationFilterChain.java:175)
	at org.apache.catalina.core.ApplicationFilterChain.doFilter(ApplicationFilterChain.java:150)
	at org.springframework.web.filter.CharacterEncodingFilter.doFilterInternal(CharacterEncodingFilter.java:201)
	at org.springframework.web.filter.OncePerRequestFilter.doFilter(OncePerRequestFilter.java:116)
	at org.apache.catalina.core.ApplicationFilterChain.internalDoFilter(ApplicationFilterChain.java:175)
	at org.apache.catalina.core.ApplicationFilterChain.doFilter(ApplicationFilterChain.java:150)
	at org.apache.catalina.core.StandardWrapperValve.invoke(StandardWrapperValve.java:167)
	at org.apache.catalina.core.StandardContextValve.invoke(StandardContextValve.java:90)
	at org.apache.catalina.authenticator.AuthenticatorBase.invoke(AuthenticatorBase.java:482)
	at org.apache.catalina.core.StandardHostValve.invoke(StandardHostValve.java:115)
	at org.apache.catalina.valves.ErrorReportValve.invoke(ErrorReportValve.java:93)
	at org.apache.catalina.core.StandardEngineValve.invoke(StandardEngineValve.java:74)
	at org.apache.catalina.connector.CoyoteAdapter.service(CoyoteAdapter.java:344)
	at org.apache.coyote.http11.Http11Processor.service(Http11Processor.java:391)
	at org.apache.coyote.AbstractProcessorLight.process(AbstractProcessorLight.java:63)
	at org.apache.coyote.AbstractProtocol$ConnectionHandler.process(AbstractProtocol.java:896)
	at org.apache.tomcat.util.net.NioEndpoint$SocketProcessor.doRun(NioEndpoint.java:1736)
	at org.apache.tomcat.util.net.SocketProcessorBase.run(SocketProcessorBase.java:52)
	at org.apache.tomcat.util.threads.ThreadPoolExecutor.runWorker(ThreadPoolExecutor.java:1191)
	at org.apache.tomcat.util.threads.ThreadPoolExecutor$Worker.run(ThreadPoolExecutor.java:659)
	at org.apache.tomcat.util.threads.TaskThread$WrappingRunnable.run(TaskThread.java:63)
	at java.base/java.lang.Thread.run(Thread.java:840)
2024-07-03 10:59:05 - INFO [http-nio-8080-exec-5] c.e.m.s.j.service.JwtAuthFilter - llegue a JwtAuthFilter 
2024-07-03 10:59:05 - INFO [http-nio-8080-exec-5] c.e.m.s.j.service.JwtAuthFilter - llegue a JwtAuthFilter responde esto org.springframework.security.web.FilterChainProxy$VirtualFilterChain@3b5feba7
2024-07-03 10:59:06 - INFO [http-nio-8080-exec-6] c.e.m.s.j.service.JwtAuthFilter - llegue a JwtAuthFilter 
2024-07-03 10:59:06 - INFO [http-nio-8080-exec-6] c.e.m.s.j.service.JwtAuthFilter - llegue a JwtAuthFilter responde esto org.springframework.security.web.FilterChainProxy$VirtualFilterChain@61452a73
2024-07-03 10:59:40 - INFO [http-nio-8080-exec-7] c.e.m.s.j.service.JwtAuthFilter - llegue a JwtAuthFilter 
2024-07-03 10:59:40 - INFO [http-nio-8080-exec-7] c.e.m.s.j.service.UserController - llegue a UserController datos NombreP1 ApellidoPP1contrasena1
2024-07-03 10:59:40 - INFO [http-nio-8080-exec-7] c.e.m.s.jwtToken.service.JwtService - llegue a JwtService 
2024-07-03 10:59:40 - INFO [http-nio-8080-exec-7] c.e.m.s.j.service.JwtAuthFilter - llegue a JwtAuthFilter responde esto org.springframework.security.web.FilterChainProxy$VirtualFilterChain@752126b7
2024-07-03 10:59:47 - INFO [RMI TCP Connection(5)-127.0.0.1] o.s.b.a.SpringApplicationAdminMXBeanRegistrar$SpringApplicationAdmin - Application shutdown requested.
2024-07-03 10:59:48 - INFO [RMI TCP Connection(5)-127.0.0.1] o.s.o.j.LocalContainerEntityManagerFactoryBean - Closing JPA EntityManagerFactory for persistence unit 'default'
2024-07-03 10:59:48 - INFO [RMI TCP Connection(5)-127.0.0.1] com.zaxxer.hikari.HikariDataSource - HikariPool-1 - Shutdown initiated...
2024-07-03 10:59:48 - INFO [RMI TCP Connection(5)-127.0.0.1] com.zaxxer.hikari.HikariDataSource - HikariPool-1 - Shutdown completed.
